"rt","stimulus","key_press","trial_type","trial_index","time_elapsed","internal_node_id","exp_id","Time","year","month","date","hour","minute","seconds","id","Activity","MentalActivity","HeartRate","age","Gender","Handedness","mood","fresh","hunger","H_since_Sleep","H_since_Eat","responses","question_order","slider_start","response"
"null","<p>Welcome to this 1 min. survey on daily rhythms, body and mood.</p><p>You will be asked to report your heart-rate</p><p>and given some questions about yourself.</p><p>Take the test when prompted and/or at different times of the day/night.</p><p>Please make a personal ID (three letters+ two numbers, e.g. ept23).</p><p>Write it down and use this ID whenever taking the test.</p>","null","html-keyboard-response","0","10007","0.0-0.0","ndcqs7","Thu Nov 03 2022 08:03:43 GMT+0100 (CET)","2022","11","3","8","3","43","pid10","Sleeping, Resting","Unsymbolized thinking","48","23","female","right","39","50","33","0","13","","","",""
"17357","","","survey-text","1","27374","0.0-1.0","ndcqs7","Thu Nov 03 2022 08:03:43 GMT+0100 (CET)","2022","11","3","8","3","43","pid10","Sleeping, Resting","Unsymbolized thinking","48","23","female","right","39","50","33","0","13","{""Q0"":""pid10""}","","",""
"9009.999999999996","","","survey-multi-choice","2","36388","0.0-2.0","ndcqs7","Thu Nov 03 2022 08:03:43 GMT+0100 (CET)","2022","11","3","8","3","43","pid10","Sleeping, Resting","Unsymbolized thinking","48","23","female","right","39","50","33","0","13","{""Activity"":""Sleeping, Resting""}","[0]","",""
"8585.000000000007","","","survey-multi-choice","3","44976","0.0-3.0","ndcqs7","Thu Nov 03 2022 08:03:43 GMT+0100 (CET)","2022","11","3","8","3","43","pid10","Sleeping, Resting","Unsymbolized thinking","48","23","female","right","39","50","33","0","13","{""MentalActivity"":""Unsymbolized thinking""}","[0]","",""
"4934","","","survey-multi-choice","4","49917","0.0-4.0","ndcqs7","Thu Nov 03 2022 08:03:43 GMT+0100 (CET)","2022","11","3","8","3","43","pid10","Sleeping, Resting","Unsymbolized thinking","48","23","female","right","39","50","33","0","13","{""HeartRate"":""48""}","[0]","",""
"4646","","","survey-text","5","54571","0.0-5.0","ndcqs7","Thu Nov 03 2022 08:03:43 GMT+0100 (CET)","2022","11","3","8","3","43","pid10","Sleeping, Resting","Unsymbolized thinking","48","23","female","right","39","50","33","0","13","{""Q0"":""23""}","","",""
"3018.0000000000073","","","survey-multi-choice","6","57592","0.0-6.0","ndcqs7","Thu Nov 03 2022 08:03:43 GMT+0100 (CET)","2022","11","3","8","3","43","pid10","Sleeping, Resting","Unsymbolized thinking","48","23","female","right","39","50","33","0","13","{""Gender"":""female"",""Hand"":""right""}","[0,1]","",""
"8120","<p>How Sad/Angry or Happy are you right now?</p>","","html-slider-response","7","65717","0.0-7.0","ndcqs7","Thu Nov 03 2022 08:03:43 GMT+0100 (CET)","2022","11","3","8","3","43","pid10","Sleeping, Resting","Unsymbolized thinking","48","23","female","right","39","50","33","0","13","","","50","39"
"7933","<p>How Tired/Sleepy/Distracted or Fresh/Awake/Alert are you right now?</p>","","html-slider-response","8","73653","0.0-8.0","ndcqs7","Thu Nov 03 2022 08:03:43 GMT+0100 (CET)","2022","11","3","8","3","43","pid10","Sleeping, Resting","Unsymbolized thinking","48","23","female","right","39","50","33","0","13","","","50","50"
"9158","<p>How Hungry or Satiated are you right now?</p>","","html-slider-response","9","82813","0.0-9.0","ndcqs7","Thu Nov 03 2022 08:03:43 GMT+0100 (CET)","2022","11","3","8","3","43","pid10","Sleeping, Resting","Unsymbolized thinking","48","23","female","right","39","50","33","0","13","","","50","33"
"14556","","","survey-multi-choice","10","97375","0.0-10.0","ndcqs7","Thu Nov 03 2022 08:03:43 GMT+0100 (CET)","2022","11","3","8","3","43","pid10","Sleeping, Resting","Unsymbolized thinking","48","23","female","right","39","50","33","0","13","{""Sleep"":""0"",""Eat"":""13""}","[0,1]","",""
