"rt","stimulus","key_press","trial_type","trial_index","time_elapsed","internal_node_id","exp_id","Time","year","month","date","hour","minute","seconds","id","HeartRate","age","Gender","Handedness","mood","fresh","hunger","H_since_Sleep","H_since_Eat","Activity","MentalActivity","responses","question_order","slider_start","response"
"null","<p>Welcome to this 1 min. survey on daily rhythms, body and mood.</p><p>You will be asked to report your heart-rate</p><p>and given some questions about yourself.</p><p>Take the test when prompted and/or at different times of the day/night.</p><p>Please make a personal ID (three letters+ two numbers, e.g. ept23).</p><p>Write it down and use this ID whenever taking the test.</p>","null","html-keyboard-response","0","10020","0.0-0.0","u6dvg6","Thu Sep 08 2022 16:37:50 GMT+0200 (Centraleuropæisk sommertid)","2022","9","8","16","37","50","ESG44","72","25","female","right","80","68","70","9","0","Working, Studying","Sensory awareness","","","",""
"21124.89999999851","","","survey-text","1","31159","0.0-1.0","u6dvg6","Thu Sep 08 2022 16:37:50 GMT+0200 (Centraleuropæisk sommertid)","2022","9","8","16","37","50","ESG44","72","25","female","right","80","68","70","9","0","Working, Studying","Sensory awareness","{""Q0"":""ESG44""}","","",""
"19077.199999999255","","","survey-multi-choice","2","50245","0.0-2.0","u6dvg6","Thu Sep 08 2022 16:37:50 GMT+0200 (Centraleuropæisk sommertid)","2022","9","8","16","37","50","ESG44","72","25","female","right","80","68","70","9","0","Working, Studying","Sensory awareness","{""HeartRate"":""72""}","[0]","",""
"2771.699999999255","","","survey-text","3","53033","0.0-3.0","u6dvg6","Thu Sep 08 2022 16:37:50 GMT+0200 (Centraleuropæisk sommertid)","2022","9","8","16","37","50","ESG44","72","25","female","right","80","68","70","9","0","Working, Studying","Sensory awareness","{""Q0"":""25""}","","",""
"5829","","","survey-multi-choice","4","58865","0.0-4.0","u6dvg6","Thu Sep 08 2022 16:37:50 GMT+0200 (Centraleuropæisk sommertid)","2022","9","8","16","37","50","ESG44","72","25","female","right","80","68","70","9","0","Working, Studying","Sensory awareness","{""Gender"":""female"",""Hand"":""right""}","[0,1]","",""
"3434.5","<p>How Sad/Angry or Happy are you right now?</p>","","html-slider-response","5","62311","0.0-5.0","u6dvg6","Thu Sep 08 2022 16:37:50 GMT+0200 (Centraleuropæisk sommertid)","2022","9","8","16","37","50","ESG44","72","25","female","right","80","68","70","9","0","Working, Studying","Sensory awareness","","","50","80"
"6297.800000000745","<p>How Tired/Sleepy/Distracted or Fresh/Awake/Alert are you right now?</p>","","html-slider-response","6","68611","0.0-6.0","u6dvg6","Thu Sep 08 2022 16:37:50 GMT+0200 (Centraleuropæisk sommertid)","2022","9","8","16","37","50","ESG44","72","25","female","right","80","68","70","9","0","Working, Studying","Sensory awareness","","","50","68"
"9515.39999999851","<p>How Hungry or Satiated are you right now?</p>","","html-slider-response","7","78128","0.0-7.0","u6dvg6","Thu Sep 08 2022 16:37:50 GMT+0200 (Centraleuropæisk sommertid)","2022","9","8","16","37","50","ESG44","72","25","female","right","80","68","70","9","0","Working, Studying","Sensory awareness","","","50","70"
"19572.199999999255","","","survey-multi-choice","8","97705","0.0-8.0","u6dvg6","Thu Sep 08 2022 16:37:50 GMT+0200 (Centraleuropæisk sommertid)","2022","9","8","16","37","50","ESG44","72","25","female","right","80","68","70","9","0","Working, Studying","Sensory awareness","{""Sleep"":""9"",""Eat"":""0""}","[0,1]","",""
"5769.199999999255","","","survey-multi-choice","9","103486","0.0-9.0","u6dvg6","Thu Sep 08 2022 16:37:50 GMT+0200 (Centraleuropæisk sommertid)","2022","9","8","16","37","50","ESG44","72","25","female","right","80","68","70","9","0","Working, Studying","Sensory awareness","{""Activity"":""Working, Studying""}","[0]","",""
"23000.699999999255","","","survey-multi-choice","10","126505","0.0-10.0","u6dvg6","Thu Sep 08 2022 16:37:50 GMT+0200 (Centraleuropæisk sommertid)","2022","9","8","16","37","50","ESG44","72","25","female","right","80","68","70","9","0","Working, Studying","Sensory awareness","{""MentalActivity"":""Sensory awareness""}","[0]","",""
