"rt","stimulus","key_press","trial_type","trial_index","time_elapsed","internal_node_id","exp_id","Time","year","month","date","hour","minute","seconds","id","HeartRate","age","Gender","Handedness","mood","fresh","hunger","H_since_Sleep","H_since_Eat","Activity","MentalActivity","responses","question_order","slider_start","response"
"null","<p>Welcome to this 1 min. survey on daily rhythms, body and mood.</p><p>You will be asked to report your heart-rate</p><p>and given some questions about yourself.</p><p>Take the test when prompted and/or at different times of the day/night.</p><p>Please make a personal ID (three letters+ two numbers, e.g. ept23).</p><p>Write it down and use this ID whenever taking the test.</p>","null","html-keyboard-response","0","11130","0.0-0.0","yu20f7","Thu Sep 08 2022 16:32:20 GMT+0200 (Central European Summer Time)","2022","9","8","16","32","20","pol12","54","25","female","right","74","65","23","0","3","Working, Studying","Inner seeing","","","",""
"199524","","","survey-text","1","210657","0.0-1.0","yu20f7","Thu Sep 08 2022 16:32:20 GMT+0200 (Central European Summer Time)","2022","9","8","16","32","20","pol12","54","25","female","right","74","65","23","0","3","Working, Studying","Inner seeing","{""Q0"":""pol12""}","","",""
"9854.300000011921","","","survey-multi-choice","2","220517","0.0-2.0","yu20f7","Thu Sep 08 2022 16:32:20 GMT+0200 (Central European Summer Time)","2022","9","8","16","32","20","pol12","54","25","female","right","74","65","23","0","3","Working, Studying","Inner seeing","{""HeartRate"":""54""}","[0]","",""
"3926","","","survey-text","3","224450","0.0-3.0","yu20f7","Thu Sep 08 2022 16:32:20 GMT+0200 (Central European Summer Time)","2022","9","8","16","32","20","pol12","54","25","female","right","74","65","23","0","3","Working, Studying","Inner seeing","{""Q0"":""25""}","","",""
"4444","","","survey-multi-choice","4","228896","0.0-4.0","yu20f7","Thu Sep 08 2022 16:32:20 GMT+0200 (Central European Summer Time)","2022","9","8","16","32","20","pol12","54","25","female","right","74","65","23","0","3","Working, Studying","Inner seeing","{""Gender"":""female"",""Hand"":""right""}","[0,1]","",""
"4712.4000000059605","<p>How Sad/Angry or Happy are you right now?</p>","","html-slider-response","5","233615","0.0-5.0","yu20f7","Thu Sep 08 2022 16:32:20 GMT+0200 (Central European Summer Time)","2022","9","8","16","32","20","pol12","54","25","female","right","74","65","23","0","3","Working, Studying","Inner seeing","","","50","74"
"7065.199999988079","<p>How Tired/Sleepy/Distracted or Fresh/Awake/Alert are you right now?</p>","","html-slider-response","6","240682","0.0-6.0","yu20f7","Thu Sep 08 2022 16:32:20 GMT+0200 (Central European Summer Time)","2022","9","8","16","32","20","pol12","54","25","female","right","74","65","23","0","3","Working, Studying","Inner seeing","","","50","65"
"8196.799999982119","<p>How Hungry or Satiated are you right now?</p>","","html-slider-response","7","248880","0.0-7.0","yu20f7","Thu Sep 08 2022 16:32:20 GMT+0200 (Central European Summer Time)","2022","9","8","16","32","20","pol12","54","25","female","right","74","65","23","0","3","Working, Studying","Inner seeing","","","50","23"
"29048.69999998808","","","survey-multi-choice","8","277932","0.0-8.0","yu20f7","Thu Sep 08 2022 16:32:20 GMT+0200 (Central European Summer Time)","2022","9","8","16","32","20","pol12","54","25","female","right","74","65","23","0","3","Working, Studying","Inner seeing","{""Sleep"":""0"",""Eat"":""3""}","[0,1]","",""
"11192.59999999404","","","survey-multi-choice","9","289131","0.0-9.0","yu20f7","Thu Sep 08 2022 16:32:20 GMT+0200 (Central European Summer Time)","2022","9","8","16","32","20","pol12","54","25","female","right","74","65","23","0","3","Working, Studying","Inner seeing","{""Activity"":""Working, Studying""}","[0]","",""
"15175.199999988079","","","survey-multi-choice","10","304314","0.0-10.0","yu20f7","Thu Sep 08 2022 16:32:20 GMT+0200 (Central European Summer Time)","2022","9","8","16","32","20","pol12","54","25","female","right","74","65","23","0","3","Working, Studying","Inner seeing","{""MentalActivity"":""Inner seeing""}","[0]","",""
