"rt","stimulus","key_press","trial_type","trial_index","time_elapsed","internal_node_id","exp_id","Time","year","month","date","hour","minute","seconds","id","Activity","MentalActivity","HeartRate","age","Gender","Handedness","mood","fresh","hunger","H_since_Sleep","H_since_Eat","responses","question_order","slider_start","response"
"null","<p>Welcome to this 1 min. survey on daily rhythms, body and mood.</p><p>You will be asked to report your heart-rate</p><p>and given some questions about yourself.</p><p>Take the test when prompted and/or at different times of the day/night.</p><p>Please make a personal ID (three letters+ two numbers, e.g. ept23).</p><p>Write it down and use this ID whenever taking the test.</p>","null","html-keyboard-response","0","10011","0.0-0.0","tnx348","Thu Oct 27 2022 09:24:32 GMT+0200 (Centraleuropæisk sommertid)","2022","10","27","9","24","32","kau00","Sleeping, Resting","Inner voice","75","23","female","right","66","30","24","0","14","","","",""
"7882","","","survey-text","1","17926","0.0-1.0","tnx348","Thu Oct 27 2022 09:24:32 GMT+0200 (Centraleuropæisk sommertid)","2022","10","27","9","24","32","kau00","Sleeping, Resting","Inner voice","75","23","female","right","66","30","24","0","14","{""Q0"":""kau00""}","","",""
"4385","","","survey-multi-choice","2","22316","0.0-2.0","tnx348","Thu Oct 27 2022 09:24:32 GMT+0200 (Centraleuropæisk sommertid)","2022","10","27","9","24","32","kau00","Sleeping, Resting","Inner voice","75","23","female","right","66","30","24","0","14","{""Activity"":""Sleeping, Resting""}","[0]","",""
"3253","","","survey-multi-choice","3","25572","0.0-3.0","tnx348","Thu Oct 27 2022 09:24:32 GMT+0200 (Centraleuropæisk sommertid)","2022","10","27","9","24","32","kau00","Sleeping, Resting","Inner voice","75","23","female","right","66","30","24","0","14","{""MentalActivity"":""Inner voice""}","[0]","",""
"74045","","","survey-multi-choice","4","99626","0.0-4.0","tnx348","Thu Oct 27 2022 09:24:32 GMT+0200 (Centraleuropæisk sommertid)","2022","10","27","9","24","32","kau00","Sleeping, Resting","Inner voice","75","23","female","right","66","30","24","0","14","{""HeartRate"":""75""}","[0]","",""
"3372","","","survey-text","5","103009","0.0-5.0","tnx348","Thu Oct 27 2022 09:24:32 GMT+0200 (Centraleuropæisk sommertid)","2022","10","27","9","24","32","kau00","Sleeping, Resting","Inner voice","75","23","female","right","66","30","24","0","14","{""Q0"":""23""}","","",""
"3165","","","survey-multi-choice","6","106178","0.0-6.0","tnx348","Thu Oct 27 2022 09:24:32 GMT+0200 (Centraleuropæisk sommertid)","2022","10","27","9","24","32","kau00","Sleeping, Resting","Inner voice","75","23","female","right","66","30","24","0","14","{""Gender"":""female"",""Hand"":""right""}","[0,1]","",""
"3939","<p>How Sad/Angry or Happy are you right now?</p>","","html-slider-response","7","110123","0.0-7.0","tnx348","Thu Oct 27 2022 09:24:32 GMT+0200 (Centraleuropæisk sommertid)","2022","10","27","9","24","32","kau00","Sleeping, Resting","Inner voice","75","23","female","right","66","30","24","0","14","","","50","66"
"4177","<p>How Tired/Sleepy/Distracted or Fresh/Awake/Alert are you right now?</p>","","html-slider-response","8","114303","0.0-8.0","tnx348","Thu Oct 27 2022 09:24:32 GMT+0200 (Centraleuropæisk sommertid)","2022","10","27","9","24","32","kau00","Sleeping, Resting","Inner voice","75","23","female","right","66","30","24","0","14","","","50","30"
"2967","<p>How Hungry or Satiated are you right now?</p>","","html-slider-response","9","117273","0.0-9.0","tnx348","Thu Oct 27 2022 09:24:32 GMT+0200 (Centraleuropæisk sommertid)","2022","10","27","9","24","32","kau00","Sleeping, Resting","Inner voice","75","23","female","right","66","30","24","0","14","","","50","24"
"20124","","","survey-multi-choice","10","137402","0.0-10.0","tnx348","Thu Oct 27 2022 09:24:32 GMT+0200 (Centraleuropæisk sommertid)","2022","10","27","9","24","32","kau00","Sleeping, Resting","Inner voice","75","23","female","right","66","30","24","0","14","{""Sleep"":""0"",""Eat"":""14""}","[0,1]","",""
