"rt","stimulus","key_press","trial_type","trial_index","time_elapsed","internal_node_id","exp_id","Time","year","month","date","hour","minute","seconds","id","Activity","MentalActivity","HeartRate","age","Gender","Handedness","mood","fresh","hunger","H_since_Sleep","H_since_Eat","responses","question_order","slider_start","response"
"null","<p>Welcome to this 1 min. survey on daily rhythms, body and mood.</p><p>You will be asked to report your heart-rate</p><p>and given some questions about yourself.</p><p>Take the test when prompted and/or at different times of the day/night.</p><p>Please make a personal ID (three letters+ two numbers, e.g. ept23).</p><p>Write it down and use this ID whenever taking the test.</p>","null","html-keyboard-response","0","10011","0.0-0.0","ukyfk2","Sun Sep 18 2022 17:18:37 GMT+0200 (Centraleuropæisk sommertid)","2022","9","18","17","18","37","kau00","Cooking","Unsymbolized thinking","96","23","female","right","83","84","67","8","3","","","",""
"3739","","","survey-text","1","13776","0.0-1.0","ukyfk2","Sun Sep 18 2022 17:18:37 GMT+0200 (Centraleuropæisk sommertid)","2022","9","18","17","18","37","kau00","Cooking","Unsymbolized thinking","96","23","female","right","83","84","67","8","3","{""Q0"":""kau00""}","","",""
"69240","","","survey-multi-choice","2","83020","0.0-2.0","ukyfk2","Sun Sep 18 2022 17:18:37 GMT+0200 (Centraleuropæisk sommertid)","2022","9","18","17","18","37","kau00","Cooking","Unsymbolized thinking","96","23","female","right","83","84","67","8","3","{""Activity"":""Cooking""}","[0]","",""
"3653","","","survey-multi-choice","3","86675","0.0-3.0","ukyfk2","Sun Sep 18 2022 17:18:37 GMT+0200 (Centraleuropæisk sommertid)","2022","9","18","17","18","37","kau00","Cooking","Unsymbolized thinking","96","23","female","right","83","84","67","8","3","{""MentalActivity"":""Unsymbolized thinking""}","[0]","",""
"29458","","","survey-multi-choice","4","116141","0.0-4.0","ukyfk2","Sun Sep 18 2022 17:18:37 GMT+0200 (Centraleuropæisk sommertid)","2022","9","18","17","18","37","kau00","Cooking","Unsymbolized thinking","96","23","female","right","83","84","67","8","3","{""HeartRate"":""96""}","[0]","",""
"2170","","","survey-text","5","118325","0.0-5.0","ukyfk2","Sun Sep 18 2022 17:18:37 GMT+0200 (Centraleuropæisk sommertid)","2022","9","18","17","18","37","kau00","Cooking","Unsymbolized thinking","96","23","female","right","83","84","67","8","3","{""Q0"":""23""}","","",""
"2651","","","survey-multi-choice","6","120980","0.0-6.0","ukyfk2","Sun Sep 18 2022 17:18:37 GMT+0200 (Centraleuropæisk sommertid)","2022","9","18","17","18","37","kau00","Cooking","Unsymbolized thinking","96","23","female","right","83","84","67","8","3","{""Gender"":""female"",""Hand"":""right""}","[0,1]","",""
"2504","<p>How Sad/Angry or Happy are you right now?</p>","","html-slider-response","7","123489","0.0-7.0","ukyfk2","Sun Sep 18 2022 17:18:37 GMT+0200 (Centraleuropæisk sommertid)","2022","9","18","17","18","37","kau00","Cooking","Unsymbolized thinking","96","23","female","right","83","84","67","8","3","","","50","83"
"2494","<p>How Tired/Sleepy/Distracted or Fresh/Awake/Alert are you right now?</p>","","html-slider-response","8","125986","0.0-8.0","ukyfk2","Sun Sep 18 2022 17:18:37 GMT+0200 (Centraleuropæisk sommertid)","2022","9","18","17","18","37","kau00","Cooking","Unsymbolized thinking","96","23","female","right","83","84","67","8","3","","","50","84"
"2313.0000000000146","<p>How Hungry or Satiated are you right now?</p>","","html-slider-response","9","128302","0.0-9.0","ukyfk2","Sun Sep 18 2022 17:18:37 GMT+0200 (Centraleuropæisk sommertid)","2022","9","18","17","18","37","kau00","Cooking","Unsymbolized thinking","96","23","female","right","83","84","67","8","3","","","50","67"
"12426","","","survey-multi-choice","10","140734","0.0-10.0","ukyfk2","Sun Sep 18 2022 17:18:37 GMT+0200 (Centraleuropæisk sommertid)","2022","9","18","17","18","37","kau00","Cooking","Unsymbolized thinking","96","23","female","right","83","84","67","8","3","{""Sleep"":""8"",""Eat"":""3""}","[0,1]","",""
