"rt","stimulus","key_press","trial_type","trial_index","time_elapsed","internal_node_id","exp_id","Time","year","month","date","hour","minute","seconds","id","Activity","MentalActivity","HeartRate","age","Gender","Handedness","mood","fresh","hunger","H_since_Sleep","H_since_Eat","responses","question_order","slider_start","response"
"null","<p>Welcome to this 1 min. survey on daily rhythms, body and mood.</p><p>You will be asked to report your heart-rate</p><p>and given some questions about yourself.</p><p>Take the test when prompted and/or at different times of the day/night.</p><p>Please make a personal ID (three letters+ two numbers, e.g. ept23).</p><p>Write it down and use this ID whenever taking the test.</p>","null","html-keyboard-response","0","10015","0.0-0.0","la549j","Mon Sep 12 2022 07:29:05 GMT+0200 (CEST)","2022","9","12","7","29","5","dlg05","Eating","Inner voice","60","25","female","right","76","60","22","0","13","","","",""
"6148.999999999998","","","survey-text","1","16201","0.0-1.0","la549j","Mon Sep 12 2022 07:29:05 GMT+0200 (CEST)","2022","9","12","7","29","5","dlg05","Eating","Inner voice","60","25","female","right","76","60","22","0","13","{""Q0"":""dlg05""}","","",""
"20740","","","survey-multi-choice","2","36950","0.0-2.0","la549j","Mon Sep 12 2022 07:29:05 GMT+0200 (CEST)","2022","9","12","7","29","5","dlg05","Eating","Inner voice","60","25","female","right","76","60","22","0","13","{""Activity"":""Eating""}","[0]","",""
"8014","","","survey-multi-choice","3","44972","0.0-3.0","la549j","Mon Sep 12 2022 07:29:05 GMT+0200 (CEST)","2022","9","12","7","29","5","dlg05","Eating","Inner voice","60","25","female","right","76","60","22","0","13","{""MentalActivity"":""Inner voice""}","[0]","",""
"4739","","","survey-multi-choice","4","49723","0.0-4.0","la549j","Mon Sep 12 2022 07:29:05 GMT+0200 (CEST)","2022","9","12","7","29","5","dlg05","Eating","Inner voice","60","25","female","right","76","60","22","0","13","{""HeartRate"":""60""}","[0]","",""
"3049","","","survey-text","5","52787","0.0-5.0","la549j","Mon Sep 12 2022 07:29:05 GMT+0200 (CEST)","2022","9","12","7","29","5","dlg05","Eating","Inner voice","60","25","female","right","76","60","22","0","13","{""Q0"":""25""}","","",""
"3665","","","survey-multi-choice","6","56455","0.0-6.0","la549j","Mon Sep 12 2022 07:29:05 GMT+0200 (CEST)","2022","9","12","7","29","5","dlg05","Eating","Inner voice","60","25","female","right","76","60","22","0","13","{""Gender"":""female"",""Hand"":""right""}","[0,1]","",""
"5066","<p>How Sad/Angry or Happy are you right now?</p>","","html-slider-response","7","61529","0.0-7.0","la549j","Mon Sep 12 2022 07:29:05 GMT+0200 (CEST)","2022","9","12","7","29","5","dlg05","Eating","Inner voice","60","25","female","right","76","60","22","0","13","","","50","76"
"7949","<p>How Tired/Sleepy/Distracted or Fresh/Awake/Alert are you right now?</p>","","html-slider-response","8","69483","0.0-8.0","la549j","Mon Sep 12 2022 07:29:05 GMT+0200 (CEST)","2022","9","12","7","29","5","dlg05","Eating","Inner voice","60","25","female","right","76","60","22","0","13","","","50","60"
"4808","<p>How Hungry or Satiated are you right now?</p>","","html-slider-response","9","74296","0.0-9.0","la549j","Mon Sep 12 2022 07:29:05 GMT+0200 (CEST)","2022","9","12","7","29","5","dlg05","Eating","Inner voice","60","25","female","right","76","60","22","0","13","","","50","22"
"23182","","","survey-multi-choice","10","97486","0.0-10.0","la549j","Mon Sep 12 2022 07:29:05 GMT+0200 (CEST)","2022","9","12","7","29","5","dlg05","Eating","Inner voice","60","25","female","right","76","60","22","0","13","{""Sleep"":""0"",""Eat"":""13""}","[0,1]","",""
