"rt","stimulus","key_press","trial_type","trial_index","time_elapsed","internal_node_id","exp_id","Time","year","month","date","hour","minute","seconds","id","HeartRate","age","Gender","Handedness","mood","fresh","hunger","H_since_Sleep","H_since_Eat","Activity","MentalActivity","responses","question_order","slider_start","response"
"null","<p>Welcome to this 1 min. survey on daily rhythms, body and mood.</p><p>You will be asked to report your heart-rate</p><p>and given some questions about yourself.</p><p>Take the test when prompted and/or at different times of the day/night.</p><p>Please make a personal ID (three letters+ two numbers, e.g. ept23).</p><p>Write it down and use this ID whenever taking the test.</p>","null","html-keyboard-response","0","10005","0.0-0.0","gnlgfs","Thu Sep 08 2022 16:37:27 GMT+0200 (CEST)","2022","9","8","16","37","27","yfg54","102","23","female","right","80","91","98","7","0","Working, Studying","Inner voice","","","",""
"138589","","","survey-text","1","148614","0.0-1.0","gnlgfs","Thu Sep 08 2022 16:37:27 GMT+0200 (CEST)","2022","9","8","16","37","27","yfg54","102","23","female","right","80","91","98","7","0","Working, Studying","Inner voice","{""Q0"":""yfg54""}","","",""
"9637","","","survey-multi-choice","2","158254","0.0-2.0","gnlgfs","Thu Sep 08 2022 16:37:27 GMT+0200 (CEST)","2022","9","8","16","37","27","yfg54","102","23","female","right","80","91","98","7","0","Working, Studying","Inner voice","{""HeartRate"":""102""}","[0]","",""
"2852.000000000029","","","survey-text","3","161111","0.0-3.0","gnlgfs","Thu Sep 08 2022 16:37:27 GMT+0200 (CEST)","2022","9","8","16","37","27","yfg54","102","23","female","right","80","91","98","7","0","Working, Studying","Inner voice","{""Q0"":""23""}","","",""
"4654.000000000029","","","survey-multi-choice","4","165766","0.0-4.0","gnlgfs","Thu Sep 08 2022 16:37:27 GMT+0200 (CEST)","2022","9","8","16","37","27","yfg54","102","23","female","right","80","91","98","7","0","Working, Studying","Inner voice","{""Gender"":""female"",""Hand"":""right""}","[0,1]","",""
"8230","<p>How Sad/Angry or Happy are you right now?</p>","","html-slider-response","5","173997","0.0-5.0","gnlgfs","Thu Sep 08 2022 16:37:27 GMT+0200 (CEST)","2022","9","8","16","37","27","yfg54","102","23","female","right","80","91","98","7","0","Working, Studying","Inner voice","","","50","80"
"6295.999999999971","<p>How Tired/Sleepy/Distracted or Fresh/Awake/Alert are you right now?</p>","","html-slider-response","6","180295","0.0-6.0","gnlgfs","Thu Sep 08 2022 16:37:27 GMT+0200 (CEST)","2022","9","8","16","37","27","yfg54","102","23","female","right","80","91","98","7","0","Working, Studying","Inner voice","","","50","91"
"120625","<p>How Hungry or Satiated are you right now?</p>","","html-slider-response","7","300921","0.0-7.0","gnlgfs","Thu Sep 08 2022 16:37:27 GMT+0200 (CEST)","2022","9","8","16","37","27","yfg54","102","23","female","right","80","91","98","7","0","Working, Studying","Inner voice","","","50","98"
"37759","","","survey-multi-choice","8","338683","0.0-8.0","gnlgfs","Thu Sep 08 2022 16:37:27 GMT+0200 (CEST)","2022","9","8","16","37","27","yfg54","102","23","female","right","80","91","98","7","0","Working, Studying","Inner voice","{""Sleep"":""7"",""Eat"":""0""}","[0,1]","",""
"31769","","","survey-multi-choice","9","370454","0.0-9.0","gnlgfs","Thu Sep 08 2022 16:37:27 GMT+0200 (CEST)","2022","9","8","16","37","27","yfg54","102","23","female","right","80","91","98","7","0","Working, Studying","Inner voice","{""Activity"":""Working, Studying""}","[0]","",""
"21750","","","survey-multi-choice","10","392208","0.0-10.0","gnlgfs","Thu Sep 08 2022 16:37:27 GMT+0200 (CEST)","2022","9","8","16","37","27","yfg54","102","23","female","right","80","91","98","7","0","Working, Studying","Inner voice","{""MentalActivity"":""Inner voice""}","[0]","",""
