"rt","stimulus","key_press","trial_type","trial_index","time_elapsed","internal_node_id","exp_id","Time","year","month","date","hour","minute","seconds","id","Activity","MentalActivity","HeartRate","age","Gender","Handedness","mood","fresh","hunger","H_since_Sleep","H_since_Eat","responses","question_order","slider_start","response"
"null","<p>Welcome to this 1 min. survey on daily rhythms, body and mood.</p><p>You will be asked to report your heart-rate</p><p>and given some questions about yourself.</p><p>Take the test when prompted and/or at different times of the day/night.</p><p>Please make a personal ID (three letters+ two numbers, e.g. ept23).</p><p>Write it down and use this ID whenever taking the test.</p>","null","html-keyboard-response","0","10010","0.0-0.0","c58j3k","Fri Nov 18 2022 08:44:32 GMT+0100 (Centraleuropæisk normaltid)","2022","11","18","8","44","32","kau00","Working, Studying","Inner voice","81","23","female","right","61","65","14","3","13","","","",""
"6680","","","survey-text","1","16731","0.0-1.0","c58j3k","Fri Nov 18 2022 08:44:32 GMT+0100 (Centraleuropæisk normaltid)","2022","11","18","8","44","32","kau00","Working, Studying","Inner voice","81","23","female","right","61","65","14","3","13","{""Q0"":""kau00""}","","",""
"5074","","","survey-multi-choice","2","21812","0.0-2.0","c58j3k","Fri Nov 18 2022 08:44:32 GMT+0100 (Centraleuropæisk normaltid)","2022","11","18","8","44","32","kau00","Working, Studying","Inner voice","81","23","female","right","61","65","14","3","13","{""Activity"":""Working, Studying""}","[0]","",""
"3274.0000000000036","","","survey-multi-choice","3","25090","0.0-3.0","c58j3k","Fri Nov 18 2022 08:44:32 GMT+0100 (Centraleuropæisk normaltid)","2022","11","18","8","44","32","kau00","Working, Studying","Inner voice","81","23","female","right","61","65","14","3","13","{""MentalActivity"":""Inner voice""}","[0]","",""
"44738","","","survey-multi-choice","4","69837","0.0-4.0","c58j3k","Fri Nov 18 2022 08:44:32 GMT+0100 (Centraleuropæisk normaltid)","2022","11","18","8","44","32","kau00","Working, Studying","Inner voice","81","23","female","right","61","65","14","3","13","{""HeartRate"":""81""}","[0]","",""
"2241","","","survey-text","5","72090","0.0-5.0","c58j3k","Fri Nov 18 2022 08:44:32 GMT+0100 (Centraleuropæisk normaltid)","2022","11","18","8","44","32","kau00","Working, Studying","Inner voice","81","23","female","right","61","65","14","3","13","{""Q0"":""23""}","","",""
"3102.9999999999854","","","survey-multi-choice","6","75195","0.0-6.0","c58j3k","Fri Nov 18 2022 08:44:32 GMT+0100 (Centraleuropæisk normaltid)","2022","11","18","8","44","32","kau00","Working, Studying","Inner voice","81","23","female","right","61","65","14","3","13","{""Gender"":""female"",""Hand"":""right""}","[0,1]","",""
"4516.000000000015","<p>How Sad/Angry or Happy are you right now?</p>","","html-slider-response","7","79718","0.0-7.0","c58j3k","Fri Nov 18 2022 08:44:32 GMT+0100 (Centraleuropæisk normaltid)","2022","11","18","8","44","32","kau00","Working, Studying","Inner voice","81","23","female","right","61","65","14","3","13","","","50","61"
"4083","<p>How Tired/Sleepy/Distracted or Fresh/Awake/Alert are you right now?</p>","","html-slider-response","8","83803","0.0-8.0","c58j3k","Fri Nov 18 2022 08:44:32 GMT+0100 (Centraleuropæisk normaltid)","2022","11","18","8","44","32","kau00","Working, Studying","Inner voice","81","23","female","right","61","65","14","3","13","","","50","65"
"4212","<p>How Hungry or Satiated are you right now?</p>","","html-slider-response","9","88018","0.0-9.0","c58j3k","Fri Nov 18 2022 08:44:32 GMT+0100 (Centraleuropæisk normaltid)","2022","11","18","8","44","32","kau00","Working, Studying","Inner voice","81","23","female","right","61","65","14","3","13","","","50","14"
"20859","","","survey-multi-choice","10","108881","0.0-10.0","c58j3k","Fri Nov 18 2022 08:44:32 GMT+0100 (Centraleuropæisk normaltid)","2022","11","18","8","44","32","kau00","Working, Studying","Inner voice","81","23","female","right","61","65","14","3","13","{""Sleep"":""3"",""Eat"":""13""}","[0,1]","",""
