"rt","stimulus","key_press","trial_type","trial_index","time_elapsed","internal_node_id","exp_id","Time","year","month","date","hour","minute","seconds","id","HeartRate","age","Gender","Handedness","mood","fresh","hunger","H_since_Sleep","H_since_Eat","Activity","MentalActivity","responses","question_order","slider_start","response"
"null","<p>Welcome to this 1 min. survey on daily rhythms, body and mood.</p><p>You will be asked to report your heart-rate</p><p>and given some questions about yourself.</p><p>Take the test when prompted and/or at different times of the day/night.</p><p>Please make a personal ID (three letters+ two numbers, e.g. ept23).</p><p>Write it down and use this ID whenever taking the test.</p>","null","html-keyboard-response","0","10022","0.0-0.0","zk0l3h","Thu Sep 08 2022 16:37:38 GMT+0200 (CEST)","2022","9","8","16","37","38","lhb13","84","21","female","right","82","37","21","8","5","Working, Studying","Inner seeing","","","",""
"27628.000000000007","","","survey-text","1","37677","0.0-1.0","zk0l3h","Thu Sep 08 2022 16:37:38 GMT+0200 (CEST)","2022","9","8","16","37","38","lhb13","84","21","female","right","82","37","21","8","5","Working, Studying","Inner seeing","{""Q0"":""lhb13""}","","",""
"18044.999999999993","","","survey-multi-choice","2","55734","0.0-2.0","zk0l3h","Thu Sep 08 2022 16:37:38 GMT+0200 (CEST)","2022","9","8","16","37","38","lhb13","84","21","female","right","82","37","21","8","5","Working, Studying","Inner seeing","{""HeartRate"":""84""}","[0]","",""
"7808.999999999993","","","survey-text","3","63560","0.0-3.0","zk0l3h","Thu Sep 08 2022 16:37:38 GMT+0200 (CEST)","2022","9","8","16","37","38","lhb13","84","21","female","right","82","37","21","8","5","Working, Studying","Inner seeing","{""Q0"":""21""}","","",""
"4479","","","survey-multi-choice","4","68042","0.0-4.0","zk0l3h","Thu Sep 08 2022 16:37:38 GMT+0200 (CEST)","2022","9","8","16","37","38","lhb13","84","21","female","right","82","37","21","8","5","Working, Studying","Inner seeing","{""Gender"":""female"",""Hand"":""right""}","[0,1]","",""
"8256","<p>How Sad/Angry or Happy are you right now?</p>","","html-slider-response","5","76307","0.0-5.0","zk0l3h","Thu Sep 08 2022 16:37:38 GMT+0200 (CEST)","2022","9","8","16","37","38","lhb13","84","21","female","right","82","37","21","8","5","Working, Studying","Inner seeing","","","50","82"
"9041","<p>How Tired/Sleepy/Distracted or Fresh/Awake/Alert are you right now?</p>","","html-slider-response","6","85352","0.0-6.0","zk0l3h","Thu Sep 08 2022 16:37:38 GMT+0200 (CEST)","2022","9","8","16","37","38","lhb13","84","21","female","right","82","37","21","8","5","Working, Studying","Inner seeing","","","50","37"
"7360","<p>How Hungry or Satiated are you right now?</p>","","html-slider-response","7","92717","0.0-7.0","zk0l3h","Thu Sep 08 2022 16:37:38 GMT+0200 (CEST)","2022","9","8","16","37","38","lhb13","84","21","female","right","82","37","21","8","5","Working, Studying","Inner seeing","","","50","21"
"44132.999999999985","","","survey-multi-choice","8","136859","0.0-8.0","zk0l3h","Thu Sep 08 2022 16:37:38 GMT+0200 (CEST)","2022","9","8","16","37","38","lhb13","84","21","female","right","82","37","21","8","5","Working, Studying","Inner seeing","{""Sleep"":""8"",""Eat"":""5""}","[0,1]","",""
"7860","","","survey-multi-choice","9","144723","0.0-9.0","zk0l3h","Thu Sep 08 2022 16:37:38 GMT+0200 (CEST)","2022","9","8","16","37","38","lhb13","84","21","female","right","82","37","21","8","5","Working, Studying","Inner seeing","{""Activity"":""Working, Studying""}","[0]","",""
"19518","","","survey-multi-choice","10","164292","0.0-10.0","zk0l3h","Thu Sep 08 2022 16:37:38 GMT+0200 (CEST)","2022","9","8","16","37","38","lhb13","84","21","female","right","82","37","21","8","5","Working, Studying","Inner seeing","{""MentalActivity"":""Inner seeing""}","[0]","",""
