"rt","stimulus","key_press","trial_type","trial_index","time_elapsed","internal_node_id","exp_id","Time","year","month","date","hour","minute","seconds","id","Activity","MentalActivity","HeartRate","age","Gender","Handedness","mood","fresh","hunger","H_since_Sleep","H_since_Eat","responses","question_order","slider_start","response"
"null","<p>Welcome to this 1 min. survey on daily rhythms, body and mood.</p><p>You will be asked to report your heart-rate</p><p>and given some questions about yourself.</p><p>Take the test when prompted and/or at different times of the day/night.</p><p>Please make a personal ID (three letters+ two numbers, e.g. ept23).</p><p>Write it down and use this ID whenever taking the test.</p>","null","html-keyboard-response","0","10011","0.0-0.0","c5nymt","Thu Sep 29 2022 09:11:57 GMT+0200 (CEST)","2022","9","29","9","11","57","pid10","Working, Studying","Inner seeing","66","23","female","right","60","78","82","1","0","","","",""
"9271","","","survey-text","1","19296","0.0-1.0","c5nymt","Thu Sep 29 2022 09:11:57 GMT+0200 (CEST)","2022","9","29","9","11","57","pid10","Working, Studying","Inner seeing","66","23","female","right","60","78","82","1","0","{""Q0"":""pid10""}","","",""
"3801","","","survey-multi-choice","2","23100","0.0-2.0","c5nymt","Thu Sep 29 2022 09:11:57 GMT+0200 (CEST)","2022","9","29","9","11","57","pid10","Working, Studying","Inner seeing","66","23","female","right","60","78","82","1","0","{""Activity"":""Working, Studying""}","[0]","",""
"7219","","","survey-multi-choice","3","30321","0.0-3.0","c5nymt","Thu Sep 29 2022 09:11:57 GMT+0200 (CEST)","2022","9","29","9","11","57","pid10","Working, Studying","Inner seeing","66","23","female","right","60","78","82","1","0","{""MentalActivity"":""Inner seeing""}","[0]","",""
"5766","","","survey-multi-choice","4","36094","0.0-4.0","c5nymt","Thu Sep 29 2022 09:11:57 GMT+0200 (CEST)","2022","9","29","9","11","57","pid10","Working, Studying","Inner seeing","66","23","female","right","60","78","82","1","0","{""HeartRate"":""66""}","[0]","",""
"3447","","","survey-text","5","39550","0.0-5.0","c5nymt","Thu Sep 29 2022 09:11:57 GMT+0200 (CEST)","2022","9","29","9","11","57","pid10","Working, Studying","Inner seeing","66","23","female","right","60","78","82","1","0","{""Q0"":""23""}","","",""
"2875","","","survey-multi-choice","6","42427","0.0-6.0","c5nymt","Thu Sep 29 2022 09:11:57 GMT+0200 (CEST)","2022","9","29","9","11","57","pid10","Working, Studying","Inner seeing","66","23","female","right","60","78","82","1","0","{""Gender"":""female"",""Hand"":""right""}","[0,1]","",""
"3795","<p>How Sad/Angry or Happy are you right now?</p>","","html-slider-response","7","46226","0.0-7.0","c5nymt","Thu Sep 29 2022 09:11:57 GMT+0200 (CEST)","2022","9","29","9","11","57","pid10","Working, Studying","Inner seeing","66","23","female","right","60","78","82","1","0","","","50","60"
"3895","<p>How Tired/Sleepy/Distracted or Fresh/Awake/Alert are you right now?</p>","","html-slider-response","8","50124","0.0-8.0","c5nymt","Thu Sep 29 2022 09:11:57 GMT+0200 (CEST)","2022","9","29","9","11","57","pid10","Working, Studying","Inner seeing","66","23","female","right","60","78","82","1","0","","","50","78"
"6321","<p>How Hungry or Satiated are you right now?</p>","","html-slider-response","9","56449","0.0-9.0","c5nymt","Thu Sep 29 2022 09:11:57 GMT+0200 (CEST)","2022","9","29","9","11","57","pid10","Working, Studying","Inner seeing","66","23","female","right","60","78","82","1","0","","","50","82"
"20982","","","survey-multi-choice","10","77436","0.0-10.0","c5nymt","Thu Sep 29 2022 09:11:57 GMT+0200 (CEST)","2022","9","29","9","11","57","pid10","Working, Studying","Inner seeing","66","23","female","right","60","78","82","1","0","{""Sleep"":""1"",""Eat"":""0""}","[0,1]","",""
