"rt","stimulus","key_press","trial_type","trial_index","time_elapsed","internal_node_id","exp_id","Time","year","month","date","hour","minute","seconds","id","Activity","MentalActivity","HeartRate","age","Gender","Handedness","mood","fresh","hunger","H_since_Sleep","H_since_Eat","responses","question_order","slider_start","response"
"null","<p>Welcome to this 1 min. survey on daily rhythms, body and mood.</p><p>You will be asked to report your heart-rate</p><p>and given some questions about yourself.</p><p>Take the test when prompted and/or at different times of the day/night.</p><p>Please make a personal ID (three letters+ two numbers, e.g. ept23).</p><p>Write it down and use this ID whenever taking the test.</p>","null","html-keyboard-response","0","10017","0.0-0.0","hxe2tq","Fri Nov 11 2022 10:21:11 GMT+0100 (Centraleuropæisk normaltid)","2022","11","11","10","21","11","Cic22","Playing","Inner voice","64","22","female","right","93","82","100","1","0","","","",""
"8766.300000011921","","","survey-text","1","18806","0.0-1.0","hxe2tq","Fri Nov 11 2022 10:21:11 GMT+0100 (Centraleuropæisk normaltid)","2022","11","11","10","21","11","Cic22","Playing","Inner voice","64","22","female","right","93","82","100","1","0","{""Q0"":""Cic22""}","","",""
"11736.100000023842","","","survey-multi-choice","2","30560","0.0-2.0","hxe2tq","Fri Nov 11 2022 10:21:11 GMT+0100 (Centraleuropæisk normaltid)","2022","11","11","10","21","11","Cic22","Playing","Inner voice","64","22","female","right","93","82","100","1","0","{""Activity"":""Playing""}","[0]","",""
"2651.100000023842","","","survey-multi-choice","3","33223","0.0-3.0","hxe2tq","Fri Nov 11 2022 10:21:11 GMT+0100 (Centraleuropæisk normaltid)","2022","11","11","10","21","11","Cic22","Playing","Inner voice","64","22","female","right","93","82","100","1","0","{""MentalActivity"":""Inner voice""}","[0]","",""
"11897.800000011921","","","survey-multi-choice","4","45155","0.0-4.0","hxe2tq","Fri Nov 11 2022 10:21:11 GMT+0100 (Centraleuropæisk normaltid)","2022","11","11","10","21","11","Cic22","Playing","Inner voice","64","22","female","right","93","82","100","1","0","{""HeartRate"":""64""}","[0]","",""
"4055.899999976158","","","survey-text","5","49225","0.0-5.0","hxe2tq","Fri Nov 11 2022 10:21:11 GMT+0100 (Centraleuropæisk normaltid)","2022","11","11","10","21","11","Cic22","Playing","Inner voice","64","22","female","right","93","82","100","1","0","{""Q0"":""22""}","","",""
"2938.699999988079","","","survey-multi-choice","6","52173","0.0-6.0","hxe2tq","Fri Nov 11 2022 10:21:11 GMT+0100 (Centraleuropæisk normaltid)","2022","11","11","10","21","11","Cic22","Playing","Inner voice","64","22","female","right","93","82","100","1","0","{""Gender"":""female"",""Hand"":""right""}","[0,1]","",""
"12494.199999988079","<p>How Sad/Angry or Happy are you right now?</p>","","html-slider-response","7","64678","0.0-7.0","hxe2tq","Fri Nov 11 2022 10:21:11 GMT+0100 (Centraleuropæisk normaltid)","2022","11","11","10","21","11","Cic22","Playing","Inner voice","64","22","female","right","93","82","100","1","0","","","50","93"
"4007.399999976158","<p>How Tired/Sleepy/Distracted or Fresh/Awake/Alert are you right now?</p>","","html-slider-response","8","68692","0.0-8.0","hxe2tq","Fri Nov 11 2022 10:21:11 GMT+0100 (Centraleuropæisk normaltid)","2022","11","11","10","21","11","Cic22","Playing","Inner voice","64","22","female","right","93","82","100","1","0","","","50","82"
"4504.900000035763","<p>How Hungry or Satiated are you right now?</p>","","html-slider-response","9","73204","0.0-9.0","hxe2tq","Fri Nov 11 2022 10:21:11 GMT+0100 (Centraleuropæisk normaltid)","2022","11","11","10","21","11","Cic22","Playing","Inner voice","64","22","female","right","93","82","100","1","0","","","50","100"
"8751.600000023842","","","survey-multi-choice","10","81974","0.0-10.0","hxe2tq","Fri Nov 11 2022 10:21:11 GMT+0100 (Centraleuropæisk normaltid)","2022","11","11","10","21","11","Cic22","Playing","Inner voice","64","22","female","right","93","82","100","1","0","{""Sleep"":""1"",""Eat"":""0""}","[0,1]","",""
