"rt","stimulus","key_press","trial_type","trial_index","time_elapsed","internal_node_id","exp_id","Time","year","month","date","hour","minute","seconds","id","HeartRate","age","Gender","Handedness","mood","fresh","hunger","H_since_Sleep","H_since_Eat","Activity","MentalActivity","responses","question_order","slider_start","response"
"null","<p>Welcome to this 1 min. survey on daily rhythms, body and mood.</p><p>You will be asked to report your heart-rate</p><p>and given some questions about yourself.</p><p>Take the test when prompted and/or at different times of the day/night.</p><p>Please make a personal ID (three letters+ two numbers, e.g. ept23).</p><p>Write it down and use this ID whenever taking the test.</p>","null","html-keyboard-response","0","10024","0.0-0.0","kkgjrv","Thu Sep 08 2022 21:30:01 GMT+0200 (Centraleuropæisk sommertid)","2022","9","8","21","30","1","Cic22","66","22","female","right","73","22","100","13","0","Watching TV","Inner voice","","","",""
"7480.69999999553","","","survey-text","1","17542","0.0-1.0","kkgjrv","Thu Sep 08 2022 21:30:01 GMT+0200 (Centraleuropæisk sommertid)","2022","9","8","21","30","1","Cic22","66","22","female","right","73","22","100","13","0","Watching TV","Inner voice","{""Q0"":""Cic22""}","","",""
"5873.89999999851","","","survey-multi-choice","2","23447","0.0-2.0","kkgjrv","Thu Sep 08 2022 21:30:01 GMT+0200 (Centraleuropæisk sommertid)","2022","9","8","21","30","1","Cic22","66","22","female","right","73","22","100","13","0","Watching TV","Inner voice","{""HeartRate"":""66""}","[0]","",""
"3523.7999999970198","","","survey-text","3","26983","0.0-3.0","kkgjrv","Thu Sep 08 2022 21:30:01 GMT+0200 (Centraleuropæisk sommertid)","2022","9","8","21","30","1","Cic22","66","22","female","right","73","22","100","13","0","Watching TV","Inner voice","{""Q0"":""22""}","","",""
"3898.3000000044703","","","survey-multi-choice","4","30889","0.0-4.0","kkgjrv","Thu Sep 08 2022 21:30:01 GMT+0200 (Centraleuropæisk sommertid)","2022","9","8","21","30","1","Cic22","66","22","female","right","73","22","100","13","0","Watching TV","Inner voice","{""Gender"":""female"",""Hand"":""right""}","[0,1]","",""
"7103","<p>How Sad/Angry or Happy are you right now?</p>","","html-slider-response","5","38002","0.0-5.0","kkgjrv","Thu Sep 08 2022 21:30:01 GMT+0200 (Centraleuropæisk sommertid)","2022","9","8","21","30","1","Cic22","66","22","female","right","73","22","100","13","0","Watching TV","Inner voice","","","50","73"
"7233.20000000298","<p>How Tired/Sleepy/Distracted or Fresh/Awake/Alert are you right now?</p>","","html-slider-response","6","45241","0.0-6.0","kkgjrv","Thu Sep 08 2022 21:30:01 GMT+0200 (Centraleuropæisk sommertid)","2022","9","8","21","30","1","Cic22","66","22","female","right","73","22","100","13","0","Watching TV","Inner voice","","","50","22"
"4109.20000000298","<p>How Hungry or Satiated are you right now?</p>","","html-slider-response","7","49358","0.0-7.0","kkgjrv","Thu Sep 08 2022 21:30:01 GMT+0200 (Centraleuropæisk sommertid)","2022","9","8","21","30","1","Cic22","66","22","female","right","73","22","100","13","0","Watching TV","Inner voice","","","50","100"
"21985.80000000447","","","survey-multi-choice","8","71363","0.0-8.0","kkgjrv","Thu Sep 08 2022 21:30:01 GMT+0200 (Centraleuropæisk sommertid)","2022","9","8","21","30","1","Cic22","66","22","female","right","73","22","100","13","0","Watching TV","Inner voice","{""Sleep"":""13"",""Eat"":""0""}","[0,1]","",""
"16140","","","survey-multi-choice","9","87518","0.0-9.0","kkgjrv","Thu Sep 08 2022 21:30:01 GMT+0200 (Centraleuropæisk sommertid)","2022","9","8","21","30","1","Cic22","66","22","female","right","73","22","100","13","0","Watching TV","Inner voice","{""Activity"":""Watching TV""}","[0]","",""
"4804.30000000447","","","survey-multi-choice","10","92349","0.0-10.0","kkgjrv","Thu Sep 08 2022 21:30:01 GMT+0200 (Centraleuropæisk sommertid)","2022","9","8","21","30","1","Cic22","66","22","female","right","73","22","100","13","0","Watching TV","Inner voice","{""MentalActivity"":""Inner voice""}","[0]","",""
