"rt","stimulus","key_press","trial_type","trial_index","time_elapsed","internal_node_id","exp_id","Time","year","month","date","hour","minute","seconds","id","Activity","MentalActivity","HeartRate","age","Gender","Handedness","mood","fresh","hunger","H_since_Sleep","H_since_Eat","responses","question_order","slider_start","response"
"null","<p>Welcome to this 1 min. survey on daily rhythms, body and mood.</p><p>You will be asked to report your heart-rate</p><p>and given some questions about yourself.</p><p>Take the test when prompted and/or at different times of the day/night.</p><p>Please make a personal ID (three letters+ two numbers, e.g. ept23).</p><p>Write it down and use this ID whenever taking the test.</p>","null","html-keyboard-response","0","10085","0.0-0.0","pz72st","Fri Oct 07 2022 08:25:53 GMT+0200 (CEST)","2022","10","7","8","25","53","qwe12","Doing sport","Inner voice","95","49","male","right","43","60","95","2","1","","","",""
"22240","","","survey-text","1","32337","0.0-1.0","pz72st","Fri Oct 07 2022 08:25:53 GMT+0200 (CEST)","2022","10","7","8","25","53","qwe12","Doing sport","Inner voice","95","49","male","right","43","60","95","2","1","{""Q0"":""qwe12""}","","",""
"28479.000000000004","","","survey-multi-choice","2","60820","0.0-2.0","pz72st","Fri Oct 07 2022 08:25:53 GMT+0200 (CEST)","2022","10","7","8","25","53","qwe12","Doing sport","Inner voice","95","49","male","right","43","60","95","2","1","{""Activity"":""Doing sport""}","[0]","",""
"3088.9999999999927","","","survey-multi-choice","3","63912","0.0-3.0","pz72st","Fri Oct 07 2022 08:25:53 GMT+0200 (CEST)","2022","10","7","8","25","53","qwe12","Doing sport","Inner voice","95","49","male","right","43","60","95","2","1","{""MentalActivity"":""Inner voice""}","[0]","",""
"7600","","","survey-multi-choice","4","71520","0.0-4.0","pz72st","Fri Oct 07 2022 08:25:53 GMT+0200 (CEST)","2022","10","7","8","25","53","qwe12","Doing sport","Inner voice","95","49","male","right","43","60","95","2","1","{""HeartRate"":""95""}","[0]","",""
"3811","","","survey-text","5","75340","0.0-5.0","pz72st","Fri Oct 07 2022 08:25:53 GMT+0200 (CEST)","2022","10","7","8","25","53","qwe12","Doing sport","Inner voice","95","49","male","right","43","60","95","2","1","{""Q0"":""49""}","","",""
"3986","","","survey-multi-choice","6","79328","0.0-6.0","pz72st","Fri Oct 07 2022 08:25:53 GMT+0200 (CEST)","2022","10","7","8","25","53","qwe12","Doing sport","Inner voice","95","49","male","right","43","60","95","2","1","{""Gender"":""male"",""Hand"":""right""}","[0,1]","",""
"6151","<p>How Sad/Angry or Happy are you right now?</p>","","html-slider-response","7","85483","0.0-7.0","pz72st","Fri Oct 07 2022 08:25:53 GMT+0200 (CEST)","2022","10","7","8","25","53","qwe12","Doing sport","Inner voice","95","49","male","right","43","60","95","2","1","","","50","43"
"3596","<p>How Tired/Sleepy/Distracted or Fresh/Awake/Alert are you right now?</p>","","html-slider-response","8","89081","0.0-8.0","pz72st","Fri Oct 07 2022 08:25:53 GMT+0200 (CEST)","2022","10","7","8","25","53","qwe12","Doing sport","Inner voice","95","49","male","right","43","60","95","2","1","","","50","60"
"4456","<p>How Hungry or Satiated are you right now?</p>","","html-slider-response","9","93540","0.0-9.0","pz72st","Fri Oct 07 2022 08:25:53 GMT+0200 (CEST)","2022","10","7","8","25","53","qwe12","Doing sport","Inner voice","95","49","male","right","43","60","95","2","1","","","50","95"
"9095","","","survey-multi-choice","10","102641","0.0-10.0","pz72st","Fri Oct 07 2022 08:25:53 GMT+0200 (CEST)","2022","10","7","8","25","53","qwe12","Doing sport","Inner voice","95","49","male","right","43","60","95","2","1","{""Sleep"":""2"",""Eat"":""1""}","[0,1]","",""
