"rt","stimulus","key_press","trial_type","trial_index","time_elapsed","internal_node_id","exp_id","Time","year","month","date","hour","minute","seconds","id","Activity","MentalActivity","HeartRate","age","Gender","Handedness","mood","fresh","hunger","H_since_Sleep","H_since_Eat","responses","question_order","slider_start","response"
"null","<p>Welcome to this 1 min. survey on daily rhythms, body and mood.</p><p>You will be asked to report your heart-rate</p><p>and given some questions about yourself.</p><p>Take the test when prompted and/or at different times of the day/night.</p><p>Please make a personal ID (three letters+ two numbers, e.g. ept23).</p><p>Write it down and use this ID whenever taking the test.</p>","null","html-keyboard-response","0","11018","0.0-0.0","cumzf0","Fri Oct 14 2022 20:19:55 GMT+0200 (Central European Summer Time)","2022","10","14","20","19","55","jqi11","Showering, Getting Ready","Unsymbolized thinking","84","28","female","right","72","77","100","13","2","","","",""
"43197","","","survey-text","1","54241","0.0-1.0","cumzf0","Fri Oct 14 2022 20:19:55 GMT+0200 (Central European Summer Time)","2022","10","14","20","19","55","jqi11","Showering, Getting Ready","Unsymbolized thinking","84","28","female","right","72","77","100","13","2","{""Q0"":""jqi11""}","","",""
"14880.400000095367","","","survey-multi-choice","2","69138","0.0-2.0","cumzf0","Fri Oct 14 2022 20:19:55 GMT+0200 (Central European Summer Time)","2022","10","14","20","19","55","jqi11","Showering, Getting Ready","Unsymbolized thinking","84","28","female","right","72","77","100","13","2","{""Activity"":""Showering, Getting Ready""}","[0]","",""
"6260.5","","","survey-multi-choice","3","75408","0.0-3.0","cumzf0","Fri Oct 14 2022 20:19:55 GMT+0200 (Central European Summer Time)","2022","10","14","20","19","55","jqi11","Showering, Getting Ready","Unsymbolized thinking","84","28","female","right","72","77","100","13","2","{""MentalActivity"":""Unsymbolized thinking""}","[0]","",""
"4656.100000143051","","","survey-multi-choice","4","80108","0.0-4.0","cumzf0","Fri Oct 14 2022 20:19:55 GMT+0200 (Central European Summer Time)","2022","10","14","20","19","55","jqi11","Showering, Getting Ready","Unsymbolized thinking","84","28","female","right","72","77","100","13","2","{""HeartRate"":""84""}","[0]","",""
"4478.199999809265","","","survey-text","5","84602","0.0-5.0","cumzf0","Fri Oct 14 2022 20:19:55 GMT+0200 (Central European Summer Time)","2022","10","14","20","19","55","jqi11","Showering, Getting Ready","Unsymbolized thinking","84","28","female","right","72","77","100","13","2","{""Q0"":""28""}","","",""
"3794.5","","","survey-multi-choice","6","88414","0.0-6.0","cumzf0","Fri Oct 14 2022 20:19:55 GMT+0200 (Central European Summer Time)","2022","10","14","20","19","55","jqi11","Showering, Getting Ready","Unsymbolized thinking","84","28","female","right","72","77","100","13","2","{""Gender"":""female"",""Hand"":""right""}","[0,1]","",""
"7239.400000095367","<p>How Sad/Angry or Happy are you right now?</p>","","html-slider-response","7","95665","0.0-7.0","cumzf0","Fri Oct 14 2022 20:19:55 GMT+0200 (Central European Summer Time)","2022","10","14","20","19","55","jqi11","Showering, Getting Ready","Unsymbolized thinking","84","28","female","right","72","77","100","13","2","","","50","72"
"5941.599999904633","<p>How Tired/Sleepy/Distracted or Fresh/Awake/Alert are you right now?</p>","","html-slider-response","8","101615","0.0-8.0","cumzf0","Fri Oct 14 2022 20:19:55 GMT+0200 (Central European Summer Time)","2022","10","14","20","19","55","jqi11","Showering, Getting Ready","Unsymbolized thinking","84","28","female","right","72","77","100","13","2","","","50","77"
"9052","<p>How Hungry or Satiated are you right now?</p>","","html-slider-response","9","110680","0.0-9.0","cumzf0","Fri Oct 14 2022 20:19:55 GMT+0200 (Central European Summer Time)","2022","10","14","20","19","55","jqi11","Showering, Getting Ready","Unsymbolized thinking","84","28","female","right","72","77","100","13","2","","","50","100"
"32539.60000014305","","","survey-multi-choice","10","143244","0.0-10.0","cumzf0","Fri Oct 14 2022 20:19:55 GMT+0200 (Central European Summer Time)","2022","10","14","20","19","55","jqi11","Showering, Getting Ready","Unsymbolized thinking","84","28","female","right","72","77","100","13","2","{""Sleep"":""13"",""Eat"":""2""}","[0,1]","",""
