"rt","stimulus","key_press","trial_type","trial_index","time_elapsed","internal_node_id","exp_id","Time","year","month","date","hour","minute","seconds","id","Activity","MentalActivity","HeartRate","age","Gender","Handedness","mood","fresh","hunger","H_since_Sleep","H_since_Eat","responses","question_order","slider_start","response"
"null","<p>Welcome to this 1 min. survey on daily rhythms, body and mood.</p><p>You will be asked to report your heart-rate</p><p>and given some questions about yourself.</p><p>Take the test when prompted and/or at different times of the day/night.</p><p>Please make a personal ID (three letters+ two numbers, e.g. ept23).</p><p>Write it down and use this ID whenever taking the test.</p>","null","html-keyboard-response","0","10026","0.0-0.0","blcc8y","Mon Sep 12 2022 17:02:41 GMT+0200 (CEST)","2022","9","12","17","2","41","dlg05","Doing sport","Inner voice","102","25","female","right","79","83","42","10","1","","","",""
"5414","","","survey-text","1","15472","0.0-1.0","blcc8y","Mon Sep 12 2022 17:02:41 GMT+0200 (CEST)","2022","9","12","17","2","41","dlg05","Doing sport","Inner voice","102","25","female","right","79","83","42","10","1","{""Q0"":""dlg05""}","","",""
"19517.000000000007","","","survey-multi-choice","2","34998","0.0-2.0","blcc8y","Mon Sep 12 2022 17:02:41 GMT+0200 (CEST)","2022","9","12","17","2","41","dlg05","Doing sport","Inner voice","102","25","female","right","79","83","42","10","1","{""Activity"":""Doing sport""}","[0]","",""
"3001","","","survey-multi-choice","3","38003","0.0-3.0","blcc8y","Mon Sep 12 2022 17:02:41 GMT+0200 (CEST)","2022","9","12","17","2","41","dlg05","Doing sport","Inner voice","102","25","female","right","79","83","42","10","1","{""MentalActivity"":""Inner voice""}","[0]","",""
"2887","","","survey-multi-choice","4","40902","0.0-4.0","blcc8y","Mon Sep 12 2022 17:02:41 GMT+0200 (CEST)","2022","9","12","17","2","41","dlg05","Doing sport","Inner voice","102","25","female","right","79","83","42","10","1","{""HeartRate"":""102""}","[0]","",""
"2690","","","survey-text","5","43605","0.0-5.0","blcc8y","Mon Sep 12 2022 17:02:41 GMT+0200 (CEST)","2022","9","12","17","2","41","dlg05","Doing sport","Inner voice","102","25","female","right","79","83","42","10","1","{""Q0"":""25""}","","",""
"2578.0000000000073","","","survey-multi-choice","6","46186","0.0-6.0","blcc8y","Mon Sep 12 2022 17:02:41 GMT+0200 (CEST)","2022","9","12","17","2","41","dlg05","Doing sport","Inner voice","102","25","female","right","79","83","42","10","1","{""Gender"":""female"",""Hand"":""right""}","[0,1]","",""
"5470","<p>How Sad/Angry or Happy are you right now?</p>","","html-slider-response","7","51663","0.0-7.0","blcc8y","Mon Sep 12 2022 17:02:41 GMT+0200 (CEST)","2022","9","12","17","2","41","dlg05","Doing sport","Inner voice","102","25","female","right","79","83","42","10","1","","","50","79"
"8345","<p>How Tired/Sleepy/Distracted or Fresh/Awake/Alert are you right now?</p>","","html-slider-response","8","60013","0.0-8.0","blcc8y","Mon Sep 12 2022 17:02:41 GMT+0200 (CEST)","2022","9","12","17","2","41","dlg05","Doing sport","Inner voice","102","25","female","right","79","83","42","10","1","","","50","83"
"4809","<p>How Hungry or Satiated are you right now?</p>","","html-slider-response","9","64830","0.0-9.0","blcc8y","Mon Sep 12 2022 17:02:41 GMT+0200 (CEST)","2022","9","12","17","2","41","dlg05","Doing sport","Inner voice","102","25","female","right","79","83","42","10","1","","","50","42"
"14437.999999999985","","","survey-multi-choice","10","79276","0.0-10.0","blcc8y","Mon Sep 12 2022 17:02:41 GMT+0200 (CEST)","2022","9","12","17","2","41","dlg05","Doing sport","Inner voice","102","25","female","right","79","83","42","10","1","{""Sleep"":""10"",""Eat"":""1""}","[0,1]","",""
