"rt","stimulus","key_press","trial_type","trial_index","time_elapsed","internal_node_id","exp_id","Time","year","month","date","hour","minute","seconds","id","Activity","MentalActivity","HeartRate","age","Gender","Handedness","mood","fresh","hunger","H_since_Sleep","H_since_Eat","responses","question_order","slider_start","response"
"null","<p>Welcome to this 1 min. survey on daily rhythms, body and mood.</p><p>You will be asked to report your heart-rate</p><p>and given some questions about yourself.</p><p>Take the test when prompted and/or at different times of the day/night.</p><p>Please make a personal ID (three letters+ two numbers, e.g. ept23).</p><p>Write it down and use this ID whenever taking the test.</p>","null","html-keyboard-response","0","10005","0.0-0.0","7esxus","Fri Oct 21 2022 11:35:11 GMT+0200 (CEST)","2022","10","21","11","35","11","qwe12","Working, Studying","Inner voice","59","49","male","right","70","93","14","5","4","","","",""
"6547.000000000004","","","survey-text","1","16563","0.0-1.0","7esxus","Fri Oct 21 2022 11:35:11 GMT+0200 (CEST)","2022","10","21","11","35","11","qwe12","Working, Studying","Inner voice","59","49","male","right","70","93","14","5","4","{""Q0"":""qwe12""}","","",""
"5899","","","survey-multi-choice","2","22465","0.0-2.0","7esxus","Fri Oct 21 2022 11:35:11 GMT+0200 (CEST)","2022","10","21","11","35","11","qwe12","Working, Studying","Inner voice","59","49","male","right","70","93","14","5","4","{""Activity"":""Working, Studying""}","[0]","",""
"3482","","","survey-multi-choice","3","25950","0.0-3.0","7esxus","Fri Oct 21 2022 11:35:11 GMT+0200 (CEST)","2022","10","21","11","35","11","qwe12","Working, Studying","Inner voice","59","49","male","right","70","93","14","5","4","{""MentalActivity"":""Inner voice""}","[0]","",""
"7193.000000000007","","","survey-multi-choice","4","33149","0.0-4.0","7esxus","Fri Oct 21 2022 11:35:11 GMT+0200 (CEST)","2022","10","21","11","35","11","qwe12","Working, Studying","Inner voice","59","49","male","right","70","93","14","5","4","{""HeartRate"":""59""}","[0]","",""
"3812","","","survey-text","5","36969","0.0-5.0","7esxus","Fri Oct 21 2022 11:35:11 GMT+0200 (CEST)","2022","10","21","11","35","11","qwe12","Working, Studying","Inner voice","59","49","male","right","70","93","14","5","4","{""Q0"":""49""}","","",""
"5054","","","survey-multi-choice","6","42025","0.0-6.0","7esxus","Fri Oct 21 2022 11:35:11 GMT+0200 (CEST)","2022","10","21","11","35","11","qwe12","Working, Studying","Inner voice","59","49","male","right","70","93","14","5","4","{""Gender"":""male"",""Hand"":""right""}","[0,1]","",""
"13984","<p>How Sad/Angry or Happy are you right now?</p>","","html-slider-response","7","56012","0.0-7.0","7esxus","Fri Oct 21 2022 11:35:11 GMT+0200 (CEST)","2022","10","21","11","35","11","qwe12","Working, Studying","Inner voice","59","49","male","right","70","93","14","5","4","","","50","70"
"5720.999999999993","<p>How Tired/Sleepy/Distracted or Fresh/Awake/Alert are you right now?</p>","","html-slider-response","8","61736","0.0-8.0","7esxus","Fri Oct 21 2022 11:35:11 GMT+0200 (CEST)","2022","10","21","11","35","11","qwe12","Working, Studying","Inner voice","59","49","male","right","70","93","14","5","4","","","50","93"
"8542","<p>How Hungry or Satiated are you right now?</p>","","html-slider-response","9","70280","0.0-9.0","7esxus","Fri Oct 21 2022 11:35:11 GMT+0200 (CEST)","2022","10","21","11","35","11","qwe12","Working, Studying","Inner voice","59","49","male","right","70","93","14","5","4","","","50","14"
"21717","","","survey-multi-choice","10","92001","0.0-10.0","7esxus","Fri Oct 21 2022 11:35:11 GMT+0200 (CEST)","2022","10","21","11","35","11","qwe12","Working, Studying","Inner voice","59","49","male","right","70","93","14","5","4","{""Sleep"":""5"",""Eat"":""4""}","[0,1]","",""
