"rt","stimulus","key_press","trial_type","trial_index","time_elapsed","internal_node_id","exp_id","Time","year","month","date","hour","minute","seconds","id","Activity","MentalActivity","HeartRate","age","Gender","Handedness","mood","fresh","hunger","H_since_Sleep","H_since_Eat","responses","question_order","slider_start","response"
"null","<p>Welcome to this 1 min. survey on daily rhythms, body and mood.</p><p>You will be asked to report your heart-rate</p><p>and given some questions about yourself.</p><p>Take the test when prompted and/or at different times of the day/night.</p><p>Please make a personal ID (three letters+ two numbers, e.g. ept23).</p><p>Write it down and use this ID whenever taking the test.</p>","null","html-keyboard-response","0","10005","0.0-0.0","ww07ua","Sun Oct 23 2022 08:08:42 GMT+0200 (CEST)","2022","10","23","8","8","42","qwe12","Thinking, Praying","Inner voice","58","49","male","right","27","69","37","1","13","","","",""
"9458","","","survey-text","1","19474","0.0-1.0","ww07ua","Sun Oct 23 2022 08:08:42 GMT+0200 (CEST)","2022","10","23","8","8","42","qwe12","Thinking, Praying","Inner voice","58","49","male","right","27","69","37","1","13","{""Q0"":""qwe12""}","","",""
"12255","","","survey-multi-choice","2","31732","0.0-2.0","ww07ua","Sun Oct 23 2022 08:08:42 GMT+0200 (CEST)","2022","10","23","8","8","42","qwe12","Thinking, Praying","Inner voice","58","49","male","right","27","69","37","1","13","{""Activity"":""Thinking, Praying""}","[0]","",""
"3094","","","survey-multi-choice","3","34828","0.0-3.0","ww07ua","Sun Oct 23 2022 08:08:42 GMT+0200 (CEST)","2022","10","23","8","8","42","qwe12","Thinking, Praying","Inner voice","58","49","male","right","27","69","37","1","13","{""MentalActivity"":""Inner voice""}","[0]","",""
"13447","","","survey-multi-choice","4","48282","0.0-4.0","ww07ua","Sun Oct 23 2022 08:08:42 GMT+0200 (CEST)","2022","10","23","8","8","42","qwe12","Thinking, Praying","Inner voice","58","49","male","right","27","69","37","1","13","{""HeartRate"":""58""}","[0]","",""
"4077","","","survey-text","5","52368","0.0-5.0","ww07ua","Sun Oct 23 2022 08:08:42 GMT+0200 (CEST)","2022","10","23","8","8","42","qwe12","Thinking, Praying","Inner voice","58","49","male","right","27","69","37","1","13","{""Q0"":""49""}","","",""
"4783","","","survey-multi-choice","6","57153","0.0-6.0","ww07ua","Sun Oct 23 2022 08:08:42 GMT+0200 (CEST)","2022","10","23","8","8","42","qwe12","Thinking, Praying","Inner voice","58","49","male","right","27","69","37","1","13","{""Gender"":""male"",""Hand"":""right""}","[0,1]","",""
"7558.999999999985","<p>How Sad/Angry or Happy are you right now?</p>","","html-slider-response","7","64716","0.0-7.0","ww07ua","Sun Oct 23 2022 08:08:42 GMT+0200 (CEST)","2022","10","23","8","8","42","qwe12","Thinking, Praying","Inner voice","58","49","male","right","27","69","37","1","13","","","50","27"
"6765.000000000007","<p>How Tired/Sleepy/Distracted or Fresh/Awake/Alert are you right now?</p>","","html-slider-response","8","71483","0.0-8.0","ww07ua","Sun Oct 23 2022 08:08:42 GMT+0200 (CEST)","2022","10","23","8","8","42","qwe12","Thinking, Praying","Inner voice","58","49","male","right","27","69","37","1","13","","","50","69"
"6033","<p>How Hungry or Satiated are you right now?</p>","","html-slider-response","9","77519","0.0-9.0","ww07ua","Sun Oct 23 2022 08:08:42 GMT+0200 (CEST)","2022","10","23","8","8","42","qwe12","Thinking, Praying","Inner voice","58","49","male","right","27","69","37","1","13","","","50","37"
"34339","","","survey-multi-choice","10","111864","0.0-10.0","ww07ua","Sun Oct 23 2022 08:08:42 GMT+0200 (CEST)","2022","10","23","8","8","42","qwe12","Thinking, Praying","Inner voice","58","49","male","right","27","69","37","1","13","{""Sleep"":""1"",""Eat"":""13""}","[0,1]","",""
