"rt","stimulus","key_press","trial_type","trial_index","time_elapsed","internal_node_id","exp_id","Time","year","month","date","hour","minute","seconds","id","Activity","MentalActivity","HeartRate","age","Gender","Handedness","mood","fresh","hunger","H_since_Sleep","H_since_Eat","responses","question_order","slider_start","response"
"null","<p>Welcome to this 1 min. survey on daily rhythms, body and mood.</p><p>You will be asked to report your heart-rate</p><p>and given some questions about yourself.</p><p>Take the test when prompted and/or at different times of the day/night.</p><p>Please make a personal ID (three letters+ two numbers, e.g. ept23).</p><p>Write it down and use this ID whenever taking the test.</p>","null","html-keyboard-response","0","10015","0.0-0.0","0afp3k","Mon Sep 19 2022 22:02:53 GMT+0200 (CEST)","2022","9","19","22","2","53","dlg05","Showering, Getting Ready","Inner voice","69","25","female","right","66","29","72","15","3","","","",""
"6084","","","survey-text","1","16111","0.0-1.0","0afp3k","Mon Sep 19 2022 22:02:53 GMT+0200 (CEST)","2022","9","19","22","2","53","dlg05","Showering, Getting Ready","Inner voice","69","25","female","right","66","29","72","15","3","{""Q0"":""dlg05""}","","",""
"19445","","","survey-multi-choice","2","35561","0.0-2.0","0afp3k","Mon Sep 19 2022 22:02:53 GMT+0200 (CEST)","2022","9","19","22","2","53","dlg05","Showering, Getting Ready","Inner voice","69","25","female","right","66","29","72","15","3","{""Activity"":""Showering, Getting Ready""}","[0]","",""
"4564","","","survey-multi-choice","3","40130","0.0-3.0","0afp3k","Mon Sep 19 2022 22:02:53 GMT+0200 (CEST)","2022","9","19","22","2","53","dlg05","Showering, Getting Ready","Inner voice","69","25","female","right","66","29","72","15","3","{""MentalActivity"":""Inner voice""}","[0]","",""
"5544","","","survey-multi-choice","4","45680","0.0-4.0","0afp3k","Mon Sep 19 2022 22:02:53 GMT+0200 (CEST)","2022","9","19","22","2","53","dlg05","Showering, Getting Ready","Inner voice","69","25","female","right","66","29","72","15","3","{""HeartRate"":""69""}","[0]","",""
"3202.0000000000073","","","survey-text","5","48892","0.0-5.0","0afp3k","Mon Sep 19 2022 22:02:53 GMT+0200 (CEST)","2022","9","19","22","2","53","dlg05","Showering, Getting Ready","Inner voice","69","25","female","right","66","29","72","15","3","{""Q0"":""25""}","","",""
"2413","","","survey-multi-choice","6","51306","0.0-6.0","0afp3k","Mon Sep 19 2022 22:02:53 GMT+0200 (CEST)","2022","9","19","22","2","53","dlg05","Showering, Getting Ready","Inner voice","69","25","female","right","66","29","72","15","3","{""Gender"":""female"",""Hand"":""right""}","[0,1]","",""
"3613.9999999999927","<p>How Sad/Angry or Happy are you right now?</p>","","html-slider-response","7","54957","0.0-7.0","0afp3k","Mon Sep 19 2022 22:02:53 GMT+0200 (CEST)","2022","9","19","22","2","53","dlg05","Showering, Getting Ready","Inner voice","69","25","female","right","66","29","72","15","3","","","50","66"
"2213.9999999999927","<p>How Tired/Sleepy/Distracted or Fresh/Awake/Alert are you right now?</p>","","html-slider-response","8","57173","0.0-8.0","0afp3k","Mon Sep 19 2022 22:02:53 GMT+0200 (CEST)","2022","9","19","22","2","53","dlg05","Showering, Getting Ready","Inner voice","69","25","female","right","66","29","72","15","3","","","50","29"
"4806","<p>How Hungry or Satiated are you right now?</p>","","html-slider-response","9","61982","0.0-9.0","0afp3k","Mon Sep 19 2022 22:02:53 GMT+0200 (CEST)","2022","9","19","22","2","53","dlg05","Showering, Getting Ready","Inner voice","69","25","female","right","66","29","72","15","3","","","50","72"
"15283","","","survey-multi-choice","10","77275","0.0-10.0","0afp3k","Mon Sep 19 2022 22:02:53 GMT+0200 (CEST)","2022","9","19","22","2","53","dlg05","Showering, Getting Ready","Inner voice","69","25","female","right","66","29","72","15","3","{""Sleep"":""15"",""Eat"":""3""}","[0,1]","",""
