"rt","stimulus","key_press","trial_type","trial_index","time_elapsed","internal_node_id","exp_id","Time","year","month","date","hour","minute","seconds","id","Activity","MentalActivity","HeartRate","age","Gender","Handedness","mood","fresh","hunger","H_since_Sleep","H_since_Eat","responses","question_order","slider_start","response"
"null","<p>Welcome to this 1 min. survey on daily rhythms, body and mood.</p><p>You will be asked to report your heart-rate</p><p>and given some questions about yourself.</p><p>Take the test when prompted and/or at different times of the day/night.</p><p>Please make a personal ID (three letters+ two numbers, e.g. ept23).</p><p>Write it down and use this ID whenever taking the test.</p>","null","html-keyboard-response","0","10014","0.0-0.0","x3rsx1","Wed Nov 09 2022 22:08:52 GMT+0100 (CET)","2022","11","9","22","8","52","yfg54","Playing","Inner voice","75","23","female","right","74","58","92","15","0","","","",""
"8155","","","survey-text","1","18313","0.0-1.0","x3rsx1","Wed Nov 09 2022 22:08:52 GMT+0100 (CET)","2022","11","9","22","8","52","yfg54","Playing","Inner voice","75","23","female","right","74","58","92","15","0","{""Q0"":""yfg54""}","","",""
"30469","","","survey-multi-choice","2","48791","0.0-2.0","x3rsx1","Wed Nov 09 2022 22:08:52 GMT+0100 (CET)","2022","11","9","22","8","52","yfg54","Playing","Inner voice","75","23","female","right","74","58","92","15","0","{""Activity"":""Playing""}","[0]","",""
"2933","","","survey-multi-choice","3","51728","0.0-3.0","x3rsx1","Wed Nov 09 2022 22:08:52 GMT+0100 (CET)","2022","11","9","22","8","52","yfg54","Playing","Inner voice","75","23","female","right","74","58","92","15","0","{""MentalActivity"":""Inner voice""}","[0]","",""
"4152.000000000007","","","survey-multi-choice","4","55893","0.0-4.0","x3rsx1","Wed Nov 09 2022 22:08:52 GMT+0100 (CET)","2022","11","9","22","8","52","yfg54","Playing","Inner voice","75","23","female","right","74","58","92","15","0","{""HeartRate"":""75""}","[0]","",""
"2841","","","survey-text","5","58746","0.0-5.0","x3rsx1","Wed Nov 09 2022 22:08:52 GMT+0100 (CET)","2022","11","9","22","8","52","yfg54","Playing","Inner voice","75","23","female","right","74","58","92","15","0","{""Q0"":""23""}","","",""
"4717","","","survey-multi-choice","6","63466","0.0-6.0","x3rsx1","Wed Nov 09 2022 22:08:52 GMT+0100 (CET)","2022","11","9","22","8","52","yfg54","Playing","Inner voice","75","23","female","right","74","58","92","15","0","{""Gender"":""female"",""Hand"":""right""}","[0,1]","",""
"6304","<p>How Sad/Angry or Happy are you right now?</p>","","html-slider-response","7","69782","0.0-7.0","x3rsx1","Wed Nov 09 2022 22:08:52 GMT+0100 (CET)","2022","11","9","22","8","52","yfg54","Playing","Inner voice","75","23","female","right","74","58","92","15","0","","","50","74"
"5338","<p>How Tired/Sleepy/Distracted or Fresh/Awake/Alert are you right now?</p>","","html-slider-response","8","75124","0.0-8.0","x3rsx1","Wed Nov 09 2022 22:08:52 GMT+0100 (CET)","2022","11","9","22","8","52","yfg54","Playing","Inner voice","75","23","female","right","74","58","92","15","0","","","50","58"
"4394.999999999985","<p>How Hungry or Satiated are you right now?</p>","","html-slider-response","9","79523","0.0-9.0","x3rsx1","Wed Nov 09 2022 22:08:52 GMT+0100 (CET)","2022","11","9","22","8","52","yfg54","Playing","Inner voice","75","23","female","right","74","58","92","15","0","","","50","92"
"16283","","","survey-multi-choice","10","95815","0.0-10.0","x3rsx1","Wed Nov 09 2022 22:08:52 GMT+0100 (CET)","2022","11","9","22","8","52","yfg54","Playing","Inner voice","75","23","female","right","74","58","92","15","0","{""Sleep"":""15"",""Eat"":""0""}","[0,1]","",""
