"rt","stimulus","key_press","trial_type","trial_index","time_elapsed","internal_node_id","exp_id","Time","year","month","date","hour","minute","seconds","id","Activity","MentalActivity","HeartRate","age","Gender","Handedness","mood","fresh","hunger","H_since_Sleep","H_since_Eat","responses","question_order","slider_start","response"
"null","<p>Welcome to this 1 min. survey on daily rhythms, body and mood.</p><p>You will be asked to report your heart-rate</p><p>and given some questions about yourself.</p><p>Take the test when prompted and/or at different times of the day/night.</p><p>Please make a personal ID (three letters+ two numbers, e.g. ept23).</p><p>Write it down and use this ID whenever taking the test.</p>","null","html-keyboard-response","0","10008","0.0-0.0","emcanj","Mon Sep 12 2022 11:08:53 GMT+0200 (CEST)","2022","9","12","11","8","53","kau00","Working, Studying","Inner voice","87","23","female","right","43","69","39","4","1","","","",""
"5934","","","survey-text","1","15963","0.0-1.0","emcanj","Mon Sep 12 2022 11:08:53 GMT+0200 (CEST)","2022","9","12","11","8","53","kau00","Working, Studying","Inner voice","87","23","female","right","43","69","39","4","1","{""Q0"":""kau00""}","","",""
"19096","","","survey-multi-choice","2","35063","0.0-2.0","emcanj","Mon Sep 12 2022 11:08:53 GMT+0200 (CEST)","2022","9","12","11","8","53","kau00","Working, Studying","Inner voice","87","23","female","right","43","69","39","4","1","{""Activity"":""Working, Studying""}","[0]","",""
"2888","","","survey-multi-choice","3","37955","0.0-3.0","emcanj","Mon Sep 12 2022 11:08:53 GMT+0200 (CEST)","2022","9","12","11","8","53","kau00","Working, Studying","Inner voice","87","23","female","right","43","69","39","4","1","{""MentalActivity"":""Inner voice""}","[0]","",""
"66427","","","survey-multi-choice","4","104389","0.0-4.0","emcanj","Mon Sep 12 2022 11:08:53 GMT+0200 (CEST)","2022","9","12","11","8","53","kau00","Working, Studying","Inner voice","87","23","female","right","43","69","39","4","1","{""HeartRate"":""87""}","[0]","",""
"3891","","","survey-text","5","108291","0.0-5.0","emcanj","Mon Sep 12 2022 11:08:53 GMT+0200 (CEST)","2022","9","12","11","8","53","kau00","Working, Studying","Inner voice","87","23","female","right","43","69","39","4","1","{""Q0"":""23""}","","",""
"3099","","","survey-multi-choice","6","111393","0.0-6.0","emcanj","Mon Sep 12 2022 11:08:53 GMT+0200 (CEST)","2022","9","12","11","8","53","kau00","Working, Studying","Inner voice","87","23","female","right","43","69","39","4","1","{""Gender"":""female"",""Hand"":""right""}","[0,1]","",""
"3139","<p>How Sad/Angry or Happy are you right now?</p>","","html-slider-response","7","114538","0.0-7.0","emcanj","Mon Sep 12 2022 11:08:53 GMT+0200 (CEST)","2022","9","12","11","8","53","kau00","Working, Studying","Inner voice","87","23","female","right","43","69","39","4","1","","","50","43"
"2710.0000000000146","<p>How Tired/Sleepy/Distracted or Fresh/Awake/Alert are you right now?</p>","","html-slider-response","8","117250","0.0-8.0","emcanj","Mon Sep 12 2022 11:08:53 GMT+0200 (CEST)","2022","9","12","11","8","53","kau00","Working, Studying","Inner voice","87","23","female","right","43","69","39","4","1","","","50","69"
"3263.9999999999854","<p>How Hungry or Satiated are you right now?</p>","","html-slider-response","9","120517","0.0-9.0","emcanj","Mon Sep 12 2022 11:08:53 GMT+0200 (CEST)","2022","9","12","11","8","53","kau00","Working, Studying","Inner voice","87","23","female","right","43","69","39","4","1","","","50","39"
"8392.000000000015","","","survey-multi-choice","10","128916","0.0-10.0","emcanj","Mon Sep 12 2022 11:08:53 GMT+0200 (CEST)","2022","9","12","11","8","53","kau00","Working, Studying","Inner voice","87","23","female","right","43","69","39","4","1","{""Sleep"":""4"",""Eat"":""1""}","[0,1]","",""
