"rt","stimulus","key_press","trial_type","trial_index","time_elapsed","internal_node_id","exp_id","Time","year","month","date","hour","minute","seconds","id","Activity","MentalActivity","HeartRate","age","Gender","Handedness","mood","fresh","hunger","H_since_Sleep","H_since_Eat","responses","question_order","slider_start","response"
"null","<p>Welcome to this 1 min. survey on daily rhythms, body and mood.</p><p>You will be asked to report your heart-rate</p><p>and given some questions about yourself.</p><p>Take the test when prompted and/or at different times of the day/night.</p><p>Please make a personal ID (three letters+ two numbers, e.g. ept23).</p><p>Write it down and use this ID whenever taking the test.</p>","null","html-keyboard-response","0","10104","0.0-0.0","sos1q9","Sat Oct 08 2022 19:32:28 GMT+0200 (CEST)","2022","10","8","19","32","28","yfg54","Watching TV","Sensory awareness","75","23","female","right","82","60","100","9","0","","","",""
"33128","","","survey-text","1","43286","0.0-1.0","sos1q9","Sat Oct 08 2022 19:32:28 GMT+0200 (CEST)","2022","10","8","19","32","28","yfg54","Watching TV","Sensory awareness","75","23","female","right","82","60","100","9","0","{""Q0"":""yfg54""}","","",""
"3644","","","survey-multi-choice","2","46937","0.0-2.0","sos1q9","Sat Oct 08 2022 19:32:28 GMT+0200 (CEST)","2022","10","8","19","32","28","yfg54","Watching TV","Sensory awareness","75","23","female","right","82","60","100","9","0","{""Activity"":""Watching TV""}","[0]","",""
"13972.999999999993","","","survey-multi-choice","3","60914","0.0-3.0","sos1q9","Sat Oct 08 2022 19:32:28 GMT+0200 (CEST)","2022","10","8","19","32","28","yfg54","Watching TV","Sensory awareness","75","23","female","right","82","60","100","9","0","{""MentalActivity"":""Sensory awareness""}","[0]","",""
"3935","","","survey-multi-choice","4","64860","0.0-4.0","sos1q9","Sat Oct 08 2022 19:32:28 GMT+0200 (CEST)","2022","10","8","19","32","28","yfg54","Watching TV","Sensory awareness","75","23","female","right","82","60","100","9","0","{""HeartRate"":""75""}","[0]","",""
"4256","","","survey-text","5","69130","0.0-5.0","sos1q9","Sat Oct 08 2022 19:32:28 GMT+0200 (CEST)","2022","10","8","19","32","28","yfg54","Watching TV","Sensory awareness","75","23","female","right","82","60","100","9","0","{""Q0"":""23""}","","",""
"3358","","","survey-multi-choice","6","72491","0.0-6.0","sos1q9","Sat Oct 08 2022 19:32:28 GMT+0200 (CEST)","2022","10","8","19","32","28","yfg54","Watching TV","Sensory awareness","75","23","female","right","82","60","100","9","0","{""Gender"":""female"",""Hand"":""right""}","[0,1]","",""
"6010","<p>How Sad/Angry or Happy are you right now?</p>","","html-slider-response","7","78510","0.0-7.0","sos1q9","Sat Oct 08 2022 19:32:28 GMT+0200 (CEST)","2022","10","8","19","32","28","yfg54","Watching TV","Sensory awareness","75","23","female","right","82","60","100","9","0","","","50","82"
"9456","<p>How Tired/Sleepy/Distracted or Fresh/Awake/Alert are you right now?</p>","","html-slider-response","8","87970","0.0-8.0","sos1q9","Sat Oct 08 2022 19:32:28 GMT+0200 (CEST)","2022","10","8","19","32","28","yfg54","Watching TV","Sensory awareness","75","23","female","right","82","60","100","9","0","","","50","60"
"3599","<p>How Hungry or Satiated are you right now?</p>","","html-slider-response","9","91573","0.0-9.0","sos1q9","Sat Oct 08 2022 19:32:28 GMT+0200 (CEST)","2022","10","8","19","32","28","yfg54","Watching TV","Sensory awareness","75","23","female","right","82","60","100","9","0","","","50","100"
"43400.00000000003","","","survey-multi-choice","10","134983","0.0-10.0","sos1q9","Sat Oct 08 2022 19:32:28 GMT+0200 (CEST)","2022","10","8","19","32","28","yfg54","Watching TV","Sensory awareness","75","23","female","right","82","60","100","9","0","{""Sleep"":""9"",""Eat"":""0""}","[0,1]","",""
