"rt","stimulus","key_press","trial_type","trial_index","time_elapsed","internal_node_id","exp_id","Time","year","month","date","hour","minute","seconds","id","Activity","MentalActivity","HeartRate","age","Gender","Handedness","mood","fresh","hunger","H_since_Sleep","H_since_Eat","responses","question_order","slider_start","response"
"null","<p>Welcome to this 1 min. survey on daily rhythms, body and mood.</p><p>You will be asked to report your heart-rate</p><p>and given some questions about yourself.</p><p>Take the test when prompted and/or at different times of the day/night.</p><p>Please make a personal ID (three letters+ two numbers, e.g. ept23).</p><p>Write it down and use this ID whenever taking the test.</p>","null","html-keyboard-response","0","10008","0.0-0.0","2dj248","Thu Oct 27 2022 06:45:13 GMT+0200 (CEST)","2022","10","27","6","45","13","qwe12","Texting, Emailing, Social Networking","Inner voice","66","49","male","right","67","64","29","0","12","","","",""
"15066","","","survey-text","1","25091","0.0-1.0","2dj248","Thu Oct 27 2022 06:45:13 GMT+0200 (CEST)","2022","10","27","6","45","13","qwe12","Texting, Emailing, Social Networking","Inner voice","66","49","male","right","67","64","29","0","12","{""Q0"":""qwe12""}","","",""
"24990","","","survey-multi-choice","2","50085","0.0-2.0","2dj248","Thu Oct 27 2022 06:45:13 GMT+0200 (CEST)","2022","10","27","6","45","13","qwe12","Texting, Emailing, Social Networking","Inner voice","66","49","male","right","67","64","29","0","12","{""Activity"":""Texting, Emailing, Social Networking""}","[0]","",""
"4086","","","survey-multi-choice","3","54173","0.0-3.0","2dj248","Thu Oct 27 2022 06:45:13 GMT+0200 (CEST)","2022","10","27","6","45","13","qwe12","Texting, Emailing, Social Networking","Inner voice","66","49","male","right","67","64","29","0","12","{""MentalActivity"":""Inner voice""}","[0]","",""
"62352","","","survey-multi-choice","4","116531","0.0-4.0","2dj248","Thu Oct 27 2022 06:45:13 GMT+0200 (CEST)","2022","10","27","6","45","13","qwe12","Texting, Emailing, Social Networking","Inner voice","66","49","male","right","67","64","29","0","12","{""HeartRate"":""66""}","[0]","",""
"4741","","","survey-text","5","121285","0.0-5.0","2dj248","Thu Oct 27 2022 06:45:13 GMT+0200 (CEST)","2022","10","27","6","45","13","qwe12","Texting, Emailing, Social Networking","Inner voice","66","49","male","right","67","64","29","0","12","{""Q0"":""49""}","","",""
"4053.0000000000146","","","survey-multi-choice","6","125342","0.0-6.0","2dj248","Thu Oct 27 2022 06:45:13 GMT+0200 (CEST)","2022","10","27","6","45","13","qwe12","Texting, Emailing, Social Networking","Inner voice","66","49","male","right","67","64","29","0","12","{""Gender"":""male"",""Hand"":""right""}","[0,1]","",""
"7891","<p>How Sad/Angry or Happy are you right now?</p>","","html-slider-response","7","133238","0.0-7.0","2dj248","Thu Oct 27 2022 06:45:13 GMT+0200 (CEST)","2022","10","27","6","45","13","qwe12","Texting, Emailing, Social Networking","Inner voice","66","49","male","right","67","64","29","0","12","","","50","67"
"7148","<p>How Tired/Sleepy/Distracted or Fresh/Awake/Alert are you right now?</p>","","html-slider-response","8","140389","0.0-8.0","2dj248","Thu Oct 27 2022 06:45:13 GMT+0200 (CEST)","2022","10","27","6","45","13","qwe12","Texting, Emailing, Social Networking","Inner voice","66","49","male","right","67","64","29","0","12","","","50","64"
"4484","<p>How Hungry or Satiated are you right now?</p>","","html-slider-response","9","144875","0.0-9.0","2dj248","Thu Oct 27 2022 06:45:13 GMT+0200 (CEST)","2022","10","27","6","45","13","qwe12","Texting, Emailing, Social Networking","Inner voice","66","49","male","right","67","64","29","0","12","","","50","29"
"21817","","","survey-multi-choice","10","166697","0.0-10.0","2dj248","Thu Oct 27 2022 06:45:13 GMT+0200 (CEST)","2022","10","27","6","45","13","qwe12","Texting, Emailing, Social Networking","Inner voice","66","49","male","right","67","64","29","0","12","{""Sleep"":""0"",""Eat"":""12""}","[0,1]","",""
