"rt","stimulus","key_press","trial_type","trial_index","time_elapsed","internal_node_id","exp_id","Time","year","month","date","hour","minute","seconds","id","Activity","MentalActivity","HeartRate","age","Gender","Handedness","mood","fresh","hunger","H_since_Sleep","H_since_Eat","responses","question_order","slider_start","response"
"null","<p>Welcome to this 1 min. survey on daily rhythms, body and mood.</p><p>You will be asked to report your heart-rate</p><p>and given some questions about yourself.</p><p>Take the test when prompted and/or at different times of the day/night.</p><p>Please make a personal ID (three letters+ two numbers, e.g. ept23).</p><p>Write it down and use this ID whenever taking the test.</p>","null","html-keyboard-response","0","10005","0.0-0.0","agufy1","Sat Sep 17 2022 12:51:31 GMT+0200 (CEST)","2022","9","17","12","51","31","qwe12","Working, Studying","Inner voice","79","49","male","right","75","96","58","6","1","","","",""
"19977.000000000004","","","survey-text","1","29992","0.0-1.0","agufy1","Sat Sep 17 2022 12:51:31 GMT+0200 (CEST)","2022","9","17","12","51","31","qwe12","Working, Studying","Inner voice","79","49","male","right","75","96","58","6","1","{""Q0"":""qwe12""}","","",""
"5491.999999999996","","","survey-multi-choice","2","35489","0.0-2.0","agufy1","Sat Sep 17 2022 12:51:31 GMT+0200 (CEST)","2022","9","17","12","51","31","qwe12","Working, Studying","Inner voice","79","49","male","right","75","96","58","6","1","{""Activity"":""Working, Studying""}","[0]","",""
"4044.0000000000073","","","survey-multi-choice","3","39536","0.0-3.0","agufy1","Sat Sep 17 2022 12:51:31 GMT+0200 (CEST)","2022","9","17","12","51","31","qwe12","Working, Studying","Inner voice","79","49","male","right","75","96","58","6","1","{""MentalActivity"":""Inner voice""}","[0]","",""
"9364.999999999993","","","survey-multi-choice","4","48908","0.0-4.0","agufy1","Sat Sep 17 2022 12:51:31 GMT+0200 (CEST)","2022","9","17","12","51","31","qwe12","Working, Studying","Inner voice","79","49","male","right","75","96","58","6","1","{""HeartRate"":""79""}","[0]","",""
"5091","","","survey-text","5","54012","0.0-5.0","agufy1","Sat Sep 17 2022 12:51:31 GMT+0200 (CEST)","2022","9","17","12","51","31","qwe12","Working, Studying","Inner voice","79","49","male","right","75","96","58","6","1","{""Q0"":""49""}","","",""
"3262","","","survey-multi-choice","6","57276","0.0-6.0","agufy1","Sat Sep 17 2022 12:51:31 GMT+0200 (CEST)","2022","9","17","12","51","31","qwe12","Working, Studying","Inner voice","79","49","male","right","75","96","58","6","1","{""Gender"":""male"",""Hand"":""right""}","[0,1]","",""
"4942.000000000007","<p>How Sad/Angry or Happy are you right now?</p>","","html-slider-response","7","62222","0.0-7.0","agufy1","Sat Sep 17 2022 12:51:31 GMT+0200 (CEST)","2022","9","17","12","51","31","qwe12","Working, Studying","Inner voice","79","49","male","right","75","96","58","6","1","","","50","75"
"4564.999999999993","<p>How Tired/Sleepy/Distracted or Fresh/Awake/Alert are you right now?</p>","","html-slider-response","8","66789","0.0-8.0","agufy1","Sat Sep 17 2022 12:51:31 GMT+0200 (CEST)","2022","9","17","12","51","31","qwe12","Working, Studying","Inner voice","79","49","male","right","75","96","58","6","1","","","50","96"
"4471","<p>How Hungry or Satiated are you right now?</p>","","html-slider-response","9","71263","0.0-9.0","agufy1","Sat Sep 17 2022 12:51:31 GMT+0200 (CEST)","2022","9","17","12","51","31","qwe12","Working, Studying","Inner voice","79","49","male","right","75","96","58","6","1","","","50","58"
"23126.000000000015","","","survey-multi-choice","10","94489","0.0-10.0","agufy1","Sat Sep 17 2022 12:51:31 GMT+0200 (CEST)","2022","9","17","12","51","31","qwe12","Working, Studying","Inner voice","79","49","male","right","75","96","58","6","1","{""Sleep"":""6"",""Eat"":""1""}","[0,1]","",""
