"rt","stimulus","key_press","trial_type","trial_index","time_elapsed","internal_node_id","exp_id","Time","year","month","date","hour","minute","seconds","id","Activity","MentalActivity","HeartRate","age","Gender","Handedness","mood","fresh","hunger","H_since_Sleep","H_since_Eat","responses","question_order","slider_start","response"
"null","<p>Welcome to this 1 min. survey on daily rhythms, body and mood.</p><p>You will be asked to report your heart-rate</p><p>and given some questions about yourself.</p><p>Take the test when prompted and/or at different times of the day/night.</p><p>Please make a personal ID (three letters+ two numbers, e.g. ept23).</p><p>Write it down and use this ID whenever taking the test.</p>","null","html-keyboard-response","0","10014","0.0-0.0","p122gu","Wed Oct 19 2022 23:56:22 GMT+0200 (Centraleuropæisk sommertid)","2022","10","19","23","56","22","Cic22","Chatting","Inner voice","60","22","female","right","91","10","34","15","2","","","",""
"7801","","","survey-text","1","17843","0.0-1.0","p122gu","Wed Oct 19 2022 23:56:22 GMT+0200 (Centraleuropæisk sommertid)","2022","10","19","23","56","22","Cic22","Chatting","Inner voice","60","22","female","right","91","10","34","15","2","{""Q0"":""Cic22""}","","",""
"17641","","","survey-multi-choice","2","35499","0.0-2.0","p122gu","Wed Oct 19 2022 23:56:22 GMT+0200 (Centraleuropæisk sommertid)","2022","10","19","23","56","22","Cic22","Chatting","Inner voice","60","22","female","right","91","10","34","15","2","{""Activity"":""Chatting""}","[0]","",""
"6271.899999976158","","","survey-multi-choice","3","41781","0.0-3.0","p122gu","Wed Oct 19 2022 23:56:22 GMT+0200 (Centraleuropæisk sommertid)","2022","10","19","23","56","22","Cic22","Chatting","Inner voice","60","22","female","right","91","10","34","15","2","{""MentalActivity"":""Inner voice""}","[0]","",""
"14185.5","","","survey-multi-choice","4","55998","0.0-4.0","p122gu","Wed Oct 19 2022 23:56:22 GMT+0200 (Centraleuropæisk sommertid)","2022","10","19","23","56","22","Cic22","Chatting","Inner voice","60","22","female","right","91","10","34","15","2","{""HeartRate"":""60""}","[0]","",""
"15574.099999964237","","","survey-text","5","71586","0.0-5.0","p122gu","Wed Oct 19 2022 23:56:22 GMT+0200 (Centraleuropæisk sommertid)","2022","10","19","23","56","22","Cic22","Chatting","Inner voice","60","22","female","right","91","10","34","15","2","{""Q0"":""22""}","","",""
"2900.300000011921","","","survey-multi-choice","6","74496","0.0-6.0","p122gu","Wed Oct 19 2022 23:56:22 GMT+0200 (Centraleuropæisk sommertid)","2022","10","19","23","56","22","Cic22","Chatting","Inner voice","60","22","female","right","91","10","34","15","2","{""Gender"":""female"",""Hand"":""right""}","[0,1]","",""
"17867.5","<p>How Sad/Angry or Happy are you right now?</p>","","html-slider-response","7","92380","0.0-7.0","p122gu","Wed Oct 19 2022 23:56:22 GMT+0200 (Centraleuropæisk sommertid)","2022","10","19","23","56","22","Cic22","Chatting","Inner voice","60","22","female","right","91","10","34","15","2","","","50","91"
"17582.5","<p>How Tired/Sleepy/Distracted or Fresh/Awake/Alert are you right now?</p>","","html-slider-response","8","109970","0.0-8.0","p122gu","Wed Oct 19 2022 23:56:22 GMT+0200 (Centraleuropæisk sommertid)","2022","10","19","23","56","22","Cic22","Chatting","Inner voice","60","22","female","right","91","10","34","15","2","","","50","10"
"49130.799999952316","<p>How Hungry or Satiated are you right now?</p>","","html-slider-response","9","159108","0.0-9.0","p122gu","Wed Oct 19 2022 23:56:22 GMT+0200 (Centraleuropæisk sommertid)","2022","10","19","23","56","22","Cic22","Chatting","Inner voice","60","22","female","right","91","10","34","15","2","","","50","34"
"113817","","","survey-multi-choice","10","272946","0.0-10.0","p122gu","Wed Oct 19 2022 23:56:22 GMT+0200 (Centraleuropæisk sommertid)","2022","10","19","23","56","22","Cic22","Chatting","Inner voice","60","22","female","right","91","10","34","15","2","{""Sleep"":""15"",""Eat"":""2""}","[0,1]","",""
