"rt","stimulus","key_press","trial_type","trial_index","time_elapsed","internal_node_id","exp_id","Time","year","month","date","hour","minute","seconds","id","Activity","MentalActivity","HeartRate","age","Gender","Handedness","mood","fresh","hunger","H_since_Sleep","H_since_Eat","responses","question_order","slider_start","response"
"null","<p>Welcome to this 1 min. survey on daily rhythms, body and mood.</p><p>You will be asked to report your heart-rate</p><p>and given some questions about yourself.</p><p>Take the test when prompted and/or at different times of the day/night.</p><p>Please make a personal ID (three letters+ two numbers, e.g. ept23).</p><p>Write it down and use this ID whenever taking the test.</p>","null","html-keyboard-response","0","10021","0.0-0.0","qqsmtz","Tue Sep 13 2022 14:12:00 GMT+0200 (Centraleuropæisk sommertid)","2022","9","13","14","12","0","rex13","Working, Studying","Unsymbolized thinking","63","24","male","right","36","22","33","5","4","","","",""
"9752.70000000298","","","survey-text","1","19817","0.0-1.0","qqsmtz","Tue Sep 13 2022 14:12:00 GMT+0200 (Centraleuropæisk sommertid)","2022","9","13","14","12","0","rex13","Working, Studying","Unsymbolized thinking","63","24","male","right","36","22","33","5","4","{""Q0"":""rex13""}","","",""
"9864.79999999702","","","survey-multi-choice","2","29706","0.0-2.0","qqsmtz","Tue Sep 13 2022 14:12:00 GMT+0200 (Centraleuropæisk sommertid)","2022","9","13","14","12","0","rex13","Working, Studying","Unsymbolized thinking","63","24","male","right","36","22","33","5","4","{""Activity"":""Working, Studying""}","[0]","",""
"5903.199999988079","","","survey-multi-choice","3","35618","0.0-3.0","qqsmtz","Tue Sep 13 2022 14:12:00 GMT+0200 (Centraleuropæisk sommertid)","2022","9","13","14","12","0","rex13","Working, Studying","Unsymbolized thinking","63","24","male","right","36","22","33","5","4","{""MentalActivity"":""Unsymbolized thinking""}","[0]","",""
"40720.09999999404","","","survey-multi-choice","4","76359","0.0-4.0","qqsmtz","Tue Sep 13 2022 14:12:00 GMT+0200 (Centraleuropæisk sommertid)","2022","9","13","14","12","0","rex13","Working, Studying","Unsymbolized thinking","63","24","male","right","36","22","33","5","4","{""HeartRate"":""63""}","[0]","",""
"2977","","","survey-text","5","79350","0.0-5.0","qqsmtz","Tue Sep 13 2022 14:12:00 GMT+0200 (Centraleuropæisk sommertid)","2022","9","13","14","12","0","rex13","Working, Studying","Unsymbolized thinking","63","24","male","right","36","22","33","5","4","{""Q0"":""24""}","","",""
"3466.9000000059605","","","survey-multi-choice","6","82831","0.0-6.0","qqsmtz","Tue Sep 13 2022 14:12:00 GMT+0200 (Centraleuropæisk sommertid)","2022","9","13","14","12","0","rex13","Working, Studying","Unsymbolized thinking","63","24","male","right","36","22","33","5","4","{""Gender"":""male"",""Hand"":""right""}","[0,1]","",""
"2736","<p>How Sad/Angry or Happy are you right now?</p>","","html-slider-response","7","85580","0.0-7.0","qqsmtz","Tue Sep 13 2022 14:12:00 GMT+0200 (Centraleuropæisk sommertid)","2022","9","13","14","12","0","rex13","Working, Studying","Unsymbolized thinking","63","24","male","right","36","22","33","5","4","","","50","36"
"4240.9000000059605","<p>How Tired/Sleepy/Distracted or Fresh/Awake/Alert are you right now?</p>","","html-slider-response","8","89830","0.0-8.0","qqsmtz","Tue Sep 13 2022 14:12:00 GMT+0200 (Centraleuropæisk sommertid)","2022","9","13","14","12","0","rex13","Working, Studying","Unsymbolized thinking","63","24","male","right","36","22","33","5","4","","","50","22"
"2843.0999999940395","<p>How Hungry or Satiated are you right now?</p>","","html-slider-response","9","92679","0.0-9.0","qqsmtz","Tue Sep 13 2022 14:12:00 GMT+0200 (Centraleuropæisk sommertid)","2022","9","13","14","12","0","rex13","Working, Studying","Unsymbolized thinking","63","24","male","right","36","22","33","5","4","","","50","33"
"21805.20000000298","","","survey-multi-choice","10","114499","0.0-10.0","qqsmtz","Tue Sep 13 2022 14:12:00 GMT+0200 (Centraleuropæisk sommertid)","2022","9","13","14","12","0","rex13","Working, Studying","Unsymbolized thinking","63","24","male","right","36","22","33","5","4","{""Sleep"":""5"",""Eat"":""4""}","[0,1]","",""
