"rt","stimulus","key_press","trial_type","trial_index","time_elapsed","internal_node_id","exp_id","Time","year","month","date","hour","minute","seconds","id","Activity","MentalActivity","HeartRate","age","Gender","Handedness","mood","fresh","hunger","H_since_Sleep","H_since_Eat","responses","question_order","slider_start","response"
"null","<p>Welcome to this 1 min. survey on daily rhythms, body and mood.</p><p>You will be asked to report your heart-rate</p><p>and given some questions about yourself.</p><p>Take the test when prompted and/or at different times of the day/night.</p><p>Please make a personal ID (three letters+ two numbers, e.g. ept23).</p><p>Write it down and use this ID whenever taking the test.</p>","null","html-keyboard-response","0","10008","0.0-0.0","n3stwo","Sun Oct 09 2022 18:43:47 GMT+0200 (CEST)","2022","10","9","18","43","47","hej12","Watching TV","Inner voice","75","25","female","right","80","74","100","11","0","","","",""
"4102.999999999998","","","survey-text","1","14127","0.0-1.0","n3stwo","Sun Oct 09 2022 18:43:47 GMT+0200 (CEST)","2022","10","9","18","43","47","hej12","Watching TV","Inner voice","75","25","female","right","80","74","100","11","0","{""Q0"":""hej12""}","","",""
"3068","","","survey-multi-choice","2","17199","0.0-2.0","n3stwo","Sun Oct 09 2022 18:43:47 GMT+0200 (CEST)","2022","10","9","18","43","47","hej12","Watching TV","Inner voice","75","25","female","right","80","74","100","11","0","{""Activity"":""Watching TV""}","[0]","",""
"13863","","","survey-multi-choice","3","31065","0.0-3.0","n3stwo","Sun Oct 09 2022 18:43:47 GMT+0200 (CEST)","2022","10","9","18","43","47","hej12","Watching TV","Inner voice","75","25","female","right","80","74","100","11","0","{""MentalActivity"":""Inner voice""}","[0]","",""
"50818","","","survey-multi-choice","4","81891","0.0-4.0","n3stwo","Sun Oct 09 2022 18:43:47 GMT+0200 (CEST)","2022","10","9","18","43","47","hej12","Watching TV","Inner voice","75","25","female","right","80","74","100","11","0","{""HeartRate"":""75""}","[0]","",""
"8458","","","survey-text","5","90360","0.0-5.0","n3stwo","Sun Oct 09 2022 18:43:47 GMT+0200 (CEST)","2022","10","9","18","43","47","hej12","Watching TV","Inner voice","75","25","female","right","80","74","100","11","0","{""Q0"":""25""}","","",""
"2952","","","survey-multi-choice","6","93314","0.0-6.0","n3stwo","Sun Oct 09 2022 18:43:47 GMT+0200 (CEST)","2022","10","9","18","43","47","hej12","Watching TV","Inner voice","75","25","female","right","80","74","100","11","0","{""Gender"":""female"",""Hand"":""right""}","[0,1]","",""
"3085","<p>How Sad/Angry or Happy are you right now?</p>","","html-slider-response","7","96403","0.0-7.0","n3stwo","Sun Oct 09 2022 18:43:47 GMT+0200 (CEST)","2022","10","9","18","43","47","hej12","Watching TV","Inner voice","75","25","female","right","80","74","100","11","0","","","50","80"
"5035","<p>How Tired/Sleepy/Distracted or Fresh/Awake/Alert are you right now?</p>","","html-slider-response","8","101440","0.0-8.0","n3stwo","Sun Oct 09 2022 18:43:47 GMT+0200 (CEST)","2022","10","9","18","43","47","hej12","Watching TV","Inner voice","75","25","female","right","80","74","100","11","0","","","50","74"
"3990","<p>How Hungry or Satiated are you right now?</p>","","html-slider-response","9","105433","0.0-9.0","n3stwo","Sun Oct 09 2022 18:43:47 GMT+0200 (CEST)","2022","10","9","18","43","47","hej12","Watching TV","Inner voice","75","25","female","right","80","74","100","11","0","","","50","100"
"47865.999999999985","","","survey-multi-choice","10","153305","0.0-10.0","n3stwo","Sun Oct 09 2022 18:43:47 GMT+0200 (CEST)","2022","10","9","18","43","47","hej12","Watching TV","Inner voice","75","25","female","right","80","74","100","11","0","{""Sleep"":""11"",""Eat"":""0""}","[0,1]","",""
