"rt","stimulus","key_press","trial_type","trial_index","time_elapsed","internal_node_id","exp_id","Time","year","month","date","hour","minute","seconds","id","Activity","MentalActivity","HeartRate","age","Gender","Handedness","mood","fresh","hunger","H_since_Sleep","H_since_Eat","responses","question_order","slider_start","response"
"null","<p>Welcome to this 1 min. survey on daily rhythms, body and mood.</p><p>You will be asked to report your heart-rate</p><p>and given some questions about yourself.</p><p>Take the test when prompted and/or at different times of the day/night.</p><p>Please make a personal ID (three letters+ two numbers, e.g. ept23).</p><p>Write it down and use this ID whenever taking the test.</p>","null","html-keyboard-response","0","10011","0.0-0.0","80hkpf","Sat Nov 19 2022 13:51:25 GMT+0100 (CET)","2022","11","19","13","51","25","yfg54","Working, Studying","Inner voice","75","23","female","right","76","65","38","6","4","","","",""
"20225","","","survey-text","1","30406","0.0-1.0","80hkpf","Sat Nov 19 2022 13:51:25 GMT+0100 (CET)","2022","11","19","13","51","25","yfg54","Working, Studying","Inner voice","75","23","female","right","76","65","38","6","4","{""Q0"":""yfg54""}","","",""
"4599.000000000007","","","survey-multi-choice","2","35009","0.0-2.0","80hkpf","Sat Nov 19 2022 13:51:25 GMT+0100 (CET)","2022","11","19","13","51","25","yfg54","Working, Studying","Inner voice","75","23","female","right","76","65","38","6","4","{""Activity"":""Working, Studying""}","[0]","",""
"3073","","","survey-multi-choice","3","38083","0.0-3.0","80hkpf","Sat Nov 19 2022 13:51:25 GMT+0100 (CET)","2022","11","19","13","51","25","yfg54","Working, Studying","Inner voice","75","23","female","right","76","65","38","6","4","{""MentalActivity"":""Inner voice""}","[0]","",""
"501027","","","survey-multi-choice","4","901067","0.0-4.0","80hkpf","Sat Nov 19 2022 13:51:25 GMT+0100 (CET)","2022","11","19","13","51","25","yfg54","Working, Studying","Inner voice","75","23","female","right","76","65","38","6","4","{""HeartRate"":""75""}","[0]","",""
"2852","","","survey-text","5","903930","0.0-5.0","80hkpf","Sat Nov 19 2022 13:51:25 GMT+0100 (CET)","2022","11","19","13","51","25","yfg54","Working, Studying","Inner voice","75","23","female","right","76","65","38","6","4","{""Q0"":""23""}","","",""
"4680","","","survey-multi-choice","6","908615","0.0-6.0","80hkpf","Sat Nov 19 2022 13:51:25 GMT+0100 (CET)","2022","11","19","13","51","25","yfg54","Working, Studying","Inner voice","75","23","female","right","76","65","38","6","4","{""Gender"":""female"",""Hand"":""right""}","[0,1]","",""
"7189.000000000116","<p>How Sad/Angry or Happy are you right now?</p>","","html-slider-response","7","915815","0.0-7.0","80hkpf","Sat Nov 19 2022 13:51:25 GMT+0100 (CET)","2022","11","19","13","51","25","yfg54","Working, Studying","Inner voice","75","23","female","right","76","65","38","6","4","","","50","76"
"7955.999999999884","<p>How Tired/Sleepy/Distracted or Fresh/Awake/Alert are you right now?</p>","","html-slider-response","8","923774","0.0-8.0","80hkpf","Sat Nov 19 2022 13:51:25 GMT+0100 (CET)","2022","11","19","13","51","25","yfg54","Working, Studying","Inner voice","75","23","female","right","76","65","38","6","4","","","50","65"
"3593.0000000001164","<p>How Hungry or Satiated are you right now?</p>","","html-slider-response","9","927372","0.0-9.0","80hkpf","Sat Nov 19 2022 13:51:25 GMT+0100 (CET)","2022","11","19","13","51","25","yfg54","Working, Studying","Inner voice","75","23","female","right","76","65","38","6","4","","","50","38"
"14219","","","survey-multi-choice","10","941598","0.0-10.0","80hkpf","Sat Nov 19 2022 13:51:25 GMT+0100 (CET)","2022","11","19","13","51","25","yfg54","Working, Studying","Inner voice","75","23","female","right","76","65","38","6","4","{""Sleep"":""6"",""Eat"":""4""}","[0,1]","",""
