"rt","stimulus","key_press","trial_type","trial_index","time_elapsed","internal_node_id","exp_id","Time","year","month","date","hour","minute","seconds","id","Activity","MentalActivity","HeartRate","age","Gender","Handedness","mood","fresh","hunger","H_since_Sleep","H_since_Eat","responses","question_order","slider_start","response"
"null","<p>Welcome to this 1 min. survey on daily rhythms, body and mood.</p><p>You will be asked to report your heart-rate</p><p>and given some questions about yourself.</p><p>Take the test when prompted and/or at different times of the day/night.</p><p>Please make a personal ID (three letters+ two numbers, e.g. ept23).</p><p>Write it down and use this ID whenever taking the test.</p>","null","html-keyboard-response","0","10017","0.0-0.0","3pcbtm","Mon Oct 31 2022 06:59:56 GMT+0100 (CET)","2022","10","31","6","59","56","dlg05","Sleeping, Resting","Unsymbolized thinking","60","25","female","right","70","6","30","0","11","","","",""
"8584","","","survey-text","1","18637","0.0-1.0","3pcbtm","Mon Oct 31 2022 06:59:56 GMT+0100 (CET)","2022","10","31","6","59","56","dlg05","Sleeping, Resting","Unsymbolized thinking","60","25","female","right","70","6","30","0","11","{""Q0"":""dlg05""}","","",""
"5674.000000000004","","","survey-multi-choice","2","24318","0.0-2.0","3pcbtm","Mon Oct 31 2022 06:59:56 GMT+0100 (CET)","2022","10","31","6","59","56","dlg05","Sleeping, Resting","Unsymbolized thinking","60","25","female","right","70","6","30","0","11","{""Activity"":""Sleeping, Resting""}","[0]","",""
"13174","","","survey-multi-choice","3","37495","0.0-3.0","3pcbtm","Mon Oct 31 2022 06:59:56 GMT+0100 (CET)","2022","10","31","6","59","56","dlg05","Sleeping, Resting","Unsymbolized thinking","60","25","female","right","70","6","30","0","11","{""MentalActivity"":""Unsymbolized thinking""}","[0]","",""
"6703","","","survey-multi-choice","4","44203","0.0-4.0","3pcbtm","Mon Oct 31 2022 06:59:56 GMT+0100 (CET)","2022","10","31","6","59","56","dlg05","Sleeping, Resting","Unsymbolized thinking","60","25","female","right","70","6","30","0","11","{""HeartRate"":""60""}","[0]","",""
"3545.9999999999927","","","survey-text","5","47760","0.0-5.0","3pcbtm","Mon Oct 31 2022 06:59:56 GMT+0100 (CET)","2022","10","31","6","59","56","dlg05","Sleeping, Resting","Unsymbolized thinking","60","25","female","right","70","6","30","0","11","{""Q0"":""25""}","","",""
"2681","","","survey-multi-choice","6","50444","0.0-6.0","3pcbtm","Mon Oct 31 2022 06:59:56 GMT+0100 (CET)","2022","10","31","6","59","56","dlg05","Sleeping, Resting","Unsymbolized thinking","60","25","female","right","70","6","30","0","11","{""Gender"":""female"",""Hand"":""right""}","[0,1]","",""
"5736","<p>How Sad/Angry or Happy are you right now?</p>","","html-slider-response","7","56188","0.0-7.0","3pcbtm","Mon Oct 31 2022 06:59:56 GMT+0100 (CET)","2022","10","31","6","59","56","dlg05","Sleeping, Resting","Unsymbolized thinking","60","25","female","right","70","6","30","0","11","","","50","70"
"8442","<p>How Tired/Sleepy/Distracted or Fresh/Awake/Alert are you right now?</p>","","html-slider-response","8","64643","0.0-8.0","3pcbtm","Mon Oct 31 2022 06:59:56 GMT+0100 (CET)","2022","10","31","6","59","56","dlg05","Sleeping, Resting","Unsymbolized thinking","60","25","female","right","70","6","30","0","11","","","50","6"
"3016","<p>How Hungry or Satiated are you right now?</p>","","html-slider-response","9","67665","0.0-9.0","3pcbtm","Mon Oct 31 2022 06:59:56 GMT+0100 (CET)","2022","10","31","6","59","56","dlg05","Sleeping, Resting","Unsymbolized thinking","60","25","female","right","70","6","30","0","11","","","50","30"
"31648.000000000015","","","survey-multi-choice","10","99327","0.0-10.0","3pcbtm","Mon Oct 31 2022 06:59:56 GMT+0100 (CET)","2022","10","31","6","59","56","dlg05","Sleeping, Resting","Unsymbolized thinking","60","25","female","right","70","6","30","0","11","{""Sleep"":""0"",""Eat"":""11""}","[0,1]","",""
