"rt","stimulus","key_press","trial_type","trial_index","time_elapsed","internal_node_id","exp_id","Time","year","month","date","hour","minute","seconds","id","Activity","MentalActivity","HeartRate","age","Gender","Handedness","mood","fresh","hunger","H_since_Sleep","H_since_Eat","responses","question_order","slider_start","response"
"null","<p>Welcome to this 1 min. survey on daily rhythms, body and mood.</p><p>You will be asked to report your heart-rate</p><p>and given some questions about yourself.</p><p>Take the test when prompted and/or at different times of the day/night.</p><p>Please make a personal ID (three letters+ two numbers, e.g. ept23).</p><p>Write it down and use this ID whenever taking the test.</p>","null","html-keyboard-response","0","10023","0.0-0.0","7dtycg","Sun Sep 25 2022 21:58:25 GMT+0200 (Centraleuropæisk sommertid)","2022","9","25","21","58","25","rex13","Sleeping, Resting","Inner voice","63","24","male","right","40","11","100","13","2","","","",""
"8078","","","survey-text","1","18155","0.0-1.0","7dtycg","Sun Sep 25 2022 21:58:25 GMT+0200 (Centraleuropæisk sommertid)","2022","9","25","21","58","25","rex13","Sleeping, Resting","Inner voice","63","24","male","right","40","11","100","13","2","{""Q0"":""rex13""}","","",""
"13143.70000000298","","","survey-multi-choice","2","31314","0.0-2.0","7dtycg","Sun Sep 25 2022 21:58:25 GMT+0200 (Centraleuropæisk sommertid)","2022","9","25","21","58","25","rex13","Sleeping, Resting","Inner voice","63","24","male","right","40","11","100","13","2","{""Activity"":""Sleeping, Resting""}","[0]","",""
"4751.800000000745","","","survey-multi-choice","3","36075","0.0-3.0","7dtycg","Sun Sep 25 2022 21:58:25 GMT+0200 (Centraleuropæisk sommertid)","2022","9","25","21","58","25","rex13","Sleeping, Resting","Inner voice","63","24","male","right","40","11","100","13","2","{""MentalActivity"":""Inner voice""}","[0]","",""
"60488.300000000745","","","survey-multi-choice","4","96587","0.0-4.0","7dtycg","Sun Sep 25 2022 21:58:25 GMT+0200 (Centraleuropæisk sommertid)","2022","9","25","21","58","25","rex13","Sleeping, Resting","Inner voice","63","24","male","right","40","11","100","13","2","{""HeartRate"":""63""}","[0]","",""
"5169.800000000745","","","survey-text","5","101774","0.0-5.0","7dtycg","Sun Sep 25 2022 21:58:25 GMT+0200 (Centraleuropæisk sommertid)","2022","9","25","21","58","25","rex13","Sleeping, Resting","Inner voice","63","24","male","right","40","11","100","13","2","{""Q0"":""24""}","","",""
"2842.10000000149","","","survey-multi-choice","6","104626","0.0-6.0","7dtycg","Sun Sep 25 2022 21:58:25 GMT+0200 (Centraleuropæisk sommertid)","2022","9","25","21","58","25","rex13","Sleeping, Resting","Inner voice","63","24","male","right","40","11","100","13","2","{""Gender"":""male"",""Hand"":""right""}","[0,1]","",""
"3649.5","<p>How Sad/Angry or Happy are you right now?</p>","","html-slider-response","7","108293","0.0-7.0","7dtycg","Sun Sep 25 2022 21:58:25 GMT+0200 (Centraleuropæisk sommertid)","2022","9","25","21","58","25","rex13","Sleeping, Resting","Inner voice","63","24","male","right","40","11","100","13","2","","","50","40"
"2901.099999997765","<p>How Tired/Sleepy/Distracted or Fresh/Awake/Alert are you right now?</p>","","html-slider-response","8","111201","0.0-8.0","7dtycg","Sun Sep 25 2022 21:58:25 GMT+0200 (Centraleuropæisk sommertid)","2022","9","25","21","58","25","rex13","Sleeping, Resting","Inner voice","63","24","male","right","40","11","100","13","2","","","50","11"
"6495.89999999851","<p>How Hungry or Satiated are you right now?</p>","","html-slider-response","9","117704","0.0-9.0","7dtycg","Sun Sep 25 2022 21:58:25 GMT+0200 (Centraleuropæisk sommertid)","2022","9","25","21","58","25","rex13","Sleeping, Resting","Inner voice","63","24","male","right","40","11","100","13","2","","","50","100"
"30436.79999999702","","","survey-multi-choice","10","148155","0.0-10.0","7dtycg","Sun Sep 25 2022 21:58:25 GMT+0200 (Centraleuropæisk sommertid)","2022","9","25","21","58","25","rex13","Sleeping, Resting","Inner voice","63","24","male","right","40","11","100","13","2","{""Sleep"":""13"",""Eat"":""2""}","[0,1]","",""
