"rt","stimulus","key_press","trial_type","trial_index","time_elapsed","internal_node_id","exp_id","Time","year","month","date","hour","minute","seconds","id","Activity","MentalActivity","HeartRate","age","Gender","Handedness","mood","fresh","hunger","H_since_Sleep","H_since_Eat","responses","question_order","slider_start","response"
"null","<p>Welcome to this 1 min. survey on daily rhythms, body and mood.</p><p>You will be asked to report your heart-rate</p><p>and given some questions about yourself.</p><p>Take the test when prompted and/or at different times of the day/night.</p><p>Please make a personal ID (three letters+ two numbers, e.g. ept23).</p><p>Write it down and use this ID whenever taking the test.</p>","null","html-keyboard-response","0","10029","0.0-0.0","7th0w6","Sun Oct 16 2022 17:21:06 GMT+0200 (CEST)","2022","10","16","17","21","6","dlg05","Being on the Internet","Inner voice","63","25","female","right","86","44","91","9","1","","","",""
"6206","","","survey-text","1","16261","0.0-1.0","7th0w6","Sun Oct 16 2022 17:21:06 GMT+0200 (CEST)","2022","10","16","17","21","6","dlg05","Being on the Internet","Inner voice","63","25","female","right","86","44","91","9","1","{""Q0"":""dlg05""}","","",""
"6505","","","survey-multi-choice","2","22772","0.0-2.0","7th0w6","Sun Oct 16 2022 17:21:06 GMT+0200 (CEST)","2022","10","16","17","21","6","dlg05","Being on the Internet","Inner voice","63","25","female","right","86","44","91","9","1","{""Activity"":""Being on the Internet""}","[0]","",""
"3404","","","survey-multi-choice","3","26179","0.0-3.0","7th0w6","Sun Oct 16 2022 17:21:06 GMT+0200 (CEST)","2022","10","16","17","21","6","dlg05","Being on the Internet","Inner voice","63","25","female","right","86","44","91","9","1","{""MentalActivity"":""Inner voice""}","[0]","",""
"4693","","","survey-multi-choice","4","30887","0.0-4.0","7th0w6","Sun Oct 16 2022 17:21:06 GMT+0200 (CEST)","2022","10","16","17","21","6","dlg05","Being on the Internet","Inner voice","63","25","female","right","86","44","91","9","1","{""HeartRate"":""63""}","[0]","",""
"2280","","","survey-text","5","33178","0.0-5.0","7th0w6","Sun Oct 16 2022 17:21:06 GMT+0200 (CEST)","2022","10","16","17","21","6","dlg05","Being on the Internet","Inner voice","63","25","female","right","86","44","91","9","1","{""Q0"":""25""}","","",""
"5968.000000000007","","","survey-multi-choice","6","39152","0.0-6.0","7th0w6","Sun Oct 16 2022 17:21:06 GMT+0200 (CEST)","2022","10","16","17","21","6","dlg05","Being on the Internet","Inner voice","63","25","female","right","86","44","91","9","1","{""Gender"":""female"",""Hand"":""right""}","[0,1]","",""
"9628","<p>How Sad/Angry or Happy are you right now?</p>","","html-slider-response","7","48792","0.0-7.0","7th0w6","Sun Oct 16 2022 17:21:06 GMT+0200 (CEST)","2022","10","16","17","21","6","dlg05","Being on the Internet","Inner voice","63","25","female","right","86","44","91","9","1","","","50","86"
"5100","<p>How Tired/Sleepy/Distracted or Fresh/Awake/Alert are you right now?</p>","","html-slider-response","8","53899","0.0-8.0","7th0w6","Sun Oct 16 2022 17:21:06 GMT+0200 (CEST)","2022","10","16","17","21","6","dlg05","Being on the Internet","Inner voice","63","25","female","right","86","44","91","9","1","","","50","44"
"2099","<p>How Hungry or Satiated are you right now?</p>","","html-slider-response","9","56003","0.0-9.0","7th0w6","Sun Oct 16 2022 17:21:06 GMT+0200 (CEST)","2022","10","16","17","21","6","dlg05","Being on the Internet","Inner voice","63","25","female","right","86","44","91","9","1","","","50","91"
"29338","","","survey-multi-choice","10","85352","0.0-10.0","7th0w6","Sun Oct 16 2022 17:21:06 GMT+0200 (CEST)","2022","10","16","17","21","6","dlg05","Being on the Internet","Inner voice","63","25","female","right","86","44","91","9","1","{""Sleep"":""9"",""Eat"":""1""}","[0,1]","",""
