"rt","stimulus","key_press","trial_type","trial_index","time_elapsed","internal_node_id","exp_id","Time","year","month","date","hour","minute","seconds","id","Activity","MentalActivity","HeartRate","age","Gender","Handedness","mood","fresh","hunger","H_since_Sleep","H_since_Eat","responses","question_order","slider_start","response"
"null","<p>Welcome to this 1 min. survey on daily rhythms, body and mood.</p><p>You will be asked to report your heart-rate</p><p>and given some questions about yourself.</p><p>Take the test when prompted and/or at different times of the day/night.</p><p>Please make a personal ID (three letters+ two numbers, e.g. ept23).</p><p>Write it down and use this ID whenever taking the test.</p>","null","html-keyboard-response","0","10019","0.0-0.0","vbwyda","Thu Sep 15 2022 20:19:08 GMT+0200 (CEST)","2022","9","15","20","19","8","lex70","Chatting","Sensory awareness","78","21","female","right","60","50","78","13","0","","","",""
"8875.000000000004","","","survey-text","1","18921","0.0-1.0","vbwyda","Thu Sep 15 2022 20:19:08 GMT+0200 (CEST)","2022","9","15","20","19","8","lex70","Chatting","Sensory awareness","78","21","female","right","60","50","78","13","0","{""Q0"":""lex70""}","","",""
"8835","","","survey-multi-choice","2","27764","0.0-2.0","vbwyda","Thu Sep 15 2022 20:19:08 GMT+0200 (CEST)","2022","9","15","20","19","8","lex70","Chatting","Sensory awareness","78","21","female","right","60","50","78","13","0","{""Activity"":""Chatting""}","[0]","",""
"6534.999999999996","","","survey-multi-choice","3","34304","0.0-3.0","vbwyda","Thu Sep 15 2022 20:19:08 GMT+0200 (CEST)","2022","9","15","20","19","8","lex70","Chatting","Sensory awareness","78","21","female","right","60","50","78","13","0","{""MentalActivity"":""Sensory awareness""}","[0]","",""
"46540","","","survey-multi-choice","4","80857","0.0-4.0","vbwyda","Thu Sep 15 2022 20:19:08 GMT+0200 (CEST)","2022","9","15","20","19","8","lex70","Chatting","Sensory awareness","78","21","female","right","60","50","78","13","0","{""HeartRate"":""78""}","[0]","",""
"2894","","","survey-text","5","83774","0.0-5.0","vbwyda","Thu Sep 15 2022 20:19:08 GMT+0200 (CEST)","2022","9","15","20","19","8","lex70","Chatting","Sensory awareness","78","21","female","right","60","50","78","13","0","{""Q0"":""21""}","","",""
"3675","","","survey-multi-choice","6","87456","0.0-6.0","vbwyda","Thu Sep 15 2022 20:19:08 GMT+0200 (CEST)","2022","9","15","20","19","8","lex70","Chatting","Sensory awareness","78","21","female","right","60","50","78","13","0","{""Gender"":""female"",""Hand"":""right""}","[0,1]","",""
"4604","<p>How Sad/Angry or Happy are you right now?</p>","","html-slider-response","7","92071","0.0-7.0","vbwyda","Thu Sep 15 2022 20:19:08 GMT+0200 (CEST)","2022","9","15","20","19","8","lex70","Chatting","Sensory awareness","78","21","female","right","60","50","78","13","0","","","50","60"
"7195","<p>How Tired/Sleepy/Distracted or Fresh/Awake/Alert are you right now?</p>","","html-slider-response","8","99270","0.0-8.0","vbwyda","Thu Sep 15 2022 20:19:08 GMT+0200 (CEST)","2022","9","15","20","19","8","lex70","Chatting","Sensory awareness","78","21","female","right","60","50","78","13","0","","","50","50"
"7487","<p>How Hungry or Satiated are you right now?</p>","","html-slider-response","9","106760","0.0-9.0","vbwyda","Thu Sep 15 2022 20:19:08 GMT+0200 (CEST)","2022","9","15","20","19","8","lex70","Chatting","Sensory awareness","78","21","female","right","60","50","78","13","0","","","50","78"
"18678.999999999985","","","survey-multi-choice","10","125447","0.0-10.0","vbwyda","Thu Sep 15 2022 20:19:08 GMT+0200 (CEST)","2022","9","15","20","19","8","lex70","Chatting","Sensory awareness","78","21","female","right","60","50","78","13","0","{""Sleep"":""13"",""Eat"":""0""}","[0,1]","",""
