"rt","stimulus","key_press","trial_type","trial_index","time_elapsed","internal_node_id","exp_id","Time","year","month","date","hour","minute","seconds","id","Activity","MentalActivity","HeartRate","age","Gender","Handedness","mood","fresh","hunger","H_since_Sleep","H_since_Eat","responses","question_order","slider_start","response"
"null","<p>Welcome to this 1 min. survey on daily rhythms, body and mood.</p><p>You will be asked to report your heart-rate</p><p>and given some questions about yourself.</p><p>Take the test when prompted and/or at different times of the day/night.</p><p>Please make a personal ID (three letters+ two numbers, e.g. ept23).</p><p>Write it down and use this ID whenever taking the test.</p>","null","html-keyboard-response","0","10003","0.0-0.0","ymx8f5","Tue Sep 13 2022 14:09:55 GMT+0200 (CEST)","2022","9","13","14","9","55","qwe12","Texting, Emailing, Social Networking","Inner voice","73","49","male","right","93","95","88","8","1","","","",""
"22906","","","survey-text","1","32926","0.0-1.0","ymx8f5","Tue Sep 13 2022 14:09:55 GMT+0200 (CEST)","2022","9","13","14","9","55","qwe12","Texting, Emailing, Social Networking","Inner voice","73","49","male","right","93","95","88","8","1","{""Q0"":""qwe12""}","","",""
"9032","","","survey-multi-choice","2","41962","0.0-2.0","ymx8f5","Tue Sep 13 2022 14:09:55 GMT+0200 (CEST)","2022","9","13","14","9","55","qwe12","Texting, Emailing, Social Networking","Inner voice","73","49","male","right","93","95","88","8","1","{""Activity"":""Texting, Emailing, Social Networking""}","[0]","",""
"5228","","","survey-multi-choice","3","47193","0.0-3.0","ymx8f5","Tue Sep 13 2022 14:09:55 GMT+0200 (CEST)","2022","9","13","14","9","55","qwe12","Texting, Emailing, Social Networking","Inner voice","73","49","male","right","93","95","88","8","1","{""MentalActivity"":""Inner voice""}","[0]","",""
"9407","","","survey-multi-choice","4","56606","0.0-4.0","ymx8f5","Tue Sep 13 2022 14:09:55 GMT+0200 (CEST)","2022","9","13","14","9","55","qwe12","Texting, Emailing, Social Networking","Inner voice","73","49","male","right","93","95","88","8","1","{""HeartRate"":""73""}","[0]","",""
"4056","","","survey-text","5","60670","0.0-5.0","ymx8f5","Tue Sep 13 2022 14:09:55 GMT+0200 (CEST)","2022","9","13","14","9","55","qwe12","Texting, Emailing, Social Networking","Inner voice","73","49","male","right","93","95","88","8","1","{""Q0"":""49""}","","",""
"3735","","","survey-multi-choice","6","64407","0.0-6.0","ymx8f5","Tue Sep 13 2022 14:09:55 GMT+0200 (CEST)","2022","9","13","14","9","55","qwe12","Texting, Emailing, Social Networking","Inner voice","73","49","male","right","93","95","88","8","1","{""Gender"":""male"",""Hand"":""right""}","[0,1]","",""
"5586","<p>How Sad/Angry or Happy are you right now?</p>","","html-slider-response","7","69997","0.0-7.0","ymx8f5","Tue Sep 13 2022 14:09:55 GMT+0200 (CEST)","2022","9","13","14","9","55","qwe12","Texting, Emailing, Social Networking","Inner voice","73","49","male","right","93","95","88","8","1","","","50","93"
"8748","<p>How Tired/Sleepy/Distracted or Fresh/Awake/Alert are you right now?</p>","","html-slider-response","8","78747","0.0-8.0","ymx8f5","Tue Sep 13 2022 14:09:55 GMT+0200 (CEST)","2022","9","13","14","9","55","qwe12","Texting, Emailing, Social Networking","Inner voice","73","49","male","right","93","95","88","8","1","","","50","95"
"9095","<p>How Hungry or Satiated are you right now?</p>","","html-slider-response","9","87844","0.0-9.0","ymx8f5","Tue Sep 13 2022 14:09:55 GMT+0200 (CEST)","2022","9","13","14","9","55","qwe12","Texting, Emailing, Social Networking","Inner voice","73","49","male","right","93","95","88","8","1","","","50","88"
"19983","","","survey-multi-choice","10","107831","0.0-10.0","ymx8f5","Tue Sep 13 2022 14:09:55 GMT+0200 (CEST)","2022","9","13","14","9","55","qwe12","Texting, Emailing, Social Networking","Inner voice","73","49","male","right","93","95","88","8","1","{""Sleep"":""8"",""Eat"":""1""}","[0,1]","",""
