"rt","stimulus","key_press","trial_type","trial_index","time_elapsed","internal_node_id","exp_id","Time","year","month","date","hour","minute","seconds","id","Activity","MentalActivity","HeartRate","age","Gender","Handedness","mood","fresh","hunger","H_since_Sleep","H_since_Eat","responses","question_order","slider_start","response"
"null","<p>Welcome to this 1 min. survey on daily rhythms, body and mood.</p><p>You will be asked to report your heart-rate</p><p>and given some questions about yourself.</p><p>Take the test when prompted and/or at different times of the day/night.</p><p>Please make a personal ID (three letters+ two numbers, e.g. ept23).</p><p>Write it down and use this ID whenever taking the test.</p>","null","html-keyboard-response","0","10005","0.0-0.0","5hvdsj","Mon Sep 12 2022 11:08:06 GMT+0200 (CEST)","2022","9","12","11","8","6","pid10","Other","Sensory awareness","72","23","female","right","59","74","60","0","4","","","",""
"4889","","","survey-text","1","14903","0.0-1.0","5hvdsj","Mon Sep 12 2022 11:08:06 GMT+0200 (CEST)","2022","9","12","11","8","6","pid10","Other","Sensory awareness","72","23","female","right","59","74","60","0","4","{""Q0"":""pid10""}","","",""
"6913.000000000004","","","survey-multi-choice","2","21819","0.0-2.0","5hvdsj","Mon Sep 12 2022 11:08:06 GMT+0200 (CEST)","2022","9","12","11","8","6","pid10","Other","Sensory awareness","72","23","female","right","59","74","60","0","4","{""Activity"":""Other""}","[0]","",""
"9932","","","survey-multi-choice","3","31753","0.0-3.0","5hvdsj","Mon Sep 12 2022 11:08:06 GMT+0200 (CEST)","2022","9","12","11","8","6","pid10","Other","Sensory awareness","72","23","female","right","59","74","60","0","4","{""MentalActivity"":""Sensory awareness""}","[0]","",""
"10422.000000000007","","","survey-multi-choice","4","42183","0.0-4.0","5hvdsj","Mon Sep 12 2022 11:08:06 GMT+0200 (CEST)","2022","9","12","11","8","6","pid10","Other","Sensory awareness","72","23","female","right","59","74","60","0","4","{""HeartRate"":""72""}","[0]","",""
"9820.999999999993","","","survey-text","5","52012","0.0-5.0","5hvdsj","Mon Sep 12 2022 11:08:06 GMT+0200 (CEST)","2022","9","12","11","8","6","pid10","Other","Sensory awareness","72","23","female","right","59","74","60","0","4","{""Q0"":""23""}","","",""
"5416.999999999993","","","survey-multi-choice","6","57430","0.0-6.0","5hvdsj","Mon Sep 12 2022 11:08:06 GMT+0200 (CEST)","2022","9","12","11","8","6","pid10","Other","Sensory awareness","72","23","female","right","59","74","60","0","4","{""Gender"":""female"",""Hand"":""right""}","[0,1]","",""
"5332.999999999993","<p>How Sad/Angry or Happy are you right now?</p>","","html-slider-response","7","62768","0.0-7.0","5hvdsj","Mon Sep 12 2022 11:08:06 GMT+0200 (CEST)","2022","9","12","11","8","6","pid10","Other","Sensory awareness","72","23","female","right","59","74","60","0","4","","","50","59"
"6420","<p>How Tired/Sleepy/Distracted or Fresh/Awake/Alert are you right now?</p>","","html-slider-response","8","69191","0.0-8.0","5hvdsj","Mon Sep 12 2022 11:08:06 GMT+0200 (CEST)","2022","9","12","11","8","6","pid10","Other","Sensory awareness","72","23","female","right","59","74","60","0","4","","","50","74"
"7165","<p>How Hungry or Satiated are you right now?</p>","","html-slider-response","9","76359","0.0-9.0","5hvdsj","Mon Sep 12 2022 11:08:06 GMT+0200 (CEST)","2022","9","12","11","8","6","pid10","Other","Sensory awareness","72","23","female","right","59","74","60","0","4","","","50","60"
"9732","","","survey-multi-choice","10","86096","0.0-10.0","5hvdsj","Mon Sep 12 2022 11:08:06 GMT+0200 (CEST)","2022","9","12","11","8","6","pid10","Other","Sensory awareness","72","23","female","right","59","74","60","0","4","{""Sleep"":""0"",""Eat"":""4""}","[0,1]","",""
