"rt","stimulus","key_press","trial_type","trial_index","time_elapsed","internal_node_id","exp_id","Time","year","month","date","hour","minute","seconds","id","Activity","MentalActivity","HeartRate","age","Gender","Handedness","mood","fresh","hunger","H_since_Sleep","H_since_Eat","responses","question_order","slider_start","response"
"null","<p>Welcome to this 1 min. survey on daily rhythms, body and mood.</p><p>You will be asked to report your heart-rate</p><p>and given some questions about yourself.</p><p>Take the test when prompted and/or at different times of the day/night.</p><p>Please make a personal ID (three letters+ two numbers, e.g. ept23).</p><p>Write it down and use this ID whenever taking the test.</p>","null","html-keyboard-response","0","10015","0.0-0.0","9lkeze","Sat Sep 10 2022 13:48:50 GMT+0200 (CEST)","2022","9","10","13","48","50","www11","Working, Studying","Inner voice","60","25","male","right","66","73","69","5","1","","","",""
"12415","","","survey-text","1","22446","0.0-1.0","9lkeze","Sat Sep 10 2022 13:48:50 GMT+0200 (CEST)","2022","9","10","13","48","50","www11","Working, Studying","Inner voice","60","25","male","right","66","73","69","5","1","{""Q0"":""www11""}","","",""
"6757","","","survey-multi-choice","2","29210","0.0-2.0","9lkeze","Sat Sep 10 2022 13:48:50 GMT+0200 (CEST)","2022","9","10","13","48","50","www11","Working, Studying","Inner voice","60","25","male","right","66","73","69","5","1","{""Activity"":""Working, Studying""}","[0]","",""
"3997","","","survey-multi-choice","3","33210","0.0-3.0","9lkeze","Sat Sep 10 2022 13:48:50 GMT+0200 (CEST)","2022","9","10","13","48","50","www11","Working, Studying","Inner voice","60","25","male","right","66","73","69","5","1","{""MentalActivity"":""Inner voice""}","[0]","",""
"47375","","","survey-multi-choice","4","80597","0.0-4.0","9lkeze","Sat Sep 10 2022 13:48:50 GMT+0200 (CEST)","2022","9","10","13","48","50","www11","Working, Studying","Inner voice","60","25","male","right","66","73","69","5","1","{""HeartRate"":""60""}","[0]","",""
"4614","","","survey-text","5","85227","0.0-5.0","9lkeze","Sat Sep 10 2022 13:48:50 GMT+0200 (CEST)","2022","9","10","13","48","50","www11","Working, Studying","Inner voice","60","25","male","right","66","73","69","5","1","{""Q0"":""25""}","","",""
"4066","","","survey-multi-choice","6","89296","0.0-6.0","9lkeze","Sat Sep 10 2022 13:48:50 GMT+0200 (CEST)","2022","9","10","13","48","50","www11","Working, Studying","Inner voice","60","25","male","right","66","73","69","5","1","{""Gender"":""male"",""Hand"":""right""}","[0,1]","",""
"2748","<p>How Sad/Angry or Happy are you right now?</p>","","html-slider-response","7","92050","0.0-7.0","9lkeze","Sat Sep 10 2022 13:48:50 GMT+0200 (CEST)","2022","9","10","13","48","50","www11","Working, Studying","Inner voice","60","25","male","right","66","73","69","5","1","","","50","66"
"2697","<p>How Tired/Sleepy/Distracted or Fresh/Awake/Alert are you right now?</p>","","html-slider-response","8","94753","0.0-8.0","9lkeze","Sat Sep 10 2022 13:48:50 GMT+0200 (CEST)","2022","9","10","13","48","50","www11","Working, Studying","Inner voice","60","25","male","right","66","73","69","5","1","","","50","73"
"4141.000000000015","<p>How Hungry or Satiated are you right now?</p>","","html-slider-response","9","98898","0.0-9.0","9lkeze","Sat Sep 10 2022 13:48:50 GMT+0200 (CEST)","2022","9","10","13","48","50","www11","Working, Studying","Inner voice","60","25","male","right","66","73","69","5","1","","","50","69"
"15184","","","survey-multi-choice","10","114093","0.0-10.0","9lkeze","Sat Sep 10 2022 13:48:50 GMT+0200 (CEST)","2022","9","10","13","48","50","www11","Working, Studying","Inner voice","60","25","male","right","66","73","69","5","1","{""Sleep"":""5"",""Eat"":""1""}","[0,1]","",""
