"rt","stimulus","key_press","trial_type","trial_index","time_elapsed","internal_node_id","exp_id","Time","year","month","date","hour","minute","seconds","id","HeartRate","age","Gender","Handedness","mood","fresh","hunger","H_since_Sleep","H_since_Eat","Activity","MentalActivity","responses","question_order","slider_start","response"
"null","<p>Welcome to this 1 min. survey on daily rhythms, body and mood.</p><p>You will be asked to report your heart-rate</p><p>and given some questions about yourself.</p><p>Take the test when prompted and/or at different times of the day/night.</p><p>Please make a personal ID (three letters+ two numbers, e.g. ept23).</p><p>Write it down and use this ID whenever taking the test.</p>","null","html-keyboard-response","0","10019","0.0-0.0","4c8xvd","Thu Sep 08 2022 21:15:17 GMT+0200 (Centraleuropæisk sommertid)","2022","9","8","21","15","17","rex13","54","24","male","right","84","22","100","9","2","Leisure","Feelings","","","",""
"4559","","","survey-text","1","14966","0.0-1.0","4c8xvd","Thu Sep 08 2022 21:15:17 GMT+0200 (Centraleuropæisk sommertid)","2022","9","8","21","15","17","rex13","54","24","male","right","84","22","100","9","2","Leisure","Feelings","{""Q0"":""rex13""}","","",""
"66821","","","survey-multi-choice","2","81814","0.0-2.0","4c8xvd","Thu Sep 08 2022 21:15:17 GMT+0200 (Centraleuropæisk sommertid)","2022","9","8","21","15","17","rex13","54","24","male","right","84","22","100","9","2","Leisure","Feelings","{""HeartRate"":""54""}","[0]","",""
"13091","","","survey-text","3","94922","0.0-3.0","4c8xvd","Thu Sep 08 2022 21:15:17 GMT+0200 (Centraleuropæisk sommertid)","2022","9","8","21","15","17","rex13","54","24","male","right","84","22","100","9","2","Leisure","Feelings","{""Q0"":""24""}","","",""
"5299","","","survey-multi-choice","4","100240","0.0-4.0","4c8xvd","Thu Sep 08 2022 21:15:17 GMT+0200 (Centraleuropæisk sommertid)","2022","9","8","21","15","17","rex13","54","24","male","right","84","22","100","9","2","Leisure","Feelings","{""Gender"":""male"",""Hand"":""right""}","[0,1]","",""
"5617","<p>How Sad/Angry or Happy are you right now?</p>","","html-slider-response","5","105869","0.0-5.0","4c8xvd","Thu Sep 08 2022 21:15:17 GMT+0200 (Centraleuropæisk sommertid)","2022","9","8","21","15","17","rex13","54","24","male","right","84","22","100","9","2","Leisure","Feelings","","","50","84"
"5959","<p>How Tired/Sleepy/Distracted or Fresh/Awake/Alert are you right now?</p>","","html-slider-response","6","111838","0.0-6.0","4c8xvd","Thu Sep 08 2022 21:15:17 GMT+0200 (Centraleuropæisk sommertid)","2022","9","8","21","15","17","rex13","54","24","male","right","84","22","100","9","2","Leisure","Feelings","","","50","22"
"3412","<p>How Hungry or Satiated are you right now?</p>","","html-slider-response","7","115262","0.0-7.0","4c8xvd","Thu Sep 08 2022 21:15:17 GMT+0200 (Centraleuropæisk sommertid)","2022","9","8","21","15","17","rex13","54","24","male","right","84","22","100","9","2","Leisure","Feelings","","","50","100"
"43278","","","survey-multi-choice","8","158567","0.0-8.0","4c8xvd","Thu Sep 08 2022 21:15:17 GMT+0200 (Centraleuropæisk sommertid)","2022","9","8","21","15","17","rex13","54","24","male","right","84","22","100","9","2","Leisure","Feelings","{""Sleep"":""9"",""Eat"":""2""}","[0,1]","",""
"18744","","","survey-multi-choice","9","177326","0.0-9.0","4c8xvd","Thu Sep 08 2022 21:15:17 GMT+0200 (Centraleuropæisk sommertid)","2022","9","8","21","15","17","rex13","54","24","male","right","84","22","100","9","2","Leisure","Feelings","{""Activity"":""Leisure""}","[0]","",""
"16660","","","survey-multi-choice","10","194022","0.0-10.0","4c8xvd","Thu Sep 08 2022 21:15:17 GMT+0200 (Centraleuropæisk sommertid)","2022","9","8","21","15","17","rex13","54","24","male","right","84","22","100","9","2","Leisure","Feelings","{""MentalActivity"":""Feelings""}","[0]","",""
