"rt","stimulus","key_press","trial_type","trial_index","time_elapsed","internal_node_id","exp_id","Time","year","month","date","hour","minute","seconds","id","Activity","MentalActivity","HeartRate","age","Gender","Handedness","mood","fresh","hunger","H_since_Sleep","H_since_Eat","responses","question_order","slider_start","response"
"null","<p>Welcome to this 1 min. survey on daily rhythms, body and mood.</p><p>You will be asked to report your heart-rate</p><p>and given some questions about yourself.</p><p>Take the test when prompted and/or at different times of the day/night.</p><p>Please make a personal ID (three letters+ two numbers, e.g. ept23).</p><p>Write it down and use this ID whenever taking the test.</p>","null","html-keyboard-response","0","10005","0.0-0.0","yf124w","Sat Sep 10 2022 18:39:50 GMT+0200 (CEST)","2022","9","10","18","39","50","qwe12","Housework","Inner voice","85","49","male","right","25","94","9","11","7","","","",""
"10131","","","survey-text","1","20146","0.0-1.0","yf124w","Sat Sep 10 2022 18:39:50 GMT+0200 (CEST)","2022","9","10","18","39","50","qwe12","Housework","Inner voice","85","49","male","right","25","94","9","11","7","{""Q0"":""qwe12""}","","",""
"5531","","","survey-multi-choice","2","25681","0.0-2.0","yf124w","Sat Sep 10 2022 18:39:50 GMT+0200 (CEST)","2022","9","10","18","39","50","qwe12","Housework","Inner voice","85","49","male","right","25","94","9","11","7","{""Activity"":""Housework""}","[0]","",""
"3127","","","survey-multi-choice","3","28811","0.0-3.0","yf124w","Sat Sep 10 2022 18:39:50 GMT+0200 (CEST)","2022","9","10","18","39","50","qwe12","Housework","Inner voice","85","49","male","right","25","94","9","11","7","{""MentalActivity"":""Inner voice""}","[0]","",""
"9143","","","survey-multi-choice","4","37962","0.0-4.0","yf124w","Sat Sep 10 2022 18:39:50 GMT+0200 (CEST)","2022","9","10","18","39","50","qwe12","Housework","Inner voice","85","49","male","right","25","94","9","11","7","{""HeartRate"":""85""}","[0]","",""
"4693","","","survey-text","5","42662","0.0-5.0","yf124w","Sat Sep 10 2022 18:39:50 GMT+0200 (CEST)","2022","9","10","18","39","50","qwe12","Housework","Inner voice","85","49","male","right","25","94","9","11","7","{""Q0"":""49""}","","",""
"3150","","","survey-multi-choice","6","45816","0.0-6.0","yf124w","Sat Sep 10 2022 18:39:50 GMT+0200 (CEST)","2022","9","10","18","39","50","qwe12","Housework","Inner voice","85","49","male","right","25","94","9","11","7","{""Gender"":""male"",""Hand"":""right""}","[0,1]","",""
"6573.999999999993","<p>How Sad/Angry or Happy are you right now?</p>","","html-slider-response","7","52394","0.0-7.0","yf124w","Sat Sep 10 2022 18:39:50 GMT+0200 (CEST)","2022","9","10","18","39","50","qwe12","Housework","Inner voice","85","49","male","right","25","94","9","11","7","","","50","25"
"3762","<p>How Tired/Sleepy/Distracted or Fresh/Awake/Alert are you right now?</p>","","html-slider-response","8","56158","0.0-8.0","yf124w","Sat Sep 10 2022 18:39:50 GMT+0200 (CEST)","2022","9","10","18","39","50","qwe12","Housework","Inner voice","85","49","male","right","25","94","9","11","7","","","50","94"
"10749","<p>How Hungry or Satiated are you right now?</p>","","html-slider-response","9","66910","0.0-9.0","yf124w","Sat Sep 10 2022 18:39:50 GMT+0200 (CEST)","2022","9","10","18","39","50","qwe12","Housework","Inner voice","85","49","male","right","25","94","9","11","7","","","50","9"
"32524","","","survey-multi-choice","10","99439","0.0-10.0","yf124w","Sat Sep 10 2022 18:39:50 GMT+0200 (CEST)","2022","9","10","18","39","50","qwe12","Housework","Inner voice","85","49","male","right","25","94","9","11","7","{""Sleep"":""11"",""Eat"":""7""}","[0,1]","",""
