"rt","stimulus","key_press","trial_type","trial_index","time_elapsed","internal_node_id","exp_id","Time","year","month","date","hour","minute","seconds","id","Activity","MentalActivity","HeartRate","age","Gender","Handedness","mood","fresh","hunger","H_since_Sleep","H_since_Eat","responses","question_order","slider_start","response"
"null","<p>Welcome to this 1 min. survey on daily rhythms, body and mood.</p><p>You will be asked to report your heart-rate</p><p>and given some questions about yourself.</p><p>Take the test when prompted and/or at different times of the day/night.</p><p>Please make a personal ID (three letters+ two numbers, e.g. ept23).</p><p>Write it down and use this ID whenever taking the test.</p>","null","html-keyboard-response","0","10298","0.0-0.0","3zpsep","Sat Oct 22 2022 13:05:53 GMT+0200 (Central European Summer Time)","2022","10","22","13","5","53","jqi11","Texting, Emailing, Social Networking","Unsymbolized thinking","78","28","female","right","100","85","6","4","3","","","",""
"55629","","","survey-text","1","65950","0.0-1.0","3zpsep","Sat Oct 22 2022 13:05:53 GMT+0200 (Central European Summer Time)","2022","10","22","13","5","53","jqi11","Texting, Emailing, Social Networking","Unsymbolized thinking","78","28","female","right","100","85","6","4","3","{""Q0"":""jqi11""}","","",""
"30154","","","survey-multi-choice","2","96122","0.0-2.0","3zpsep","Sat Oct 22 2022 13:05:53 GMT+0200 (Central European Summer Time)","2022","10","22","13","5","53","jqi11","Texting, Emailing, Social Networking","Unsymbolized thinking","78","28","female","right","100","85","6","4","3","{""Activity"":""Texting, Emailing, Social Networking""}","[0]","",""
"32048.799999713898","","","survey-multi-choice","3","128185","0.0-3.0","3zpsep","Sat Oct 22 2022 13:05:53 GMT+0200 (Central European Summer Time)","2022","10","22","13","5","53","jqi11","Texting, Emailing, Social Networking","Unsymbolized thinking","78","28","female","right","100","85","6","4","3","{""MentalActivity"":""Unsymbolized thinking""}","[0]","",""
"6352.700000286102","","","survey-multi-choice","4","134578","0.0-4.0","3zpsep","Sat Oct 22 2022 13:05:53 GMT+0200 (Central European Summer Time)","2022","10","22","13","5","53","jqi11","Texting, Emailing, Social Networking","Unsymbolized thinking","78","28","female","right","100","85","6","4","3","{""HeartRate"":""78""}","[0]","",""
"4994.400000095367","","","survey-text","5","139584","0.0-5.0","3zpsep","Sat Oct 22 2022 13:05:53 GMT+0200 (Central European Summer Time)","2022","10","22","13","5","53","jqi11","Texting, Emailing, Social Networking","Unsymbolized thinking","78","28","female","right","100","85","6","4","3","{""Q0"":""28""}","","",""
"3700.2000002861023","","","survey-multi-choice","6","143296","0.0-6.0","3zpsep","Sat Oct 22 2022 13:05:53 GMT+0200 (Central European Summer Time)","2022","10","22","13","5","53","jqi11","Texting, Emailing, Social Networking","Unsymbolized thinking","78","28","female","right","100","85","6","4","3","{""Gender"":""female"",""Hand"":""right""}","[0,1]","",""
"3689.5999999046326","<p>How Sad/Angry or Happy are you right now?</p>","","html-slider-response","7","147000","0.0-7.0","3zpsep","Sat Oct 22 2022 13:05:53 GMT+0200 (Central European Summer Time)","2022","10","22","13","5","53","jqi11","Texting, Emailing, Social Networking","Unsymbolized thinking","78","28","female","right","100","85","6","4","3","","","50","100"
"7771.299999713898","<p>How Tired/Sleepy/Distracted or Fresh/Awake/Alert are you right now?</p>","","html-slider-response","8","154780","0.0-8.0","3zpsep","Sat Oct 22 2022 13:05:53 GMT+0200 (Central European Summer Time)","2022","10","22","13","5","53","jqi11","Texting, Emailing, Social Networking","Unsymbolized thinking","78","28","female","right","100","85","6","4","3","","","50","85"
"6943.199999809265","<p>How Hungry or Satiated are you right now?</p>","","html-slider-response","9","161737","0.0-9.0","3zpsep","Sat Oct 22 2022 13:05:53 GMT+0200 (Central European Summer Time)","2022","10","22","13","5","53","jqi11","Texting, Emailing, Social Networking","Unsymbolized thinking","78","28","female","right","100","85","6","4","3","","","50","6"
"30049.599999904633","","","survey-multi-choice","10","191814","0.0-10.0","3zpsep","Sat Oct 22 2022 13:05:53 GMT+0200 (Central European Summer Time)","2022","10","22","13","5","53","jqi11","Texting, Emailing, Social Networking","Unsymbolized thinking","78","28","female","right","100","85","6","4","3","{""Sleep"":""4"",""Eat"":""3""}","[0,1]","",""
