"rt","stimulus","key_press","trial_type","trial_index","time_elapsed","internal_node_id","exp_id","Time","year","month","date","hour","minute","seconds","id","Activity","MentalActivity","HeartRate","age","Gender","Handedness","mood","fresh","hunger","H_since_Sleep","H_since_Eat","responses","question_order","slider_start","response"
"null","<p>Welcome to this 1 min. survey on daily rhythms, body and mood.</p><p>You will be asked to report your heart-rate</p><p>and given some questions about yourself.</p><p>Take the test when prompted and/or at different times of the day/night.</p><p>Please make a personal ID (three letters+ two numbers, e.g. ept23).</p><p>Write it down and use this ID whenever taking the test.</p>","null","html-keyboard-response","0","10014","0.0-0.0","crfb5y","Tue Sep 13 2022 16:50:25 GMT+0200 (Central European Summer Time)","2022","9","13","16","50","25","jqi11","Working, Studying","Sensory awareness","81","28","female","right","71","85","80","8","3","","","",""
"10393.700000047684","","","survey-text","1","20442","0.0-1.0","crfb5y","Tue Sep 13 2022 16:50:25 GMT+0200 (Central European Summer Time)","2022","9","13","16","50","25","jqi11","Working, Studying","Sensory awareness","81","28","female","right","71","85","80","8","3","{""Q0"":""jqi11""}","","",""
"13416","","","survey-multi-choice","2","33873","0.0-2.0","crfb5y","Tue Sep 13 2022 16:50:25 GMT+0200 (Central European Summer Time)","2022","9","13","16","50","25","jqi11","Working, Studying","Sensory awareness","81","28","female","right","71","85","80","8","3","{""Activity"":""Working, Studying""}","[0]","",""
"85462.39999997616","","","survey-multi-choice","3","119351","0.0-3.0","crfb5y","Tue Sep 13 2022 16:50:25 GMT+0200 (Central European Summer Time)","2022","9","13","16","50","25","jqi11","Working, Studying","Sensory awareness","81","28","female","right","71","85","80","8","3","{""MentalActivity"":""Sensory awareness""}","[0]","",""
"7755.299999952316","","","survey-multi-choice","4","127136","0.0-4.0","crfb5y","Tue Sep 13 2022 16:50:25 GMT+0200 (Central European Summer Time)","2022","9","13","16","50","25","jqi11","Working, Studying","Sensory awareness","81","28","female","right","71","85","80","8","3","{""HeartRate"":""81""}","[0]","",""
"3874.7000000476837","","","survey-text","5","131023","0.0-5.0","crfb5y","Tue Sep 13 2022 16:50:25 GMT+0200 (Central European Summer Time)","2022","9","13","16","50","25","jqi11","Working, Studying","Sensory awareness","81","28","female","right","71","85","80","8","3","{""Q0"":""28""}","","",""
"4257","","","survey-multi-choice","6","135289","0.0-6.0","crfb5y","Tue Sep 13 2022 16:50:25 GMT+0200 (Central European Summer Time)","2022","9","13","16","50","25","jqi11","Working, Studying","Sensory awareness","81","28","female","right","71","85","80","8","3","{""Gender"":""female"",""Hand"":""right""}","[0,1]","",""
"8611","<p>How Sad/Angry or Happy are you right now?</p>","","html-slider-response","7","143920","0.0-7.0","crfb5y","Tue Sep 13 2022 16:50:25 GMT+0200 (Central European Summer Time)","2022","9","13","16","50","25","jqi11","Working, Studying","Sensory awareness","81","28","female","right","71","85","80","8","3","","","50","71"
"6201.200000047684","<p>How Tired/Sleepy/Distracted or Fresh/Awake/Alert are you right now?</p>","","html-slider-response","8","150129","0.0-8.0","crfb5y","Tue Sep 13 2022 16:50:25 GMT+0200 (Central European Summer Time)","2022","9","13","16","50","25","jqi11","Working, Studying","Sensory awareness","81","28","female","right","71","85","80","8","3","","","50","85"
"6099.400000095367","<p>How Hungry or Satiated are you right now?</p>","","html-slider-response","9","156240","0.0-9.0","crfb5y","Tue Sep 13 2022 16:50:25 GMT+0200 (Central European Summer Time)","2022","9","13","16","50","25","jqi11","Working, Studying","Sensory awareness","81","28","female","right","71","85","80","8","3","","","50","80"
"19096.300000071526","","","survey-multi-choice","10","175349","0.0-10.0","crfb5y","Tue Sep 13 2022 16:50:25 GMT+0200 (Central European Summer Time)","2022","9","13","16","50","25","jqi11","Working, Studying","Sensory awareness","81","28","female","right","71","85","80","8","3","{""Sleep"":""8"",""Eat"":""3""}","[0,1]","",""
