"rt","stimulus","key_press","trial_type","trial_index","time_elapsed","internal_node_id","exp_id","Time","year","month","date","hour","minute","seconds","id","Activity","MentalActivity","HeartRate","age","Gender","Handedness","mood","fresh","hunger","H_since_Sleep","H_since_Eat","responses","question_order","slider_start","response"
"null","<p>Welcome to this 1 min. survey on daily rhythms, body and mood.</p><p>You will be asked to report your heart-rate</p><p>and given some questions about yourself.</p><p>Take the test when prompted and/or at different times of the day/night.</p><p>Please make a personal ID (three letters+ two numbers, e.g. ept23).</p><p>Write it down and use this ID whenever taking the test.</p>","null","html-keyboard-response","0","10027","0.0-0.0","mo5knv","Fri Nov 11 2022 10:21:27 GMT+0100 (CET)","2022","11","11","10","21","27","dan72","Working, Studying","Unsymbolized thinking","72","23","female","left","72","50","65","3","1","","","",""
"7136","","","survey-text","1","17211","0.0-1.0","mo5knv","Fri Nov 11 2022 10:21:27 GMT+0100 (CET)","2022","11","11","10","21","27","dan72","Working, Studying","Unsymbolized thinking","72","23","female","left","72","50","65","3","1","{""Q0"":""dan72""}","","",""
"10436","","","survey-multi-choice","2","27656","0.0-2.0","mo5knv","Fri Nov 11 2022 10:21:27 GMT+0100 (CET)","2022","11","11","10","21","27","dan72","Working, Studying","Unsymbolized thinking","72","23","female","left","72","50","65","3","1","{""Activity"":""Working, Studying""}","[0]","",""
"6841","","","survey-multi-choice","3","34501","0.0-3.0","mo5knv","Fri Nov 11 2022 10:21:27 GMT+0100 (CET)","2022","11","11","10","21","27","dan72","Working, Studying","Unsymbolized thinking","72","23","female","left","72","50","65","3","1","{""MentalActivity"":""Unsymbolized thinking""}","[0]","",""
"43132","","","survey-multi-choice","4","77644","0.0-4.0","mo5knv","Fri Nov 11 2022 10:21:27 GMT+0100 (CET)","2022","11","11","10","21","27","dan72","Working, Studying","Unsymbolized thinking","72","23","female","left","72","50","65","3","1","{""HeartRate"":""72""}","[0]","",""
"2827","","","survey-text","5","80482","0.0-5.0","mo5knv","Fri Nov 11 2022 10:21:27 GMT+0100 (CET)","2022","11","11","10","21","27","dan72","Working, Studying","Unsymbolized thinking","72","23","female","left","72","50","65","3","1","{""Q0"":""23""}","","",""
"3744","","","survey-multi-choice","6","84230","0.0-6.0","mo5knv","Fri Nov 11 2022 10:21:27 GMT+0100 (CET)","2022","11","11","10","21","27","dan72","Working, Studying","Unsymbolized thinking","72","23","female","left","72","50","65","3","1","{""Gender"":""female"",""Hand"":""left""}","[0,1]","",""
"7737.000000000015","<p>How Sad/Angry or Happy are you right now?</p>","","html-slider-response","7","91975","0.0-7.0","mo5knv","Fri Nov 11 2022 10:21:27 GMT+0100 (CET)","2022","11","11","10","21","27","dan72","Working, Studying","Unsymbolized thinking","72","23","female","left","72","50","65","3","1","","","50","72"
"4929","<p>How Tired/Sleepy/Distracted or Fresh/Awake/Alert are you right now?</p>","","html-slider-response","8","96908","0.0-8.0","mo5knv","Fri Nov 11 2022 10:21:27 GMT+0100 (CET)","2022","11","11","10","21","27","dan72","Working, Studying","Unsymbolized thinking","72","23","female","left","72","50","65","3","1","","","50","50"
"5827","<p>How Hungry or Satiated are you right now?</p>","","html-slider-response","9","102738","0.0-9.0","mo5knv","Fri Nov 11 2022 10:21:27 GMT+0100 (CET)","2022","11","11","10","21","27","dan72","Working, Studying","Unsymbolized thinking","72","23","female","left","72","50","65","3","1","","","50","65"
"12542","","","survey-multi-choice","10","115290","0.0-10.0","mo5knv","Fri Nov 11 2022 10:21:27 GMT+0100 (CET)","2022","11","11","10","21","27","dan72","Working, Studying","Unsymbolized thinking","72","23","female","left","72","50","65","3","1","{""Sleep"":""3"",""Eat"":""1""}","[0,1]","",""
