"rt","stimulus","key_press","trial_type","trial_index","time_elapsed","internal_node_id","exp_id","Time","year","month","date","hour","minute","seconds","id","Activity","MentalActivity","HeartRate","age","Gender","Handedness","mood","fresh","hunger","H_since_Sleep","H_since_Eat","responses","question_order","slider_start","response"
"null","<p>Welcome to this 1 min. survey on daily rhythms, body and mood.</p><p>You will be asked to report your heart-rate</p><p>and given some questions about yourself.</p><p>Take the test when prompted and/or at different times of the day/night.</p><p>Please make a personal ID (three letters+ two numbers, e.g. ept23).</p><p>Write it down and use this ID whenever taking the test.</p>","null","html-keyboard-response","0","10021","0.0-0.0","onrjpl","Fri Oct 07 2022 08:28:12 GMT+0200 (CEST)","2022","10","7","8","28","12","yfg54","Commuting","Inner voice","99","23","female","right","86","50","70","2","0","","","",""
"9538","","","survey-text","1","19596","0.0-1.0","onrjpl","Fri Oct 07 2022 08:28:12 GMT+0200 (CEST)","2022","10","7","8","28","12","yfg54","Commuting","Inner voice","99","23","female","right","86","50","70","2","0","{""Q0"":""yfg54""}","","",""
"58187","","","survey-multi-choice","2","77790","0.0-2.0","onrjpl","Fri Oct 07 2022 08:28:12 GMT+0200 (CEST)","2022","10","7","8","28","12","yfg54","Commuting","Inner voice","99","23","female","right","86","50","70","2","0","{""Activity"":""Commuting""}","[0]","",""
"5753","","","survey-multi-choice","3","83549","0.0-3.0","onrjpl","Fri Oct 07 2022 08:28:12 GMT+0200 (CEST)","2022","10","7","8","28","12","yfg54","Commuting","Inner voice","99","23","female","right","86","50","70","2","0","{""MentalActivity"":""Inner voice""}","[0]","",""
"47848","","","survey-multi-choice","4","131408","0.0-4.0","onrjpl","Fri Oct 07 2022 08:28:12 GMT+0200 (CEST)","2022","10","7","8","28","12","yfg54","Commuting","Inner voice","99","23","female","right","86","50","70","2","0","{""HeartRate"":""99""}","[0]","",""
"3478","","","survey-text","5","134901","0.0-5.0","onrjpl","Fri Oct 07 2022 08:28:12 GMT+0200 (CEST)","2022","10","7","8","28","12","yfg54","Commuting","Inner voice","99","23","female","right","86","50","70","2","0","{""Q0"":""23""}","","",""
"4805","","","survey-multi-choice","6","139710","0.0-6.0","onrjpl","Fri Oct 07 2022 08:28:12 GMT+0200 (CEST)","2022","10","7","8","28","12","yfg54","Commuting","Inner voice","99","23","female","right","86","50","70","2","0","{""Gender"":""female"",""Hand"":""right""}","[0,1]","",""
"4343","<p>How Sad/Angry or Happy are you right now?</p>","","html-slider-response","7","144065","0.0-7.0","onrjpl","Fri Oct 07 2022 08:28:12 GMT+0200 (CEST)","2022","10","7","8","28","12","yfg54","Commuting","Inner voice","99","23","female","right","86","50","70","2","0","","","50","86"
"7610.000000000029","<p>How Tired/Sleepy/Distracted or Fresh/Awake/Alert are you right now?</p>","","html-slider-response","8","151678","0.0-8.0","onrjpl","Fri Oct 07 2022 08:28:12 GMT+0200 (CEST)","2022","10","7","8","28","12","yfg54","Commuting","Inner voice","99","23","female","right","86","50","70","2","0","","","50","50"
"4012","<p>How Hungry or Satiated are you right now?</p>","","html-slider-response","9","155695","0.0-9.0","onrjpl","Fri Oct 07 2022 08:28:12 GMT+0200 (CEST)","2022","10","7","8","28","12","yfg54","Commuting","Inner voice","99","23","female","right","86","50","70","2","0","","","50","70"
"11530","","","survey-multi-choice","10","167235","0.0-10.0","onrjpl","Fri Oct 07 2022 08:28:12 GMT+0200 (CEST)","2022","10","7","8","28","12","yfg54","Commuting","Inner voice","99","23","female","right","86","50","70","2","0","{""Sleep"":""2"",""Eat"":""0""}","[0,1]","",""
