"rt","stimulus","key_press","trial_type","trial_index","time_elapsed","internal_node_id","exp_id","Time","year","month","date","hour","minute","seconds","id","Activity","MentalActivity","HeartRate","age","Gender","Handedness","mood","fresh","hunger","H_since_Sleep","H_since_Eat","responses","question_order","slider_start","response"
"null","<p>Welcome to this 1 min. survey on daily rhythms, body and mood.</p><p>You will be asked to report your heart-rate</p><p>and given some questions about yourself.</p><p>Take the test when prompted and/or at different times of the day/night.</p><p>Please make a personal ID (three letters+ two numbers, e.g. ept23).</p><p>Write it down and use this ID whenever taking the test.</p>","null","html-keyboard-response","0","10015","0.0-0.0","whj6n7","Sun Oct 23 2022 19:09:55 GMT+0200 (Central European Summer Time)","2022","10","23","19","9","55","jqi11","Working, Studying","Unsymbolized thinking","75","28","female","right","64","100","26","3","6","","","",""
"8792.5","","","survey-text","1","18841","0.0-1.0","whj6n7","Sun Oct 23 2022 19:09:55 GMT+0200 (Central European Summer Time)","2022","10","23","19","9","55","jqi11","Working, Studying","Unsymbolized thinking","75","28","female","right","64","100","26","3","6","{""Q0"":""jqi11""}","","",""
"3843.300000190735","","","survey-multi-choice","2","22700","0.0-2.0","whj6n7","Sun Oct 23 2022 19:09:55 GMT+0200 (Central European Summer Time)","2022","10","23","19","9","55","jqi11","Working, Studying","Unsymbolized thinking","75","28","female","right","64","100","26","3","6","{""Activity"":""Working, Studying""}","[0]","",""
"3925.5","","","survey-multi-choice","3","26635","0.0-3.0","whj6n7","Sun Oct 23 2022 19:09:55 GMT+0200 (Central European Summer Time)","2022","10","23","19","9","55","jqi11","Working, Studying","Unsymbolized thinking","75","28","female","right","64","100","26","3","6","{""MentalActivity"":""Unsymbolized thinking""}","[0]","",""
"4598.5","","","survey-multi-choice","4","31271","0.0-4.0","whj6n7","Sun Oct 23 2022 19:09:55 GMT+0200 (Central European Summer Time)","2022","10","23","19","9","55","jqi11","Working, Studying","Unsymbolized thinking","75","28","female","right","64","100","26","3","6","{""HeartRate"":""75""}","[0]","",""
"4952.199999809265","","","survey-text","5","36235","0.0-5.0","whj6n7","Sun Oct 23 2022 19:09:55 GMT+0200 (Central European Summer Time)","2022","10","23","19","9","55","jqi11","Working, Studying","Unsymbolized thinking","75","28","female","right","64","100","26","3","6","{""Q0"":""28""}","","",""
"3266.699999809265","","","survey-multi-choice","6","39514","0.0-6.0","whj6n7","Sun Oct 23 2022 19:09:55 GMT+0200 (Central European Summer Time)","2022","10","23","19","9","55","jqi11","Working, Studying","Unsymbolized thinking","75","28","female","right","64","100","26","3","6","{""Gender"":""female"",""Hand"":""right""}","[0,1]","",""
"6660.599999904633","<p>How Sad/Angry or Happy are you right now?</p>","","html-slider-response","7","46187","0.0-7.0","whj6n7","Sun Oct 23 2022 19:09:55 GMT+0200 (Central European Summer Time)","2022","10","23","19","9","55","jqi11","Working, Studying","Unsymbolized thinking","75","28","female","right","64","100","26","3","6","","","50","64"
"5148.099999904633","<p>How Tired/Sleepy/Distracted or Fresh/Awake/Alert are you right now?</p>","","html-slider-response","8","51345","0.0-8.0","whj6n7","Sun Oct 23 2022 19:09:55 GMT+0200 (Central European Summer Time)","2022","10","23","19","9","55","jqi11","Working, Studying","Unsymbolized thinking","75","28","female","right","64","100","26","3","6","","","50","100"
"4031.300000190735","<p>How Hungry or Satiated are you right now?</p>","","html-slider-response","9","55389","0.0-9.0","whj6n7","Sun Oct 23 2022 19:09:55 GMT+0200 (Central European Summer Time)","2022","10","23","19","9","55","jqi11","Working, Studying","Unsymbolized thinking","75","28","female","right","64","100","26","3","6","","","50","26"
"53066.40000009537","","","survey-multi-choice","10","108477","0.0-10.0","whj6n7","Sun Oct 23 2022 19:09:55 GMT+0200 (Central European Summer Time)","2022","10","23","19","9","55","jqi11","Working, Studying","Unsymbolized thinking","75","28","female","right","64","100","26","3","6","{""Sleep"":""3"",""Eat"":""6""}","[0,1]","",""
