"rt","stimulus","key_press","trial_type","trial_index","time_elapsed","internal_node_id","exp_id","Time","year","month","date","hour","minute","seconds","id","Activity","MentalActivity","HeartRate","age","Gender","Handedness","mood","fresh","hunger","H_since_Sleep","H_since_Eat","responses","question_order","slider_start","response"
"null","<p>Welcome to this 1 min. survey on daily rhythms, body and mood.</p><p>You will be asked to report your heart-rate</p><p>and given some questions about yourself.</p><p>Take the test when prompted and/or at different times of the day/night.</p><p>Please make a personal ID (three letters+ two numbers, e.g. ept23).</p><p>Write it down and use this ID whenever taking the test.</p>","null","html-keyboard-response","0","10029","0.0-0.0","9ray0a","Tue Sep 13 2022 13:18:04 GMT+0200 (CEST)","2022","9","13","13","18","4","www11","Working, Studying","Inner voice","49","25","male","right","69","74","65","7","1","","","",""
"8144","","","survey-text","1","18198","0.0-1.0","9ray0a","Tue Sep 13 2022 13:18:04 GMT+0200 (CEST)","2022","9","13","13","18","4","www11","Working, Studying","Inner voice","49","25","male","right","69","74","65","7","1","{""Q0"":""www11""}","","",""
"4529.999999999996","","","survey-multi-choice","2","22735","0.0-2.0","9ray0a","Tue Sep 13 2022 13:18:04 GMT+0200 (CEST)","2022","9","13","13","18","4","www11","Working, Studying","Inner voice","49","25","male","right","69","74","65","7","1","{""Activity"":""Working, Studying""}","[0]","",""
"2928","","","survey-multi-choice","3","25665","0.0-3.0","9ray0a","Tue Sep 13 2022 13:18:04 GMT+0200 (CEST)","2022","9","13","13","18","4","www11","Working, Studying","Inner voice","49","25","male","right","69","74","65","7","1","{""MentalActivity"":""Inner voice""}","[0]","",""
"3351","","","survey-multi-choice","4","29020","0.0-4.0","9ray0a","Tue Sep 13 2022 13:18:04 GMT+0200 (CEST)","2022","9","13","13","18","4","www11","Working, Studying","Inner voice","49","25","male","right","69","74","65","7","1","{""HeartRate"":""49""}","[0]","",""
"6110","","","survey-text","5","35141","0.0-5.0","9ray0a","Tue Sep 13 2022 13:18:04 GMT+0200 (CEST)","2022","9","13","13","18","4","www11","Working, Studying","Inner voice","49","25","male","right","69","74","65","7","1","{""Q0"":""25""}","","",""
"2963","","","survey-multi-choice","6","38109","0.0-6.0","9ray0a","Tue Sep 13 2022 13:18:04 GMT+0200 (CEST)","2022","9","13","13","18","4","www11","Working, Studying","Inner voice","49","25","male","right","69","74","65","7","1","{""Gender"":""male"",""Hand"":""right""}","[0,1]","",""
"2602","<p>How Sad/Angry or Happy are you right now?</p>","","html-slider-response","7","40715","0.0-7.0","9ray0a","Tue Sep 13 2022 13:18:04 GMT+0200 (CEST)","2022","9","13","13","18","4","www11","Working, Studying","Inner voice","49","25","male","right","69","74","65","7","1","","","50","69"
"6073","<p>How Tired/Sleepy/Distracted or Fresh/Awake/Alert are you right now?</p>","","html-slider-response","8","46791","0.0-8.0","9ray0a","Tue Sep 13 2022 13:18:04 GMT+0200 (CEST)","2022","9","13","13","18","4","www11","Working, Studying","Inner voice","49","25","male","right","69","74","65","7","1","","","50","74"
"2907","<p>How Hungry or Satiated are you right now?</p>","","html-slider-response","9","49700","0.0-9.0","9ray0a","Tue Sep 13 2022 13:18:04 GMT+0200 (CEST)","2022","9","13","13","18","4","www11","Working, Studying","Inner voice","49","25","male","right","69","74","65","7","1","","","50","65"
"10282","","","survey-multi-choice","10","59987","0.0-10.0","9ray0a","Tue Sep 13 2022 13:18:04 GMT+0200 (CEST)","2022","9","13","13","18","4","www11","Working, Studying","Inner voice","49","25","male","right","69","74","65","7","1","{""Sleep"":""7"",""Eat"":""1""}","[0,1]","",""
