"rt","stimulus","key_press","trial_type","trial_index","time_elapsed","internal_node_id","exp_id","Time","year","month","date","hour","minute","seconds","id","Activity","MentalActivity","HeartRate","age","Gender","Handedness","mood","fresh","hunger","H_since_Sleep","H_since_Eat","responses","question_order","slider_start","response"
"null","<p>Welcome to this 1 min. survey on daily rhythms, body and mood.</p><p>You will be asked to report your heart-rate</p><p>and given some questions about yourself.</p><p>Take the test when prompted and/or at different times of the day/night.</p><p>Please make a personal ID (three letters+ two numbers, e.g. ept23).</p><p>Write it down and use this ID whenever taking the test.</p>","null","html-keyboard-response","0","10006","0.0-0.0","je9tuu","Fri Oct 07 2022 14:40:47 GMT+0200 (CEST)","2022","10","7","14","40","47","pid10","Watching TV","Feelings","54","23","female","right","61","36","70","7","2","","","",""
"16715","","","survey-text","1","26739","0.0-1.0","je9tuu","Fri Oct 07 2022 14:40:47 GMT+0200 (CEST)","2022","10","7","14","40","47","pid10","Watching TV","Feelings","54","23","female","right","61","36","70","7","2","{""Q0"":""pid10""}","","",""
"6885","","","survey-multi-choice","2","33627","0.0-2.0","je9tuu","Fri Oct 07 2022 14:40:47 GMT+0200 (CEST)","2022","10","7","14","40","47","pid10","Watching TV","Feelings","54","23","female","right","61","36","70","7","2","{""Activity"":""Watching TV""}","[0]","",""
"5930.000000000007","","","survey-multi-choice","3","39560","0.0-3.0","je9tuu","Fri Oct 07 2022 14:40:47 GMT+0200 (CEST)","2022","10","7","14","40","47","pid10","Watching TV","Feelings","54","23","female","right","61","36","70","7","2","{""MentalActivity"":""Feelings""}","[0]","",""
"12268","","","survey-multi-choice","4","51835","0.0-4.0","je9tuu","Fri Oct 07 2022 14:40:47 GMT+0200 (CEST)","2022","10","7","14","40","47","pid10","Watching TV","Feelings","54","23","female","right","61","36","70","7","2","{""HeartRate"":""54""}","[0]","",""
"3528","","","survey-text","5","55372","0.0-5.0","je9tuu","Fri Oct 07 2022 14:40:47 GMT+0200 (CEST)","2022","10","7","14","40","47","pid10","Watching TV","Feelings","54","23","female","right","61","36","70","7","2","{""Q0"":""23""}","","",""
"5968.999999999993","","","survey-multi-choice","6","61343","0.0-6.0","je9tuu","Fri Oct 07 2022 14:40:47 GMT+0200 (CEST)","2022","10","7","14","40","47","pid10","Watching TV","Feelings","54","23","female","right","61","36","70","7","2","{""Gender"":""female"",""Hand"":""right""}","[0,1]","",""
"47235","<p>How Sad/Angry or Happy are you right now?</p>","","html-slider-response","7","108582","0.0-7.0","je9tuu","Fri Oct 07 2022 14:40:47 GMT+0200 (CEST)","2022","10","7","14","40","47","pid10","Watching TV","Feelings","54","23","female","right","61","36","70","7","2","","","50","61"
"4473","<p>How Tired/Sleepy/Distracted or Fresh/Awake/Alert are you right now?</p>","","html-slider-response","8","113057","0.0-8.0","je9tuu","Fri Oct 07 2022 14:40:47 GMT+0200 (CEST)","2022","10","7","14","40","47","pid10","Watching TV","Feelings","54","23","female","right","61","36","70","7","2","","","50","36"
"3249","<p>How Hungry or Satiated are you right now?</p>","","html-slider-response","9","116309","0.0-9.0","je9tuu","Fri Oct 07 2022 14:40:47 GMT+0200 (CEST)","2022","10","7","14","40","47","pid10","Watching TV","Feelings","54","23","female","right","61","36","70","7","2","","","50","70"
"24107","","","survey-multi-choice","10","140422","0.0-10.0","je9tuu","Fri Oct 07 2022 14:40:47 GMT+0200 (CEST)","2022","10","7","14","40","47","pid10","Watching TV","Feelings","54","23","female","right","61","36","70","7","2","{""Sleep"":""7"",""Eat"":""2""}","[0,1]","",""
