"rt","stimulus","key_press","trial_type","trial_index","time_elapsed","internal_node_id","exp_id","Time","year","month","date","hour","minute","seconds","id","Activity","MentalActivity","HeartRate","age","Gender","Handedness","mood","fresh","hunger","H_since_Sleep","H_since_Eat","responses","question_order","slider_start","response"
"null","<p>Welcome to this 1 min. survey on daily rhythms, body and mood.</p><p>You will be asked to report your heart-rate</p><p>and given some questions about yourself.</p><p>Take the test when prompted and/or at different times of the day/night.</p><p>Please make a personal ID (three letters+ two numbers, e.g. ept23).</p><p>Write it down and use this ID whenever taking the test.</p>","null","html-keyboard-response","0","10044","0.0-0.0","h2yl7g","Tue Sep 13 2022 14:10:31 GMT+0200 (CEST)","2022","9","13","14","10","31","lex70","Watching TV","Sensory awareness","72","21","female","right","34","28","41","7","1","","","",""
"9042","","","survey-text","1","19123","0.0-1.0","h2yl7g","Tue Sep 13 2022 14:10:31 GMT+0200 (CEST)","2022","9","13","14","10","31","lex70","Watching TV","Sensory awareness","72","21","female","right","34","28","41","7","1","{""Q0"":""lex70""}","","",""
"4040","","","survey-multi-choice","2","23167","0.0-2.0","h2yl7g","Tue Sep 13 2022 14:10:31 GMT+0200 (CEST)","2022","9","13","14","10","31","lex70","Watching TV","Sensory awareness","72","21","female","right","34","28","41","7","1","{""Activity"":""Watching TV""}","[0]","",""
"6036.000000000004","","","survey-multi-choice","3","29206","0.0-3.0","h2yl7g","Tue Sep 13 2022 14:10:31 GMT+0200 (CEST)","2022","9","13","14","10","31","lex70","Watching TV","Sensory awareness","72","21","female","right","34","28","41","7","1","{""MentalActivity"":""Sensory awareness""}","[0]","",""
"47280","","","survey-multi-choice","4","76492","0.0-4.0","h2yl7g","Tue Sep 13 2022 14:10:31 GMT+0200 (CEST)","2022","9","13","14","10","31","lex70","Watching TV","Sensory awareness","72","21","female","right","34","28","41","7","1","{""HeartRate"":""72""}","[0]","",""
"3200","","","survey-text","5","79708","0.0-5.0","h2yl7g","Tue Sep 13 2022 14:10:31 GMT+0200 (CEST)","2022","9","13","14","10","31","lex70","Watching TV","Sensory awareness","72","21","female","right","34","28","41","7","1","{""Q0"":""21""}","","",""
"5952","","","survey-multi-choice","6","85664","0.0-6.0","h2yl7g","Tue Sep 13 2022 14:10:31 GMT+0200 (CEST)","2022","9","13","14","10","31","lex70","Watching TV","Sensory awareness","72","21","female","right","34","28","41","7","1","{""Gender"":""female"",""Hand"":""right""}","[0,1]","",""
"14203","<p>How Sad/Angry or Happy are you right now?</p>","","html-slider-response","7","99877","0.0-7.0","h2yl7g","Tue Sep 13 2022 14:10:31 GMT+0200 (CEST)","2022","9","13","14","10","31","lex70","Watching TV","Sensory awareness","72","21","female","right","34","28","41","7","1","","","50","34"
"7967","<p>How Tired/Sleepy/Distracted or Fresh/Awake/Alert are you right now?</p>","","html-slider-response","8","107848","0.0-8.0","h2yl7g","Tue Sep 13 2022 14:10:31 GMT+0200 (CEST)","2022","9","13","14","10","31","lex70","Watching TV","Sensory awareness","72","21","female","right","34","28","41","7","1","","","50","28"
"5759","<p>How Hungry or Satiated are you right now?</p>","","html-slider-response","9","113612","0.0-9.0","h2yl7g","Tue Sep 13 2022 14:10:31 GMT+0200 (CEST)","2022","9","13","14","10","31","lex70","Watching TV","Sensory awareness","72","21","female","right","34","28","41","7","1","","","50","41"
"19691","","","survey-multi-choice","10","133314","0.0-10.0","h2yl7g","Tue Sep 13 2022 14:10:31 GMT+0200 (CEST)","2022","9","13","14","10","31","lex70","Watching TV","Sensory awareness","72","21","female","right","34","28","41","7","1","{""Sleep"":""7"",""Eat"":""1""}","[0,1]","",""
