"rt","stimulus","key_press","trial_type","trial_index","time_elapsed","internal_node_id","exp_id","Time","year","month","date","hour","minute","seconds","id","Activity","MentalActivity","HeartRate","age","Gender","Handedness","mood","fresh","hunger","H_since_Sleep","H_since_Eat","responses","question_order","slider_start","response"
"null","<p>Welcome to this 1 min. survey on daily rhythms, body and mood.</p><p>You will be asked to report your heart-rate</p><p>and given some questions about yourself.</p><p>Take the test when prompted and/or at different times of the day/night.</p><p>Please make a personal ID (three letters+ two numbers, e.g. ept23).</p><p>Write it down and use this ID whenever taking the test.</p>","null","html-keyboard-response","0","10207","0.0-0.0","4uuu3s","Mon Sep 12 2022 13:06:51 GMT+0200 (Central European Summer Time)","2022","9","12","13","6","51","eeg339","Working, Studying","Sensory awareness","63","21","male","right","63","66","40","3","0","","","",""
"41317.60000002384","","","survey-text","1","51529","0.0-1.0","4uuu3s","Mon Sep 12 2022 13:06:51 GMT+0200 (Central European Summer Time)","2022","9","12","13","6","51","eeg339","Working, Studying","Sensory awareness","63","21","male","right","63","66","40","3","0","{""Q0"":""eeg339""}","","",""
"4555.600000023842","","","survey-multi-choice","2","56086","0.0-2.0","4uuu3s","Mon Sep 12 2022 13:06:51 GMT+0200 (Central European Summer Time)","2022","9","12","13","6","51","eeg339","Working, Studying","Sensory awareness","63","21","male","right","63","66","40","3","0","{""Activity"":""Working, Studying""}","[0]","",""
"4652.899999976158","","","survey-multi-choice","3","60741","0.0-3.0","4uuu3s","Mon Sep 12 2022 13:06:51 GMT+0200 (Central European Summer Time)","2022","9","12","13","6","51","eeg339","Working, Studying","Sensory awareness","63","21","male","right","63","66","40","3","0","{""MentalActivity"":""Sensory awareness""}","[0]","",""
"57182.69999998808","","","survey-multi-choice","4","117927","0.0-4.0","4uuu3s","Mon Sep 12 2022 13:06:51 GMT+0200 (Central European Summer Time)","2022","9","12","13","6","51","eeg339","Working, Studying","Sensory awareness","63","21","male","right","63","66","40","3","0","{""HeartRate"":""63""}","[0]","",""
"2466.100000023842","","","survey-text","5","120396","0.0-5.0","4uuu3s","Mon Sep 12 2022 13:06:51 GMT+0200 (Central European Summer Time)","2022","9","12","13","6","51","eeg339","Working, Studying","Sensory awareness","63","21","male","right","63","66","40","3","0","{""Q0"":""21""}","","",""
"1732.300000011921","","","survey-multi-choice","6","122129","0.0-6.0","4uuu3s","Mon Sep 12 2022 13:06:51 GMT+0200 (Central European Summer Time)","2022","9","12","13","6","51","eeg339","Working, Studying","Sensory awareness","63","21","male","right","63","66","40","3","0","{""Gender"":""male"",""Hand"":""right""}","[0,1]","",""
"8356.100000023842","<p>How Sad/Angry or Happy are you right now?</p>","","html-slider-response","7","130488","0.0-7.0","4uuu3s","Mon Sep 12 2022 13:06:51 GMT+0200 (Central European Summer Time)","2022","9","12","13","6","51","eeg339","Working, Studying","Sensory awareness","63","21","male","right","63","66","40","3","0","","","50","63"
"5879.300000011921","<p>How Tired/Sleepy/Distracted or Fresh/Awake/Alert are you right now?</p>","","html-slider-response","8","136368","0.0-8.0","4uuu3s","Mon Sep 12 2022 13:06:51 GMT+0200 (Central European Summer Time)","2022","9","12","13","6","51","eeg339","Working, Studying","Sensory awareness","63","21","male","right","63","66","40","3","0","","","50","66"
"5579.100000023842","<p>How Hungry or Satiated are you right now?</p>","","html-slider-response","9","141948","0.0-9.0","4uuu3s","Mon Sep 12 2022 13:06:51 GMT+0200 (Central European Summer Time)","2022","9","12","13","6","51","eeg339","Working, Studying","Sensory awareness","63","21","male","right","63","66","40","3","0","","","50","40"
"16188.5","","","survey-multi-choice","10","158138","0.0-10.0","4uuu3s","Mon Sep 12 2022 13:06:51 GMT+0200 (Central European Summer Time)","2022","9","12","13","6","51","eeg339","Working, Studying","Sensory awareness","63","21","male","right","63","66","40","3","0","{""Sleep"":""3"",""Eat"":""0""}","[0,1]","",""
