"rt","stimulus","key_press","trial_type","trial_index","time_elapsed","internal_node_id","exp_id","Time","year","month","date","hour","minute","seconds","id","Activity","MentalActivity","HeartRate","age","Gender","Handedness","mood","fresh","hunger","H_since_Sleep","H_since_Eat","responses","question_order","slider_start","response"
"null","<p>Welcome to this 1 min. survey on daily rhythms, body and mood.</p><p>You will be asked to report your heart-rate</p><p>and given some questions about yourself.</p><p>Take the test when prompted and/or at different times of the day/night.</p><p>Please make a personal ID (three letters+ two numbers, e.g. ept23).</p><p>Write it down and use this ID whenever taking the test.</p>","null","html-keyboard-response","0","10027","0.0-0.0","74nawr","Thu Nov 03 2022 08:05:01 GMT+0100 (Central European Standard Time)","2022","11","3","8","5","1","ESG44","Sleeping, Resting","Unsymbolized thinking","67","25","female","right","63","60","30","0","13","","","",""
"7628.5","","","survey-text","1","17711","0.0-1.0","74nawr","Thu Nov 03 2022 08:05:01 GMT+0100 (Central European Standard Time)","2022","11","3","8","5","1","ESG44","Sleeping, Resting","Unsymbolized thinking","67","25","female","right","63","60","30","0","13","{""Q0"":""ESG44""}","","",""
"16126.200000047684","","","survey-multi-choice","2","33851","0.0-2.0","74nawr","Thu Nov 03 2022 08:05:01 GMT+0100 (Central European Standard Time)","2022","11","3","8","5","1","ESG44","Sleeping, Resting","Unsymbolized thinking","67","25","female","right","63","60","30","0","13","{""Activity"":""Sleeping, Resting""}","[0]","",""
"7062.899999976158","","","survey-multi-choice","3","40921","0.0-3.0","74nawr","Thu Nov 03 2022 08:05:01 GMT+0100 (Central European Standard Time)","2022","11","3","8","5","1","ESG44","Sleeping, Resting","Unsymbolized thinking","67","25","female","right","63","60","30","0","13","{""MentalActivity"":""Unsymbolized thinking""}","[0]","",""
"5160","","","survey-multi-choice","4","46105","0.0-4.0","74nawr","Thu Nov 03 2022 08:05:01 GMT+0100 (Central European Standard Time)","2022","11","3","8","5","1","ESG44","Sleeping, Resting","Unsymbolized thinking","67","25","female","right","63","60","30","0","13","{""HeartRate"":""67""}","[0]","",""
"3200","","","survey-text","5","49325","0.0-5.0","74nawr","Thu Nov 03 2022 08:05:01 GMT+0100 (Central European Standard Time)","2022","11","3","8","5","1","ESG44","Sleeping, Resting","Unsymbolized thinking","67","25","female","right","63","60","30","0","13","{""Q0"":""25""}","","",""
"3114.900000035763","","","survey-multi-choice","6","52452","0.0-6.0","74nawr","Thu Nov 03 2022 08:05:01 GMT+0100 (Central European Standard Time)","2022","11","3","8","5","1","ESG44","Sleeping, Resting","Unsymbolized thinking","67","25","female","right","63","60","30","0","13","{""Gender"":""female"",""Hand"":""right""}","[0,1]","",""
"4922.300000011921","<p>How Sad/Angry or Happy are you right now?</p>","","html-slider-response","7","57385","0.0-7.0","74nawr","Thu Nov 03 2022 08:05:01 GMT+0100 (Central European Standard Time)","2022","11","3","8","5","1","ESG44","Sleeping, Resting","Unsymbolized thinking","67","25","female","right","63","60","30","0","13","","","50","63"
"4383.199999988079","<p>How Tired/Sleepy/Distracted or Fresh/Awake/Alert are you right now?</p>","","html-slider-response","8","61773","0.0-8.0","74nawr","Thu Nov 03 2022 08:05:01 GMT+0100 (Central European Standard Time)","2022","11","3","8","5","1","ESG44","Sleeping, Resting","Unsymbolized thinking","67","25","female","right","63","60","30","0","13","","","50","60"
"3276.900000035763","<p>How Hungry or Satiated are you right now?</p>","","html-slider-response","9","65056","0.0-9.0","74nawr","Thu Nov 03 2022 08:05:01 GMT+0100 (Central European Standard Time)","2022","11","3","8","5","1","ESG44","Sleeping, Resting","Unsymbolized thinking","67","25","female","right","63","60","30","0","13","","","50","30"
"31303.899999976158","","","survey-multi-choice","10","96371","0.0-10.0","74nawr","Thu Nov 03 2022 08:05:01 GMT+0100 (Central European Standard Time)","2022","11","3","8","5","1","ESG44","Sleeping, Resting","Unsymbolized thinking","67","25","female","right","63","60","30","0","13","{""Sleep"":""0"",""Eat"":""13""}","[0,1]","",""
