"rt","stimulus","key_press","trial_type","trial_index","time_elapsed","internal_node_id","exp_id","Time","year","month","date","hour","minute","seconds","id","Activity","MentalActivity","HeartRate","age","Gender","Handedness","mood","fresh","hunger","H_since_Sleep","H_since_Eat","responses","question_order","slider_start","response"
"null","<p>Welcome to this 1 min. survey on daily rhythms, body and mood.</p><p>You will be asked to report your heart-rate</p><p>and given some questions about yourself.</p><p>Take the test when prompted and/or at different times of the day/night.</p><p>Please make a personal ID (three letters+ two numbers, e.g. ept23).</p><p>Write it down and use this ID whenever taking the test.</p>","null","html-keyboard-response","0","10022","0.0-0.0","4038wq","Sun Sep 11 2022 23:13:01 GMT+0200 (Central European Summer Time)","2022","9","11","23","13","1","eeg339","Sleeping, Resting","Sensory awareness","81","21","male","right","80","63","50","12","3","","","",""
"7479.0999999940395","","","survey-text","1","17555","0.0-1.0","4038wq","Sun Sep 11 2022 23:13:01 GMT+0200 (Central European Summer Time)","2022","9","11","23","13","1","eeg339","Sleeping, Resting","Sensory awareness","81","21","male","right","80","63","50","12","3","{""Q0"":""eeg339""}","","",""
"60696.79999999702","","","survey-multi-choice","2","78263","0.0-2.0","4038wq","Sun Sep 11 2022 23:13:01 GMT+0200 (Central European Summer Time)","2022","9","11","23","13","1","eeg339","Sleeping, Resting","Sensory awareness","81","21","male","right","80","63","50","12","3","{""Activity"":""Sleeping, Resting""}","[0]","",""
"5390.199999988079","","","survey-multi-choice","3","83666","0.0-3.0","4038wq","Sun Sep 11 2022 23:13:01 GMT+0200 (Central European Summer Time)","2022","9","11","23","13","1","eeg339","Sleeping, Resting","Sensory awareness","81","21","male","right","80","63","50","12","3","{""MentalActivity"":""Sensory awareness""}","[0]","",""
"78321.79999999702","","","survey-multi-choice","4","162027","0.0-4.0","4038wq","Sun Sep 11 2022 23:13:01 GMT+0200 (Central European Summer Time)","2022","9","11","23","13","1","eeg339","Sleeping, Resting","Sensory awareness","81","21","male","right","80","63","50","12","3","{""HeartRate"":""81""}","[0]","",""
"7301.79999999702","","","survey-text","5","169346","0.0-5.0","4038wq","Sun Sep 11 2022 23:13:01 GMT+0200 (Central European Summer Time)","2022","9","11","23","13","1","eeg339","Sleeping, Resting","Sensory awareness","81","21","male","right","80","63","50","12","3","{""Q0"":""21""}","","",""
"3380.2999999970198","","","survey-multi-choice","6","172739","0.0-6.0","4038wq","Sun Sep 11 2022 23:13:01 GMT+0200 (Central European Summer Time)","2022","9","11","23","13","1","eeg339","Sleeping, Resting","Sensory awareness","81","21","male","right","80","63","50","12","3","{""Gender"":""male"",""Hand"":""right""}","[0,1]","",""
"3301.7000000029802","<p>How Sad/Angry or Happy are you right now?</p>","","html-slider-response","7","176055","0.0-7.0","4038wq","Sun Sep 11 2022 23:13:01 GMT+0200 (Central European Summer Time)","2022","9","11","23","13","1","eeg339","Sleeping, Resting","Sensory awareness","81","21","male","right","80","63","50","12","3","","","50","80"
"5788.79999999702","<p>How Tired/Sleepy/Distracted or Fresh/Awake/Alert are you right now?</p>","","html-slider-response","8","181851","0.0-8.0","4038wq","Sun Sep 11 2022 23:13:01 GMT+0200 (Central European Summer Time)","2022","9","11","23","13","1","eeg339","Sleeping, Resting","Sensory awareness","81","21","male","right","80","63","50","12","3","","","50","63"
"7701.20000000298","<p>How Hungry or Satiated are you right now?</p>","","html-slider-response","9","189577","0.0-9.0","4038wq","Sun Sep 11 2022 23:13:01 GMT+0200 (Central European Summer Time)","2022","9","11","23","13","1","eeg339","Sleeping, Resting","Sensory awareness","81","21","male","right","80","63","50","12","3","","","50","50"
"23409.10000000894","","","survey-multi-choice","10","213009","0.0-10.0","4038wq","Sun Sep 11 2022 23:13:01 GMT+0200 (Central European Summer Time)","2022","9","11","23","13","1","eeg339","Sleeping, Resting","Sensory awareness","81","21","male","right","80","63","50","12","3","{""Sleep"":""12"",""Eat"":""3""}","[0,1]","",""
