"rt","stimulus","key_press","trial_type","trial_index","time_elapsed","internal_node_id","exp_id","Time","year","month","date","hour","minute","seconds","id","Activity","MentalActivity","HeartRate","age","Gender","Handedness","mood","fresh","hunger","H_since_Sleep","H_since_Eat","responses","question_order","slider_start","response"
"null","<p>Welcome to this 1 min. survey on daily rhythms, body and mood.</p><p>You will be asked to report your heart-rate</p><p>and given some questions about yourself.</p><p>Take the test when prompted and/or at different times of the day/night.</p><p>Please make a personal ID (three letters+ two numbers, e.g. ept23).</p><p>Write it down and use this ID whenever taking the test.</p>","null","html-keyboard-response","0","10021","0.0-0.0","z51vl0","Sun Oct 16 2022 17:25:21 GMT+0200 (Centraleuropæisk sommertid)","2022","10","16","17","25","21","Cic22","Leisure","Inner voice","88","22","female","right","80","44","23","7","2","","","",""
"12577.59999999404","","","survey-text","1","22623","0.0-1.0","z51vl0","Sun Oct 16 2022 17:25:21 GMT+0200 (Centraleuropæisk sommertid)","2022","10","16","17","25","21","Cic22","Leisure","Inner voice","88","22","female","right","80","44","23","7","2","{""Q0"":""Cic22""}","","",""
"15790.90000000596","","","survey-multi-choice","2","38427","0.0-2.0","z51vl0","Sun Oct 16 2022 17:25:21 GMT+0200 (Centraleuropæisk sommertid)","2022","10","16","17","25","21","Cic22","Leisure","Inner voice","88","22","female","right","80","44","23","7","2","{""Activity"":""Leisure""}","[0]","",""
"3252","","","survey-multi-choice","3","41686","0.0-3.0","z51vl0","Sun Oct 16 2022 17:25:21 GMT+0200 (Centraleuropæisk sommertid)","2022","10","16","17","25","21","Cic22","Leisure","Inner voice","88","22","female","right","80","44","23","7","2","{""MentalActivity"":""Inner voice""}","[0]","",""
"9730.59999999404","","","survey-multi-choice","4","51440","0.0-4.0","z51vl0","Sun Oct 16 2022 17:25:21 GMT+0200 (Centraleuropæisk sommertid)","2022","10","16","17","25","21","Cic22","Leisure","Inner voice","88","22","female","right","80","44","23","7","2","{""HeartRate"":""88""}","[0]","",""
"3561.5","","","survey-text","5","55016","0.0-5.0","z51vl0","Sun Oct 16 2022 17:25:21 GMT+0200 (Centraleuropæisk sommertid)","2022","10","16","17","25","21","Cic22","Leisure","Inner voice","88","22","female","right","80","44","23","7","2","{""Q0"":""22""}","","",""
"4067.5","","","survey-multi-choice","6","59093","0.0-6.0","z51vl0","Sun Oct 16 2022 17:25:21 GMT+0200 (Centraleuropæisk sommertid)","2022","10","16","17","25","21","Cic22","Leisure","Inner voice","88","22","female","right","80","44","23","7","2","{""Gender"":""female"",""Hand"":""right""}","[0,1]","",""
"5268.9000000059605","<p>How Sad/Angry or Happy are you right now?</p>","","html-slider-response","7","64372","0.0-7.0","z51vl0","Sun Oct 16 2022 17:25:21 GMT+0200 (Centraleuropæisk sommertid)","2022","10","16","17","25","21","Cic22","Leisure","Inner voice","88","22","female","right","80","44","23","7","2","","","50","80"
"11055.90000000596","<p>How Tired/Sleepy/Distracted or Fresh/Awake/Alert are you right now?</p>","","html-slider-response","8","75434","0.0-8.0","z51vl0","Sun Oct 16 2022 17:25:21 GMT+0200 (Centraleuropæisk sommertid)","2022","10","16","17","25","21","Cic22","Leisure","Inner voice","88","22","female","right","80","44","23","7","2","","","50","44"
"4678.0999999940395","<p>How Hungry or Satiated are you right now?</p>","","html-slider-response","9","80117","0.0-9.0","z51vl0","Sun Oct 16 2022 17:25:21 GMT+0200 (Centraleuropæisk sommertid)","2022","10","16","17","25","21","Cic22","Leisure","Inner voice","88","22","female","right","80","44","23","7","2","","","50","23"
"15136.200000017881","","","survey-multi-choice","10","95269","0.0-10.0","z51vl0","Sun Oct 16 2022 17:25:21 GMT+0200 (Centraleuropæisk sommertid)","2022","10","16","17","25","21","Cic22","Leisure","Inner voice","88","22","female","right","80","44","23","7","2","{""Sleep"":""7"",""Eat"":""2""}","[0,1]","",""
