"rt","stimulus","key_press","trial_type","trial_index","time_elapsed","internal_node_id","exp_id","Time","year","month","date","hour","minute","seconds","id","Activity","MentalActivity","HeartRate","age","Gender","Handedness","mood","fresh","hunger","H_since_Sleep","H_since_Eat","responses","question_order","slider_start","response"
"null","<p>Welcome to this 1 min. survey on daily rhythms, body and mood.</p><p>You will be asked to report your heart-rate</p><p>and given some questions about yourself.</p><p>Take the test when prompted and/or at different times of the day/night.</p><p>Please make a personal ID (three letters+ two numbers, e.g. ept23).</p><p>Write it down and use this ID whenever taking the test.</p>","null","html-keyboard-response","0","10019","0.0-0.0","cdmfer","Sat Sep 24 2022 19:29:26 GMT+0200 (CEST)","2022","9","24","19","29","26","www12","Cooking","Inner voice","49","25","male","right","83","73","6","13","4","","","",""
"24062","","","survey-text","1","34107","0.0-1.0","cdmfer","Sat Sep 24 2022 19:29:26 GMT+0200 (CEST)","2022","9","24","19","29","26","www12","Cooking","Inner voice","49","25","male","right","83","73","6","13","4","{""Q0"":""www12""}","","",""
"32324","","","survey-multi-choice","2","66441","0.0-2.0","cdmfer","Sat Sep 24 2022 19:29:26 GMT+0200 (CEST)","2022","9","24","19","29","26","www12","Cooking","Inner voice","49","25","male","right","83","73","6","13","4","{""Activity"":""Cooking""}","[0]","",""
"6401","","","survey-multi-choice","3","72847","0.0-3.0","cdmfer","Sat Sep 24 2022 19:29:26 GMT+0200 (CEST)","2022","9","24","19","29","26","www12","Cooking","Inner voice","49","25","male","right","83","73","6","13","4","{""MentalActivity"":""Inner voice""}","[0]","",""
"3652.0000000000146","","","survey-multi-choice","4","76514","0.0-4.0","cdmfer","Sat Sep 24 2022 19:29:26 GMT+0200 (CEST)","2022","9","24","19","29","26","www12","Cooking","Inner voice","49","25","male","right","83","73","6","13","4","{""HeartRate"":""49""}","[0]","",""
"5079","","","survey-text","5","81605","0.0-5.0","cdmfer","Sat Sep 24 2022 19:29:26 GMT+0200 (CEST)","2022","9","24","19","29","26","www12","Cooking","Inner voice","49","25","male","right","83","73","6","13","4","{""Q0"":""25""}","","",""
"2784","","","survey-multi-choice","6","84395","0.0-6.0","cdmfer","Sat Sep 24 2022 19:29:26 GMT+0200 (CEST)","2022","9","24","19","29","26","www12","Cooking","Inner voice","49","25","male","right","83","73","6","13","4","{""Gender"":""male"",""Hand"":""right""}","[0,1]","",""
"4382.000000000015","<p>How Sad/Angry or Happy are you right now?</p>","","html-slider-response","7","88786","0.0-7.0","cdmfer","Sat Sep 24 2022 19:29:26 GMT+0200 (CEST)","2022","9","24","19","29","26","www12","Cooking","Inner voice","49","25","male","right","83","73","6","13","4","","","50","83"
"4289.999999999985","<p>How Tired/Sleepy/Distracted or Fresh/Awake/Alert are you right now?</p>","","html-slider-response","8","93079","0.0-8.0","cdmfer","Sat Sep 24 2022 19:29:26 GMT+0200 (CEST)","2022","9","24","19","29","26","www12","Cooking","Inner voice","49","25","male","right","83","73","6","13","4","","","50","73"
"4632","<p>How Hungry or Satiated are you right now?</p>","","html-slider-response","9","97715","0.0-9.0","cdmfer","Sat Sep 24 2022 19:29:26 GMT+0200 (CEST)","2022","9","24","19","29","26","www12","Cooking","Inner voice","49","25","male","right","83","73","6","13","4","","","50","6"
"65021","","","survey-multi-choice","10","162745","0.0-10.0","cdmfer","Sat Sep 24 2022 19:29:26 GMT+0200 (CEST)","2022","9","24","19","29","26","www12","Cooking","Inner voice","49","25","male","right","83","73","6","13","4","{""Sleep"":""13"",""Eat"":""4""}","[0,1]","",""
