"rt","stimulus","key_press","trial_type","trial_index","time_elapsed","internal_node_id","exp_id","Time","year","month","date","hour","minute","seconds","id","HeartRate","age","Gender","Handedness","mood","fresh","hunger","H_since_Sleep","H_since_Eat","Activity","MentalActivity","responses","question_order","slider_start","response"
"null","<p>Welcome to this 1 min. survey on daily rhythms, body and mood.</p><p>You will be asked to report your heart-rate</p><p>and given some questions about yourself.</p><p>Take the test when prompted and/or at different times of the day/night.</p><p>Please make a personal ID (three letters+ two numbers, e.g. ept23).</p><p>Write it down and use this ID whenever taking the test.</p>","null","html-keyboard-response","0","10149","0.0-0.0","c7ndpt","Thu Sep 08 2022 18:28:24 GMT+0200 (Central European Summer Time)","2022","9","8","18","28","24","POP33","93","25","female","right","74","85","25","12","2","Commuting","Inner voice","","","",""
"15470.40000000596","","","survey-text","1","25669","0.0-1.0","c7ndpt","Thu Sep 08 2022 18:28:24 GMT+0200 (Central European Summer Time)","2022","9","8","18","28","24","POP33","93","25","female","right","74","85","25","12","2","Commuting","Inner voice","{""Q0"":""POP33""}","","",""
"4685.199999988079","","","survey-multi-choice","2","30399","0.0-2.0","c7ndpt","Thu Sep 08 2022 18:28:24 GMT+0200 (Central European Summer Time)","2022","9","8","18","28","24","POP33","93","25","female","right","74","85","25","12","2","Commuting","Inner voice","{""HeartRate"":""93""}","[0]","",""
"4472.9000000059605","","","survey-text","3","34885","0.0-3.0","c7ndpt","Thu Sep 08 2022 18:28:24 GMT+0200 (Central European Summer Time)","2022","9","8","18","28","24","POP33","93","25","female","right","74","85","25","12","2","Commuting","Inner voice","{""Q0"":""25""}","","",""
"5010.899999976158","","","survey-multi-choice","4","39908","0.0-4.0","c7ndpt","Thu Sep 08 2022 18:28:24 GMT+0200 (Central European Summer Time)","2022","9","8","18","28","24","POP33","93","25","female","right","74","85","25","12","2","Commuting","Inner voice","{""Gender"":""female"",""Hand"":""right""}","[0,1]","",""
"15290","<p>How Sad/Angry or Happy are you right now?</p>","","html-slider-response","5","55208","0.0-5.0","c7ndpt","Thu Sep 08 2022 18:28:24 GMT+0200 (Central European Summer Time)","2022","9","8","18","28","24","POP33","93","25","female","right","74","85","25","12","2","Commuting","Inner voice","","","50","74"
"4824.5","<p>How Tired/Sleepy/Distracted or Fresh/Awake/Alert are you right now?</p>","","html-slider-response","6","60039","0.0-6.0","c7ndpt","Thu Sep 08 2022 18:28:24 GMT+0200 (Central European Summer Time)","2022","9","8","18","28","24","POP33","93","25","female","right","74","85","25","12","2","Commuting","Inner voice","","","50","85"
"3558.699999988079","<p>How Hungry or Satiated are you right now?</p>","","html-slider-response","7","63604","0.0-7.0","c7ndpt","Thu Sep 08 2022 18:28:24 GMT+0200 (Central European Summer Time)","2022","9","8","18","28","24","POP33","93","25","female","right","74","85","25","12","2","Commuting","Inner voice","","","50","25"
"40758.80000001192","","","survey-multi-choice","8","104375","0.0-8.0","c7ndpt","Thu Sep 08 2022 18:28:24 GMT+0200 (Central European Summer Time)","2022","9","8","18","28","24","POP33","93","25","female","right","74","85","25","12","2","Commuting","Inner voice","{""Sleep"":""12"",""Eat"":""2""}","[0,1]","",""
"40048.40000000596","","","survey-multi-choice","9","144435","0.0-9.0","c7ndpt","Thu Sep 08 2022 18:28:24 GMT+0200 (Central European Summer Time)","2022","9","8","18","28","24","POP33","93","25","female","right","74","85","25","12","2","Commuting","Inner voice","{""Activity"":""Commuting""}","[0]","",""
"10439.700000017881","","","survey-multi-choice","10","154939","0.0-10.0","c7ndpt","Thu Sep 08 2022 18:28:24 GMT+0200 (Central European Summer Time)","2022","9","8","18","28","24","POP33","93","25","female","right","74","85","25","12","2","Commuting","Inner voice","{""MentalActivity"":""Inner voice""}","[0]","",""
