"rt","stimulus","key_press","trial_type","trial_index","time_elapsed","internal_node_id","exp_id","Time","year","month","date","hour","minute","seconds","id","Activity","MentalActivity","HeartRate","age","Gender","Handedness","mood","fresh","hunger","H_since_Sleep","H_since_Eat","responses","question_order","slider_start","response"
"null","<p>Welcome to this 1 min. survey on daily rhythms, body and mood.</p><p>You will be asked to report your heart-rate</p><p>and given some questions about yourself.</p><p>Take the test when prompted and/or at different times of the day/night.</p><p>Please make a personal ID (three letters+ two numbers, e.g. ept23).</p><p>Write it down and use this ID whenever taking the test.</p>","null","html-keyboard-response","0","10010","0.0-0.0","uhnuee","Tue Oct 11 2022 22:41:23 GMT+0200 (CEST)","2022","10","11","22","41","23","hej12","Watching TV","Inner voice","76","25","female","right","95","32","98","15","3","","","",""
"4336","","","survey-text","1","14365","0.0-1.0","uhnuee","Tue Oct 11 2022 22:41:23 GMT+0200 (CEST)","2022","10","11","22","41","23","hej12","Watching TV","Inner voice","76","25","female","right","95","32","98","15","3","{""Q0"":""hej12""}","","",""
"3008","","","survey-multi-choice","2","17377","0.0-2.0","uhnuee","Tue Oct 11 2022 22:41:23 GMT+0200 (CEST)","2022","10","11","22","41","23","hej12","Watching TV","Inner voice","76","25","female","right","95","32","98","15","3","{""Activity"":""Watching TV""}","[0]","",""
"9722.000000000004","","","survey-multi-choice","3","27102","0.0-3.0","uhnuee","Tue Oct 11 2022 22:41:23 GMT+0200 (CEST)","2022","10","11","22","41","23","hej12","Watching TV","Inner voice","76","25","female","right","95","32","98","15","3","{""MentalActivity"":""Inner voice""}","[0]","",""
"3240.0000000000036","","","survey-multi-choice","4","30349","0.0-4.0","uhnuee","Tue Oct 11 2022 22:41:23 GMT+0200 (CEST)","2022","10","11","22","41","23","hej12","Watching TV","Inner voice","76","25","female","right","95","32","98","15","3","{""HeartRate"":""76""}","[0]","",""
"3063.9999999999964","","","survey-text","5","33421","0.0-5.0","uhnuee","Tue Oct 11 2022 22:41:23 GMT+0200 (CEST)","2022","10","11","22","41","23","hej12","Watching TV","Inner voice","76","25","female","right","95","32","98","15","3","{""Q0"":""25""}","","",""
"4742","","","survey-multi-choice","6","38166","0.0-6.0","uhnuee","Tue Oct 11 2022 22:41:23 GMT+0200 (CEST)","2022","10","11","22","41","23","hej12","Watching TV","Inner voice","76","25","female","right","95","32","98","15","3","{""Gender"":""female"",""Hand"":""right""}","[0,1]","",""
"4878","<p>How Sad/Angry or Happy are you right now?</p>","","html-slider-response","7","43048","0.0-7.0","uhnuee","Tue Oct 11 2022 22:41:23 GMT+0200 (CEST)","2022","10","11","22","41","23","hej12","Watching TV","Inner voice","76","25","female","right","95","32","98","15","3","","","50","95"
"3733.9999999999927","<p>How Tired/Sleepy/Distracted or Fresh/Awake/Alert are you right now?</p>","","html-slider-response","8","46784","0.0-8.0","uhnuee","Tue Oct 11 2022 22:41:23 GMT+0200 (CEST)","2022","10","11","22","41","23","hej12","Watching TV","Inner voice","76","25","female","right","95","32","98","15","3","","","50","32"
"6468","<p>How Hungry or Satiated are you right now?</p>","","html-slider-response","9","53256","0.0-9.0","uhnuee","Tue Oct 11 2022 22:41:23 GMT+0200 (CEST)","2022","10","11","22","41","23","hej12","Watching TV","Inner voice","76","25","female","right","95","32","98","15","3","","","50","98"
"14829.999999999993","","","survey-multi-choice","10","68091","0.0-10.0","uhnuee","Tue Oct 11 2022 22:41:23 GMT+0200 (CEST)","2022","10","11","22","41","23","hej12","Watching TV","Inner voice","76","25","female","right","95","32","98","15","3","{""Sleep"":""15"",""Eat"":""3""}","[0,1]","",""
