"rt","stimulus","key_press","trial_type","trial_index","time_elapsed","internal_node_id","exp_id","Time","year","month","date","hour","minute","seconds","id","Activity","MentalActivity","HeartRate","age","Gender","Handedness","mood","fresh","hunger","H_since_Sleep","H_since_Eat","responses","question_order","slider_start","response"
"null","<p>Welcome to this 1 min. survey on daily rhythms, body and mood.</p><p>You will be asked to report your heart-rate</p><p>and given some questions about yourself.</p><p>Take the test when prompted and/or at different times of the day/night.</p><p>Please make a personal ID (three letters+ two numbers, e.g. ept23).</p><p>Write it down and use this ID whenever taking the test.</p>","null","html-keyboard-response","0","10023","0.0-0.0","aqgnxe","Fri Sep 09 2022 08:06:03 GMT+0200 (Central European Summer Time)","2022","9","9","8","6","3","ESG44","Sleeping, Resting","Sensory awareness","58","25","female","right","50","40","27","0","11","","","",""
"6966.300000011921","","","survey-text","1","17057","0.0-1.0","aqgnxe","Fri Sep 09 2022 08:06:03 GMT+0200 (Central European Summer Time)","2022","9","9","8","6","3","ESG44","Sleeping, Resting","Sensory awareness","58","25","female","right","50","40","27","0","11","{""Q0"":""ESG44""}","","",""
"11723.400000035763","","","survey-multi-choice","2","28795","0.0-2.0","aqgnxe","Fri Sep 09 2022 08:06:03 GMT+0200 (Central European Summer Time)","2022","9","9","8","6","3","ESG44","Sleeping, Resting","Sensory awareness","58","25","female","right","50","40","27","0","11","{""Activity"":""Sleeping, Resting""}","[0]","",""
"14632","","","survey-multi-choice","3","43444","0.0-3.0","aqgnxe","Fri Sep 09 2022 08:06:03 GMT+0200 (Central European Summer Time)","2022","9","9","8","6","3","ESG44","Sleeping, Resting","Sensory awareness","58","25","female","right","50","40","27","0","11","{""MentalActivity"":""Sensory awareness""}","[0]","",""
"92106","","","survey-multi-choice","4","135577","0.0-4.0","aqgnxe","Fri Sep 09 2022 08:06:03 GMT+0200 (Central European Summer Time)","2022","9","9","8","6","3","ESG44","Sleeping, Resting","Sensory awareness","58","25","female","right","50","40","27","0","11","{""HeartRate"":""58""}","[0]","",""
"3401.800000011921","","","survey-text","5","139007","0.0-5.0","aqgnxe","Fri Sep 09 2022 08:06:03 GMT+0200 (Central European Summer Time)","2022","9","9","8","6","3","ESG44","Sleeping, Resting","Sensory awareness","58","25","female","right","50","40","27","0","11","{""Q0"":""25""}","","",""
"4335.199999988079","","","survey-multi-choice","6","143354","0.0-6.0","aqgnxe","Fri Sep 09 2022 08:06:03 GMT+0200 (Central European Summer Time)","2022","9","9","8","6","3","ESG44","Sleeping, Resting","Sensory awareness","58","25","female","right","50","40","27","0","11","{""Gender"":""female"",""Hand"":""right""}","[0,1]","",""
"3863.400000035763","<p>How Sad/Angry or Happy are you right now?</p>","","html-slider-response","7","147230","0.0-7.0","aqgnxe","Fri Sep 09 2022 08:06:03 GMT+0200 (Central European Summer Time)","2022","9","9","8","6","3","ESG44","Sleeping, Resting","Sensory awareness","58","25","female","right","50","40","27","0","11","","","50","50"
"5798.899999976158","<p>How Tired/Sleepy/Distracted or Fresh/Awake/Alert are you right now?</p>","","html-slider-response","8","153036","0.0-8.0","aqgnxe","Fri Sep 09 2022 08:06:03 GMT+0200 (Central European Summer Time)","2022","9","9","8","6","3","ESG44","Sleeping, Resting","Sensory awareness","58","25","female","right","50","40","27","0","11","","","50","40"
"3916.300000011921","<p>How Hungry or Satiated are you right now?</p>","","html-slider-response","9","156958","0.0-9.0","aqgnxe","Fri Sep 09 2022 08:06:03 GMT+0200 (Central European Summer Time)","2022","9","9","8","6","3","ESG44","Sleeping, Resting","Sensory awareness","58","25","female","right","50","40","27","0","11","","","50","27"
"16288.100000023842","","","survey-multi-choice","10","173258","0.0-10.0","aqgnxe","Fri Sep 09 2022 08:06:03 GMT+0200 (Central European Summer Time)","2022","9","9","8","6","3","ESG44","Sleeping, Resting","Sensory awareness","58","25","female","right","50","40","27","0","11","{""Sleep"":""0"",""Eat"":""11""}","[0,1]","",""
