"rt","stimulus","key_press","trial_type","trial_index","time_elapsed","internal_node_id","exp_id","Time","year","month","date","hour","minute","seconds","id","HeartRate","age","Gender","Handedness","mood","fresh","hunger","H_since_Sleep","H_since_Eat","Activity","MentalActivity","responses","question_order","slider_start","response"
"null","<p>Welcome to this 1 min. survey on daily rhythms, body and mood.</p><p>You will be asked to report your heart-rate</p><p>and given some questions about yourself.</p><p>Take the test when prompted and/or at different times of the day/night.</p><p>Please make a personal ID (three letters+ two numbers, e.g. ept23).</p><p>Write it down and use this ID whenever taking the test.</p>","null","html-keyboard-response","0","10009","0.0-0.0","qx1r5x","Thu Sep 08 2022 18:28:39 GMT+0200 (CEST)","2022","9","8","18","28","39","pid10","75","23","female","right","69","57","0","11","6","Cooking","Sensory awareness","","","",""
"8419","","","survey-text","1","18440","0.0-1.0","qx1r5x","Thu Sep 08 2022 18:28:39 GMT+0200 (CEST)","2022","9","8","18","28","39","pid10","75","23","female","right","69","57","0","11","6","Cooking","Sensory awareness","{""Q0"":""pid10""}","","",""
"4764","","","survey-multi-choice","2","23211","0.0-2.0","qx1r5x","Thu Sep 08 2022 18:28:39 GMT+0200 (CEST)","2022","9","8","18","28","39","pid10","75","23","female","right","69","57","0","11","6","Cooking","Sensory awareness","{""HeartRate"":""75""}","[0]","",""
"3996","","","survey-text","3","27215","0.0-3.0","qx1r5x","Thu Sep 08 2022 18:28:39 GMT+0200 (CEST)","2022","9","8","18","28","39","pid10","75","23","female","right","69","57","0","11","6","Cooking","Sensory awareness","{""Q0"":""23""}","","",""
"3902.9999999999927","","","survey-multi-choice","4","31120","0.0-4.0","qx1r5x","Thu Sep 08 2022 18:28:39 GMT+0200 (CEST)","2022","9","8","18","28","39","pid10","75","23","female","right","69","57","0","11","6","Cooking","Sensory awareness","{""Gender"":""female"",""Hand"":""right""}","[0,1]","",""
"9599.999999999996","<p>How Sad/Angry or Happy are you right now?</p>","","html-slider-response","5","40725","0.0-5.0","qx1r5x","Thu Sep 08 2022 18:28:39 GMT+0200 (CEST)","2022","9","8","18","28","39","pid10","75","23","female","right","69","57","0","11","6","Cooking","Sensory awareness","","","50","69"
"11998.999999999993","<p>How Tired/Sleepy/Distracted or Fresh/Awake/Alert are you right now?</p>","","html-slider-response","6","52727","0.0-6.0","qx1r5x","Thu Sep 08 2022 18:28:39 GMT+0200 (CEST)","2022","9","8","18","28","39","pid10","75","23","female","right","69","57","0","11","6","Cooking","Sensory awareness","","","50","57"
"5414","<p>How Hungry or Satiated are you right now?</p>","","html-slider-response","7","58144","0.0-7.0","qx1r5x","Thu Sep 08 2022 18:28:39 GMT+0200 (CEST)","2022","9","8","18","28","39","pid10","75","23","female","right","69","57","0","11","6","Cooking","Sensory awareness","","","50","0"
"28738","","","survey-multi-choice","8","86888","0.0-8.0","qx1r5x","Thu Sep 08 2022 18:28:39 GMT+0200 (CEST)","2022","9","8","18","28","39","pid10","75","23","female","right","69","57","0","11","6","Cooking","Sensory awareness","{""Sleep"":""11"",""Eat"":""6""}","[0,1]","",""
"11271.999999999985","","","survey-multi-choice","9","98165","0.0-9.0","qx1r5x","Thu Sep 08 2022 18:28:39 GMT+0200 (CEST)","2022","9","8","18","28","39","pid10","75","23","female","right","69","57","0","11","6","Cooking","Sensory awareness","{""Activity"":""Cooking""}","[0]","",""
"17789.999999999985","","","survey-multi-choice","10","115965","0.0-10.0","qx1r5x","Thu Sep 08 2022 18:28:39 GMT+0200 (CEST)","2022","9","8","18","28","39","pid10","75","23","female","right","69","57","0","11","6","Cooking","Sensory awareness","{""MentalActivity"":""Sensory awareness""}","[0]","",""
