"rt","stimulus","key_press","trial_type","trial_index","time_elapsed","internal_node_id","exp_id","Time","year","month","date","hour","minute","seconds","id","Activity","MentalActivity","HeartRate","age","Gender","Handedness","mood","fresh","hunger","H_since_Sleep","H_since_Eat","responses","question_order","slider_start","response"
"null","<p>Welcome to this 1 min. survey on daily rhythms, body and mood.</p><p>You will be asked to report your heart-rate</p><p>and given some questions about yourself.</p><p>Take the test when prompted and/or at different times of the day/night.</p><p>Please make a personal ID (three letters+ two numbers, e.g. ept23).</p><p>Write it down and use this ID whenever taking the test.</p>","null","html-keyboard-response","0","10009","0.0-0.0","ykljrk","Sat Oct 22 2022 09:42:19 GMT+0200 (CEST)","2022","10","22","9","42","19","pid10","Being on the Internet","Feelings","72","23","female","right","34","59","81","0","0","","","",""
"4811","","","survey-text","1","14840","0.0-1.0","ykljrk","Sat Oct 22 2022 09:42:19 GMT+0200 (CEST)","2022","10","22","9","42","19","pid10","Being on the Internet","Feelings","72","23","female","right","34","59","81","0","0","{""Q0"":""pid10""}","","",""
"6388","","","survey-multi-choice","2","21230","0.0-2.0","ykljrk","Sat Oct 22 2022 09:42:19 GMT+0200 (CEST)","2022","10","22","9","42","19","pid10","Being on the Internet","Feelings","72","23","female","right","34","59","81","0","0","{""Activity"":""Being on the Internet""}","[0]","",""
"10070","","","survey-multi-choice","3","31302","0.0-3.0","ykljrk","Sat Oct 22 2022 09:42:19 GMT+0200 (CEST)","2022","10","22","9","42","19","pid10","Being on the Internet","Feelings","72","23","female","right","34","59","81","0","0","{""MentalActivity"":""Feelings""}","[0]","",""
"4562.000000000007","","","survey-multi-choice","4","35866","0.0-4.0","ykljrk","Sat Oct 22 2022 09:42:19 GMT+0200 (CEST)","2022","10","22","9","42","19","pid10","Being on the Internet","Feelings","72","23","female","right","34","59","81","0","0","{""HeartRate"":""72""}","[0]","",""
"5196","","","survey-text","5","41071","0.0-5.0","ykljrk","Sat Oct 22 2022 09:42:19 GMT+0200 (CEST)","2022","10","22","9","42","19","pid10","Being on the Internet","Feelings","72","23","female","right","34","59","81","0","0","{""Q0"":""23""}","","",""
"2668.0000000000073","","","survey-multi-choice","6","43743","0.0-6.0","ykljrk","Sat Oct 22 2022 09:42:19 GMT+0200 (CEST)","2022","10","22","9","42","19","pid10","Being on the Internet","Feelings","72","23","female","right","34","59","81","0","0","{""Gender"":""female"",""Hand"":""right""}","[0,1]","",""
"4674.999999999993","<p>How Sad/Angry or Happy are you right now?</p>","","html-slider-response","7","48422","0.0-7.0","ykljrk","Sat Oct 22 2022 09:42:19 GMT+0200 (CEST)","2022","10","22","9","42","19","pid10","Being on the Internet","Feelings","72","23","female","right","34","59","81","0","0","","","50","34"
"4200.000000000007","<p>How Tired/Sleepy/Distracted or Fresh/Awake/Alert are you right now?</p>","","html-slider-response","8","52625","0.0-8.0","ykljrk","Sat Oct 22 2022 09:42:19 GMT+0200 (CEST)","2022","10","22","9","42","19","pid10","Being on the Internet","Feelings","72","23","female","right","34","59","81","0","0","","","50","59"
"4300.999999999993","<p>How Hungry or Satiated are you right now?</p>","","html-slider-response","9","56929","0.0-9.0","ykljrk","Sat Oct 22 2022 09:42:19 GMT+0200 (CEST)","2022","10","22","9","42","19","pid10","Being on the Internet","Feelings","72","23","female","right","34","59","81","0","0","","","50","81"
"5598","","","survey-multi-choice","10","62532","0.0-10.0","ykljrk","Sat Oct 22 2022 09:42:19 GMT+0200 (CEST)","2022","10","22","9","42","19","pid10","Being on the Internet","Feelings","72","23","female","right","34","59","81","0","0","{""Sleep"":""0"",""Eat"":""0""}","[0,1]","",""
