"rt","stimulus","key_press","trial_type","trial_index","time_elapsed","internal_node_id","exp_id","Time","year","month","date","hour","minute","seconds","id","Activity","MentalActivity","HeartRate","age","Gender","Handedness","mood","fresh","hunger","H_since_Sleep","H_since_Eat","responses","question_order","slider_start","response"
"null","<p>Welcome to this 1 min. survey on daily rhythms, body and mood.</p><p>You will be asked to report your heart-rate</p><p>and given some questions about yourself.</p><p>Take the test when prompted and/or at different times of the day/night.</p><p>Please make a personal ID (three letters+ two numbers, e.g. ept23).</p><p>Write it down and use this ID whenever taking the test.</p>","null","html-keyboard-response","0","10032","0.0-0.0","2ytx9u","Sun Sep 25 2022 20:08:34 GMT+0200 (Central European Summer Time)","2022","9","25","20","8","34","POP33 ","Eating","Unsymbolized thinking","66","25","female","right","85","46","96","12","0","","","",""
"7441.700000017881","","","survey-text","1","17510","0.0-1.0","2ytx9u","Sun Sep 25 2022 20:08:34 GMT+0200 (Central European Summer Time)","2022","9","25","20","8","34","POP33 ","Eating","Unsymbolized thinking","66","25","female","right","85","46","96","12","0","{""Q0"":""POP33 ""}","","",""
"8409.40000000596","","","survey-multi-choice","2","25944","0.0-2.0","2ytx9u","Sun Sep 25 2022 20:08:34 GMT+0200 (Central European Summer Time)","2022","9","25","20","8","34","POP33 ","Eating","Unsymbolized thinking","66","25","female","right","85","46","96","12","0","{""Activity"":""Eating""}","[0]","",""
"12987.09999999404","","","survey-multi-choice","3","38938","0.0-3.0","2ytx9u","Sun Sep 25 2022 20:08:34 GMT+0200 (Central European Summer Time)","2022","9","25","20","8","34","POP33 ","Eating","Unsymbolized thinking","66","25","female","right","85","46","96","12","0","{""MentalActivity"":""Unsymbolized thinking""}","[0]","",""
"3718.9000000059605","","","survey-multi-choice","4","42675","0.0-4.0","2ytx9u","Sun Sep 25 2022 20:08:34 GMT+0200 (Central European Summer Time)","2022","9","25","20","8","34","POP33 ","Eating","Unsymbolized thinking","66","25","female","right","85","46","96","12","0","{""HeartRate"":""66""}","[0]","",""
"3167.7000000178814","","","survey-text","5","45855","0.0-5.0","2ytx9u","Sun Sep 25 2022 20:08:34 GMT+0200 (Central European Summer Time)","2022","9","25","20","8","34","POP33 ","Eating","Unsymbolized thinking","66","25","female","right","85","46","96","12","0","{""Q0"":""25""}","","",""
"4572.199999988079","","","survey-multi-choice","6","50436","0.0-6.0","2ytx9u","Sun Sep 25 2022 20:08:34 GMT+0200 (Central European Summer Time)","2022","9","25","20","8","34","POP33 ","Eating","Unsymbolized thinking","66","25","female","right","85","46","96","12","0","{""Gender"":""female"",""Hand"":""right""}","[0,1]","",""
"4054.300000011921","<p>How Sad/Angry or Happy are you right now?</p>","","html-slider-response","7","54501","0.0-7.0","2ytx9u","Sun Sep 25 2022 20:08:34 GMT+0200 (Central European Summer Time)","2022","9","25","20","8","34","POP33 ","Eating","Unsymbolized thinking","66","25","female","right","85","46","96","12","0","","","50","85"
"4393.0999999940395","<p>How Tired/Sleepy/Distracted or Fresh/Awake/Alert are you right now?</p>","","html-slider-response","8","58899","0.0-8.0","2ytx9u","Sun Sep 25 2022 20:08:34 GMT+0200 (Central European Summer Time)","2022","9","25","20","8","34","POP33 ","Eating","Unsymbolized thinking","66","25","female","right","85","46","96","12","0","","","50","46"
"3487.699999988079","<p>How Hungry or Satiated are you right now?</p>","","html-slider-response","9","62392","0.0-9.0","2ytx9u","Sun Sep 25 2022 20:08:34 GMT+0200 (Central European Summer Time)","2022","9","25","20","8","34","POP33 ","Eating","Unsymbolized thinking","66","25","female","right","85","46","96","12","0","","","50","96"
"18879.19999998808","","","survey-multi-choice","10","81282","0.0-10.0","2ytx9u","Sun Sep 25 2022 20:08:34 GMT+0200 (Central European Summer Time)","2022","9","25","20","8","34","POP33 ","Eating","Unsymbolized thinking","66","25","female","right","85","46","96","12","0","{""Sleep"":""12"",""Eat"":""0""}","[0,1]","",""
