"rt","stimulus","key_press","trial_type","trial_index","time_elapsed","internal_node_id","exp_id","Time","year","month","date","hour","minute","seconds","id","Activity","MentalActivity","HeartRate","age","Gender","Handedness","mood","fresh","hunger","H_since_Sleep","H_since_Eat","responses","question_order","slider_start","response"
"null","<p>Welcome to this 1 min. survey on daily rhythms, body and mood.</p><p>You will be asked to report your heart-rate</p><p>and given some questions about yourself.</p><p>Take the test when prompted and/or at different times of the day/night.</p><p>Please make a personal ID (three letters+ two numbers, e.g. ept23).</p><p>Write it down and use this ID whenever taking the test.</p>","null","html-keyboard-response","0","10009","0.0-0.0","30gcpz","Wed Oct 26 2022 22:36:26 GMT+0200 (Centraleuropæisk sommertid)","2022","10","26","22","36","26","hej12","Sleeping, Resting","Inner voice","94","25","female","right","82","6","91","16","1","","","",""
"4200","","","survey-text","1","14236","0.0-1.0","30gcpz","Wed Oct 26 2022 22:36:26 GMT+0200 (Centraleuropæisk sommertid)","2022","10","26","22","36","26","hej12","Sleeping, Resting","Inner voice","94","25","female","right","82","6","91","16","1","{""Q0"":""hej12""}","","",""
"17273","","","survey-multi-choice","2","31512","0.0-2.0","30gcpz","Wed Oct 26 2022 22:36:26 GMT+0200 (Centraleuropæisk sommertid)","2022","10","26","22","36","26","hej12","Sleeping, Resting","Inner voice","94","25","female","right","82","6","91","16","1","{""Activity"":""Sleeping, Resting""}","[0]","",""
"4115","","","survey-multi-choice","3","35631","0.0-3.0","30gcpz","Wed Oct 26 2022 22:36:26 GMT+0200 (Centraleuropæisk sommertid)","2022","10","26","22","36","26","hej12","Sleeping, Resting","Inner voice","94","25","female","right","82","6","91","16","1","{""MentalActivity"":""Inner voice""}","[0]","",""
"9793","","","survey-multi-choice","4","45431","0.0-4.0","30gcpz","Wed Oct 26 2022 22:36:26 GMT+0200 (Centraleuropæisk sommertid)","2022","10","26","22","36","26","hej12","Sleeping, Resting","Inner voice","94","25","female","right","82","6","91","16","1","{""HeartRate"":""94""}","[0]","",""
"6720","","","survey-text","5","52161","0.0-5.0","30gcpz","Wed Oct 26 2022 22:36:26 GMT+0200 (Centraleuropæisk sommertid)","2022","10","26","22","36","26","hej12","Sleeping, Resting","Inner voice","94","25","female","right","82","6","91","16","1","{""Q0"":""25""}","","",""
"2514","","","survey-multi-choice","6","54678","0.0-6.0","30gcpz","Wed Oct 26 2022 22:36:26 GMT+0200 (Centraleuropæisk sommertid)","2022","10","26","22","36","26","hej12","Sleeping, Resting","Inner voice","94","25","female","right","82","6","91","16","1","{""Gender"":""female"",""Hand"":""right""}","[0,1]","",""
"4615","<p>How Sad/Angry or Happy are you right now?</p>","","html-slider-response","7","59299","0.0-7.0","30gcpz","Wed Oct 26 2022 22:36:26 GMT+0200 (Centraleuropæisk sommertid)","2022","10","26","22","36","26","hej12","Sleeping, Resting","Inner voice","94","25","female","right","82","6","91","16","1","","","50","82"
"4286","<p>How Tired/Sleepy/Distracted or Fresh/Awake/Alert are you right now?</p>","","html-slider-response","8","63587","0.0-8.0","30gcpz","Wed Oct 26 2022 22:36:26 GMT+0200 (Centraleuropæisk sommertid)","2022","10","26","22","36","26","hej12","Sleeping, Resting","Inner voice","94","25","female","right","82","6","91","16","1","","","50","6"
"5134","<p>How Hungry or Satiated are you right now?</p>","","html-slider-response","9","68725","0.0-9.0","30gcpz","Wed Oct 26 2022 22:36:26 GMT+0200 (Centraleuropæisk sommertid)","2022","10","26","22","36","26","hej12","Sleeping, Resting","Inner voice","94","25","female","right","82","6","91","16","1","","","50","91"
"21355","","","survey-multi-choice","10","90086","0.0-10.0","30gcpz","Wed Oct 26 2022 22:36:26 GMT+0200 (Centraleuropæisk sommertid)","2022","10","26","22","36","26","hej12","Sleeping, Resting","Inner voice","94","25","female","right","82","6","91","16","1","{""Sleep"":""16"",""Eat"":""1""}","[0,1]","",""
