"rt","stimulus","key_press","trial_type","trial_index","time_elapsed","internal_node_id","exp_id","Time","year","month","date","hour","minute","seconds","id","Activity","MentalActivity","HeartRate","age","Gender","Handedness","mood","fresh","hunger","H_since_Sleep","H_since_Eat","responses","question_order","slider_start","response"
"null","<p>Welcome to this 1 min. survey on daily rhythms, body and mood.</p><p>You will be asked to report your heart-rate</p><p>and given some questions about yourself.</p><p>Take the test when prompted and/or at different times of the day/night.</p><p>Please make a personal ID (three letters+ two numbers, e.g. ept23).</p><p>Write it down and use this ID whenever taking the test.</p>","null","html-keyboard-response","0","10007","0.0-0.0","hlhnqe","Wed Nov 16 2022 18:41:04 GMT+0100 (Centraleuropæisk normaltid)","2022","11","16","18","41","4","qwe12","Other","Inner voice","60","49","male","right","76","76","15","12","7","","","",""
"16523.000000000004","","","survey-text","1","26549","0.0-1.0","hlhnqe","Wed Nov 16 2022 18:41:04 GMT+0100 (Centraleuropæisk normaltid)","2022","11","16","18","41","4","qwe12","Other","Inner voice","60","49","male","right","76","76","15","12","7","{""Q0"":""qwe12""}","","",""
"23915","","","survey-multi-choice","2","50468","0.0-2.0","hlhnqe","Wed Nov 16 2022 18:41:04 GMT+0100 (Centraleuropæisk normaltid)","2022","11","16","18","41","4","qwe12","Other","Inner voice","60","49","male","right","76","76","15","12","7","{""Activity"":""Other""}","[0]","",""
"3957","","","survey-multi-choice","3","54427","0.0-3.0","hlhnqe","Wed Nov 16 2022 18:41:04 GMT+0100 (Centraleuropæisk normaltid)","2022","11","16","18","41","4","qwe12","Other","Inner voice","60","49","male","right","76","76","15","12","7","{""MentalActivity"":""Inner voice""}","[0]","",""
"13756","","","survey-multi-choice","4","68189","0.0-4.0","hlhnqe","Wed Nov 16 2022 18:41:04 GMT+0100 (Centraleuropæisk normaltid)","2022","11","16","18","41","4","qwe12","Other","Inner voice","60","49","male","right","76","76","15","12","7","{""HeartRate"":""60""}","[0]","",""
"3980.0000000000146","","","survey-text","5","72178","0.0-5.0","hlhnqe","Wed Nov 16 2022 18:41:04 GMT+0100 (Centraleuropæisk normaltid)","2022","11","16","18","41","4","qwe12","Other","Inner voice","60","49","male","right","76","76","15","12","7","{""Q0"":""49""}","","",""
"3648.9999999999854","","","survey-multi-choice","6","75831","0.0-6.0","hlhnqe","Wed Nov 16 2022 18:41:04 GMT+0100 (Centraleuropæisk normaltid)","2022","11","16","18","41","4","qwe12","Other","Inner voice","60","49","male","right","76","76","15","12","7","{""Gender"":""male"",""Hand"":""right""}","[0,1]","",""
"5623","<p>How Sad/Angry or Happy are you right now?</p>","","html-slider-response","7","81459","0.0-7.0","hlhnqe","Wed Nov 16 2022 18:41:04 GMT+0100 (Centraleuropæisk normaltid)","2022","11","16","18","41","4","qwe12","Other","Inner voice","60","49","male","right","76","76","15","12","7","","","50","76"
"7317","<p>How Tired/Sleepy/Distracted or Fresh/Awake/Alert are you right now?</p>","","html-slider-response","8","88778","0.0-8.0","hlhnqe","Wed Nov 16 2022 18:41:04 GMT+0100 (Centraleuropæisk normaltid)","2022","11","16","18","41","4","qwe12","Other","Inner voice","60","49","male","right","76","76","15","12","7","","","50","76"
"7602","<p>How Hungry or Satiated are you right now?</p>","","html-slider-response","9","96383","0.0-9.0","hlhnqe","Wed Nov 16 2022 18:41:04 GMT+0100 (Centraleuropæisk normaltid)","2022","11","16","18","41","4","qwe12","Other","Inner voice","60","49","male","right","76","76","15","12","7","","","50","15"
"46435","","","survey-multi-choice","10","142825","0.0-10.0","hlhnqe","Wed Nov 16 2022 18:41:04 GMT+0100 (Centraleuropæisk normaltid)","2022","11","16","18","41","4","qwe12","Other","Inner voice","60","49","male","right","76","76","15","12","7","{""Sleep"":""12"",""Eat"":""7""}","[0,1]","",""
