"rt","stimulus","key_press","trial_type","trial_index","time_elapsed","internal_node_id","exp_id","Time","year","month","date","hour","minute","seconds","id","Activity","MentalActivity","HeartRate","age","Gender","Handedness","mood","fresh","hunger","H_since_Sleep","H_since_Eat","responses","question_order","slider_start","response"
"null","<p>Welcome to this 1 min. survey on daily rhythms, body and mood.</p><p>You will be asked to report your heart-rate</p><p>and given some questions about yourself.</p><p>Take the test when prompted and/or at different times of the day/night.</p><p>Please make a personal ID (three letters+ two numbers, e.g. ept23).</p><p>Write it down and use this ID whenever taking the test.</p>","null","html-keyboard-response","0","10018","0.0-0.0","fxr4jd","Thu Sep 08 2022 21:32:50 GMT+0200 (CEST)","2022","9","8","21","32","50","LHH123","Doing sport","Sensory awareness","111","24","male","right","74","88","94","13","2","","","",""
"6024","","","survey-text","1","16074","0.0-1.0","fxr4jd","Thu Sep 08 2022 21:32:50 GMT+0200 (CEST)","2022","9","8","21","32","50","LHH123","Doing sport","Sensory awareness","111","24","male","right","74","88","94","13","2","{""Q0"":""LHH123""}","","",""
"8258","","","survey-multi-choice","2","24336","0.0-2.0","fxr4jd","Thu Sep 08 2022 21:32:50 GMT+0200 (CEST)","2022","9","8","21","32","50","LHH123","Doing sport","Sensory awareness","111","24","male","right","74","88","94","13","2","{""Activity"":""Doing sport""}","[0]","",""
"6841.999999999996","","","survey-multi-choice","3","31180","0.0-3.0","fxr4jd","Thu Sep 08 2022 21:32:50 GMT+0200 (CEST)","2022","9","8","21","32","50","LHH123","Doing sport","Sensory awareness","111","24","male","right","74","88","94","13","2","{""MentalActivity"":""Sensory awareness""}","[0]","",""
"42838","","","survey-multi-choice","4","74026","0.0-4.0","fxr4jd","Thu Sep 08 2022 21:32:50 GMT+0200 (CEST)","2022","9","8","21","32","50","LHH123","Doing sport","Sensory awareness","111","24","male","right","74","88","94","13","2","{""HeartRate"":""111""}","[0]","",""
"3035","","","survey-text","5","77075","0.0-5.0","fxr4jd","Thu Sep 08 2022 21:32:50 GMT+0200 (CEST)","2022","9","8","21","32","50","LHH123","Doing sport","Sensory awareness","111","24","male","right","74","88","94","13","2","{""Q0"":""24""}","","",""
"3655","","","survey-multi-choice","6","80733","0.0-6.0","fxr4jd","Thu Sep 08 2022 21:32:50 GMT+0200 (CEST)","2022","9","8","21","32","50","LHH123","Doing sport","Sensory awareness","111","24","male","right","74","88","94","13","2","{""Gender"":""male"",""Hand"":""right""}","[0,1]","",""
"6597","<p>How Sad/Angry or Happy are you right now?</p>","","html-slider-response","7","87337","0.0-7.0","fxr4jd","Thu Sep 08 2022 21:32:50 GMT+0200 (CEST)","2022","9","8","21","32","50","LHH123","Doing sport","Sensory awareness","111","24","male","right","74","88","94","13","2","","","50","74"
"4693","<p>How Tired/Sleepy/Distracted or Fresh/Awake/Alert are you right now?</p>","","html-slider-response","8","92032","0.0-8.0","fxr4jd","Thu Sep 08 2022 21:32:50 GMT+0200 (CEST)","2022","9","8","21","32","50","LHH123","Doing sport","Sensory awareness","111","24","male","right","74","88","94","13","2","","","50","88"
"3107","<p>How Hungry or Satiated are you right now?</p>","","html-slider-response","9","95142","0.0-9.0","fxr4jd","Thu Sep 08 2022 21:32:50 GMT+0200 (CEST)","2022","9","8","21","32","50","LHH123","Doing sport","Sensory awareness","111","24","male","right","74","88","94","13","2","","","50","94"
"9507.000000000015","","","survey-multi-choice","10","104653","0.0-10.0","fxr4jd","Thu Sep 08 2022 21:32:50 GMT+0200 (CEST)","2022","9","8","21","32","50","LHH123","Doing sport","Sensory awareness","111","24","male","right","74","88","94","13","2","{""Sleep"":""13"",""Eat"":""2""}","[0,1]","",""
