"rt","stimulus","key_press","trial_type","trial_index","time_elapsed","internal_node_id","exp_id","Time","year","month","date","hour","minute","seconds","id","HeartRate","age","Gender","Handedness","mood","fresh","hunger","H_since_Sleep","H_since_Eat","Activity","MentalActivity","responses","question_order","slider_start","response"
"null","<p>Welcome to this 1 min. survey on daily rhythms, body and mood.</p><p>You will be asked to report your heart-rate</p><p>and given some questions about yourself.</p><p>Take the test when prompted and/or at different times of the day/night.</p><p>Please make a personal ID (three letters+ two numbers, e.g. ept23).</p><p>Write it down and use this ID whenever taking the test.</p>","null","html-keyboard-response","0","10493","0.0-0.0","eu173y","Thu Sep 08 2022 16:30:11 GMT+0200 (Central European Summer Time)","2022","9","8","16","30","11","eeg339","69","21","male","right","22","32","32","5","4","Working, Studying","Sensory awareness","","","",""
"367718.3000000119","","","survey-text","1","378222","0.0-1.0","eu173y","Thu Sep 08 2022 16:30:11 GMT+0200 (Central European Summer Time)","2022","9","8","16","30","11","eeg339","69","21","male","right","22","32","32","5","4","Working, Studying","Sensory awareness","{""Q0"":""eeg339""}","","",""
"9299.199999988079","","","survey-multi-choice","2","387524","0.0-2.0","eu173y","Thu Sep 08 2022 16:30:11 GMT+0200 (Central European Summer Time)","2022","9","8","16","30","11","eeg339","69","21","male","right","22","32","32","5","4","Working, Studying","Sensory awareness","{""HeartRate"":""69""}","[0]","",""
"3211.399999976158","","","survey-text","3","390740","0.0-3.0","eu173y","Thu Sep 08 2022 16:30:11 GMT+0200 (Central European Summer Time)","2022","9","8","16","30","11","eeg339","69","21","male","right","22","32","32","5","4","Working, Studying","Sensory awareness","{""Q0"":""21""}","","",""
"5142.5","","","survey-multi-choice","4","395884","0.0-4.0","eu173y","Thu Sep 08 2022 16:30:11 GMT+0200 (Central European Summer Time)","2022","9","8","16","30","11","eeg339","69","21","male","right","22","32","32","5","4","Working, Studying","Sensory awareness","{""Gender"":""male"",""Hand"":""right""}","[0,1]","",""
"3800","<p>How Sad/Angry or Happy are you right now?</p>","","html-slider-response","5","399689","0.0-5.0","eu173y","Thu Sep 08 2022 16:30:11 GMT+0200 (Central European Summer Time)","2022","9","8","16","30","11","eeg339","69","21","male","right","22","32","32","5","4","Working, Studying","Sensory awareness","","","50","22"
"5677.5","<p>How Tired/Sleepy/Distracted or Fresh/Awake/Alert are you right now?</p>","","html-slider-response","6","405367","0.0-6.0","eu173y","Thu Sep 08 2022 16:30:11 GMT+0200 (Central European Summer Time)","2022","9","8","16","30","11","eeg339","69","21","male","right","22","32","32","5","4","Working, Studying","Sensory awareness","","","50","32"
"4706.900000035763","<p>How Hungry or Satiated are you right now?</p>","","html-slider-response","7","410075","0.0-7.0","eu173y","Thu Sep 08 2022 16:30:11 GMT+0200 (Central European Summer Time)","2022","9","8","16","30","11","eeg339","69","21","male","right","22","32","32","5","4","Working, Studying","Sensory awareness","","","50","32"
"39355.10000002384","","","survey-multi-choice","8","449432","0.0-8.0","eu173y","Thu Sep 08 2022 16:30:11 GMT+0200 (Central European Summer Time)","2022","9","8","16","30","11","eeg339","69","21","male","right","22","32","32","5","4","Working, Studying","Sensory awareness","{""Sleep"":""5"",""Eat"":""4""}","[0,1]","",""
"40567.60000002384","","","survey-multi-choice","9","490003","0.0-9.0","eu173y","Thu Sep 08 2022 16:30:11 GMT+0200 (Central European Summer Time)","2022","9","8","16","30","11","eeg339","69","21","male","right","22","32","32","5","4","Working, Studying","Sensory awareness","{""Activity"":""Working, Studying""}","[0]","",""
"19148.100000023842","","","survey-multi-choice","10","509157","0.0-10.0","eu173y","Thu Sep 08 2022 16:30:11 GMT+0200 (Central European Summer Time)","2022","9","8","16","30","11","eeg339","69","21","male","right","22","32","32","5","4","Working, Studying","Sensory awareness","{""MentalActivity"":""Sensory awareness""}","[0]","",""
