"rt","stimulus","key_press","trial_type","trial_index","time_elapsed","internal_node_id","exp_id","Time","year","month","date","hour","minute","seconds","id","Activity","MentalActivity","HeartRate","age","Gender","Handedness","mood","fresh","hunger","H_since_Sleep","H_since_Eat","responses","question_order","slider_start","response"
"null","<p>Welcome to this 1 min. survey on daily rhythms, body and mood.</p><p>You will be asked to report your heart-rate</p><p>and given some questions about yourself.</p><p>Take the test when prompted and/or at different times of the day/night.</p><p>Please make a personal ID (three letters+ two numbers, e.g. ept23).</p><p>Write it down and use this ID whenever taking the test.</p>","null","html-keyboard-response","0","10014","0.0-0.0","6plsuf","Wed Nov 09 2022 22:07:54 GMT+0100 (Centraleuropæisk normaltid)","2022","11","9","22","7","54","qwe12","Sleeping, Resting","Inner voice","54","49","male","right","58","24","58","15","3","","","",""
"7793","","","survey-text","1","17821","0.0-1.0","6plsuf","Wed Nov 09 2022 22:07:54 GMT+0100 (Centraleuropæisk normaltid)","2022","11","9","22","7","54","qwe12","Sleeping, Resting","Inner voice","54","49","male","right","58","24","58","15","3","{""Q0"":""qwe12""}","","",""
"13453","","","survey-multi-choice","2","31279","0.0-2.0","6plsuf","Wed Nov 09 2022 22:07:54 GMT+0100 (Centraleuropæisk normaltid)","2022","11","9","22","7","54","qwe12","Sleeping, Resting","Inner voice","54","49","male","right","58","24","58","15","3","{""Activity"":""Sleeping, Resting""}","[0]","",""
"3009","","","survey-multi-choice","3","34291","0.0-3.0","6plsuf","Wed Nov 09 2022 22:07:54 GMT+0100 (Centraleuropæisk normaltid)","2022","11","9","22","7","54","qwe12","Sleeping, Resting","Inner voice","54","49","male","right","58","24","58","15","3","{""MentalActivity"":""Inner voice""}","[0]","",""
"20077","","","survey-multi-choice","4","54374","0.0-4.0","6plsuf","Wed Nov 09 2022 22:07:54 GMT+0100 (Centraleuropæisk normaltid)","2022","11","9","22","7","54","qwe12","Sleeping, Resting","Inner voice","54","49","male","right","58","24","58","15","3","{""HeartRate"":""54""}","[0]","",""
"4757.000000000007","","","survey-text","5","59141","0.0-5.0","6plsuf","Wed Nov 09 2022 22:07:54 GMT+0100 (Centraleuropæisk normaltid)","2022","11","9","22","7","54","qwe12","Sleeping, Resting","Inner voice","54","49","male","right","58","24","58","15","3","{""Q0"":""49""}","","",""
"3648","","","survey-multi-choice","6","62792","0.0-6.0","6plsuf","Wed Nov 09 2022 22:07:54 GMT+0100 (Centraleuropæisk normaltid)","2022","11","9","22","7","54","qwe12","Sleeping, Resting","Inner voice","54","49","male","right","58","24","58","15","3","{""Gender"":""male"",""Hand"":""right""}","[0,1]","",""
"8133.000000000015","<p>How Sad/Angry or Happy are you right now?</p>","","html-slider-response","7","70931","0.0-7.0","6plsuf","Wed Nov 09 2022 22:07:54 GMT+0100 (Centraleuropæisk normaltid)","2022","11","9","22","7","54","qwe12","Sleeping, Resting","Inner voice","54","49","male","right","58","24","58","15","3","","","50","58"
"7609","<p>How Tired/Sleepy/Distracted or Fresh/Awake/Alert are you right now?</p>","","html-slider-response","8","78544","0.0-8.0","6plsuf","Wed Nov 09 2022 22:07:54 GMT+0100 (Centraleuropæisk normaltid)","2022","11","9","22","7","54","qwe12","Sleeping, Resting","Inner voice","54","49","male","right","58","24","58","15","3","","","50","24"
"7184.999999999985","<p>How Hungry or Satiated are you right now?</p>","","html-slider-response","9","85731","0.0-9.0","6plsuf","Wed Nov 09 2022 22:07:54 GMT+0100 (Centraleuropæisk normaltid)","2022","11","9","22","7","54","qwe12","Sleeping, Resting","Inner voice","54","49","male","right","58","24","58","15","3","","","50","58"
"60365","","","survey-multi-choice","10","146103","0.0-10.0","6plsuf","Wed Nov 09 2022 22:07:54 GMT+0100 (Centraleuropæisk normaltid)","2022","11","9","22","7","54","qwe12","Sleeping, Resting","Inner voice","54","49","male","right","58","24","58","15","3","{""Sleep"":""15"",""Eat"":""3""}","[0,1]","",""
