"rt","stimulus","key_press","trial_type","trial_index","time_elapsed","internal_node_id","exp_id","Time","year","month","date","hour","minute","seconds","id","Activity","MentalActivity","HeartRate","age","Gender","Handedness","mood","fresh","hunger","H_since_Sleep","H_since_Eat","responses","question_order","slider_start","response"
"null","<p>Welcome to this 1 min. survey on daily rhythms, body and mood.</p><p>You will be asked to report your heart-rate</p><p>and given some questions about yourself.</p><p>Take the test when prompted and/or at different times of the day/night.</p><p>Please make a personal ID (three letters+ two numbers, e.g. ept23).</p><p>Write it down and use this ID whenever taking the test.</p>","null","html-keyboard-response","0","10013","0.0-0.0","bm49uw","Fri Sep 09 2022 08:02:43 GMT+0200 (CEST)","2022","9","9","8","2","43","kau00","Sleeping, Resting","Inner voice","75","23","female","right","50","32","46","0","13","","","",""
"10951.999999999998","","","survey-text","1","21000","0.0-1.0","bm49uw","Fri Sep 09 2022 08:02:43 GMT+0200 (CEST)","2022","9","9","8","2","43","kau00","Sleeping, Resting","Inner voice","75","23","female","right","50","32","46","0","13","{""Q0"":""kau00""}","","",""
"14368","","","survey-multi-choice","2","35374","0.0-2.0","bm49uw","Fri Sep 09 2022 08:02:43 GMT+0200 (CEST)","2022","9","9","8","2","43","kau00","Sleeping, Resting","Inner voice","75","23","female","right","50","32","46","0","13","{""Activity"":""Sleeping, Resting""}","[0]","",""
"10002","","","survey-multi-choice","3","45379","0.0-3.0","bm49uw","Fri Sep 09 2022 08:02:43 GMT+0200 (CEST)","2022","9","9","8","2","43","kau00","Sleeping, Resting","Inner voice","75","23","female","right","50","32","46","0","13","{""MentalActivity"":""Inner voice""}","[0]","",""
"41440","","","survey-multi-choice","4","86828","0.0-4.0","bm49uw","Fri Sep 09 2022 08:02:43 GMT+0200 (CEST)","2022","9","9","8","2","43","kau00","Sleeping, Resting","Inner voice","75","23","female","right","50","32","46","0","13","{""HeartRate"":""75""}","[0]","",""
"4245","","","survey-text","5","91082","0.0-5.0","bm49uw","Fri Sep 09 2022 08:02:43 GMT+0200 (CEST)","2022","9","9","8","2","43","kau00","Sleeping, Resting","Inner voice","75","23","female","right","50","32","46","0","13","{""Q0"":""23""}","","",""
"5681","","","survey-multi-choice","6","96768","0.0-6.0","bm49uw","Fri Sep 09 2022 08:02:43 GMT+0200 (CEST)","2022","9","9","8","2","43","kau00","Sleeping, Resting","Inner voice","75","23","female","right","50","32","46","0","13","{""Gender"":""female"",""Hand"":""right""}","[0,1]","",""
"12441","<p>How Sad/Angry or Happy are you right now?</p>","","html-slider-response","7","109215","0.0-7.0","bm49uw","Fri Sep 09 2022 08:02:43 GMT+0200 (CEST)","2022","9","9","8","2","43","kau00","Sleeping, Resting","Inner voice","75","23","female","right","50","32","46","0","13","","","50","50"
"8427.000000000015","<p>How Tired/Sleepy/Distracted or Fresh/Awake/Alert are you right now?</p>","","html-slider-response","8","117644","0.0-8.0","bm49uw","Fri Sep 09 2022 08:02:43 GMT+0200 (CEST)","2022","9","9","8","2","43","kau00","Sleeping, Resting","Inner voice","75","23","female","right","50","32","46","0","13","","","50","32"
"7463.999999999985","<p>How Hungry or Satiated are you right now?</p>","","html-slider-response","9","125112","0.0-9.0","bm49uw","Fri Sep 09 2022 08:02:43 GMT+0200 (CEST)","2022","9","9","8","2","43","kau00","Sleeping, Resting","Inner voice","75","23","female","right","50","32","46","0","13","","","50","46"
"21808","","","survey-multi-choice","10","146926","0.0-10.0","bm49uw","Fri Sep 09 2022 08:02:43 GMT+0200 (CEST)","2022","9","9","8","2","43","kau00","Sleeping, Resting","Inner voice","75","23","female","right","50","32","46","0","13","{""Sleep"":""0"",""Eat"":""13""}","[0,1]","",""
