"rt","stimulus","key_press","trial_type","trial_index","time_elapsed","internal_node_id","exp_id","Time","year","month","date","hour","minute","seconds","id","Activity","MentalActivity","HeartRate","age","Gender","Handedness","mood","fresh","hunger","H_since_Sleep","H_since_Eat","responses","question_order","slider_start","response"
"null","<p>Welcome to this 1 min. survey on daily rhythms, body and mood.</p><p>You will be asked to report your heart-rate</p><p>and given some questions about yourself.</p><p>Take the test when prompted and/or at different times of the day/night.</p><p>Please make a personal ID (three letters+ two numbers, e.g. ept23).</p><p>Write it down and use this ID whenever taking the test.</p>","null","html-keyboard-response","0","10006","0.0-0.0","pnrhnl","Thu Sep 08 2022 21:25:50 GMT+0200 (Central European Summer Time)","2022","9","8","21","25","50","qwe12","Working, Studying","Sensory awareness","69","49","male","right","56","65","55","15","4","","","",""
"4900","","","survey-text","1","14911","0.0-1.0","pnrhnl","Thu Sep 08 2022 21:25:50 GMT+0200 (Central European Summer Time)","2022","9","8","21","25","50","qwe12","Working, Studying","Sensory awareness","69","49","male","right","56","65","55","15","4","{""Q0"":""qwe12""}","","",""
"3788.5","","","survey-multi-choice","2","18702","0.0-2.0","pnrhnl","Thu Sep 08 2022 21:25:50 GMT+0200 (Central European Summer Time)","2022","9","8","21","25","50","qwe12","Working, Studying","Sensory awareness","69","49","male","right","56","65","55","15","4","{""Activity"":""Working, Studying""}","[0]","",""
"3304.5","","","survey-multi-choice","3","22009","0.0-3.0","pnrhnl","Thu Sep 08 2022 21:25:50 GMT+0200 (Central European Summer Time)","2022","9","8","21","25","50","qwe12","Working, Studying","Sensory awareness","69","49","male","right","56","65","55","15","4","{""MentalActivity"":""Sensory awareness""}","[0]","",""
"4623.800000190735","","","survey-multi-choice","4","26636","0.0-4.0","pnrhnl","Thu Sep 08 2022 21:25:50 GMT+0200 (Central European Summer Time)","2022","9","8","21","25","50","qwe12","Working, Studying","Sensory awareness","69","49","male","right","56","65","55","15","4","{""HeartRate"":""69""}","[0]","",""
"3412.7999999523163","","","survey-text","5","30052","0.0-5.0","pnrhnl","Thu Sep 08 2022 21:25:50 GMT+0200 (Central European Summer Time)","2022","9","8","21","25","50","qwe12","Working, Studying","Sensory awareness","69","49","male","right","56","65","55","15","4","{""Q0"":""49""}","","",""
"3243.899999856949","","","survey-multi-choice","6","33298","0.0-6.0","pnrhnl","Thu Sep 08 2022 21:25:50 GMT+0200 (Central European Summer Time)","2022","9","8","21","25","50","qwe12","Working, Studying","Sensory awareness","69","49","male","right","56","65","55","15","4","{""Gender"":""male"",""Hand"":""right""}","[0,1]","",""
"3348.4000000953674","<p>How Sad/Angry or Happy are you right now?</p>","","html-slider-response","7","36651","0.0-7.0","pnrhnl","Thu Sep 08 2022 21:25:50 GMT+0200 (Central European Summer Time)","2022","9","8","21","25","50","qwe12","Working, Studying","Sensory awareness","69","49","male","right","56","65","55","15","4","","","50","56"
"3063.2000000476837","<p>How Tired/Sleepy/Distracted or Fresh/Awake/Alert are you right now?</p>","","html-slider-response","8","39716","0.0-8.0","pnrhnl","Thu Sep 08 2022 21:25:50 GMT+0200 (Central European Summer Time)","2022","9","8","21","25","50","qwe12","Working, Studying","Sensory awareness","69","49","male","right","56","65","55","15","4","","","50","65"
"3841.4000000953674","<p>How Hungry or Satiated are you right now?</p>","","html-slider-response","9","43560","0.0-9.0","pnrhnl","Thu Sep 08 2022 21:25:50 GMT+0200 (Central European Summer Time)","2022","9","8","21","25","50","qwe12","Working, Studying","Sensory awareness","69","49","male","right","56","65","55","15","4","","","50","55"
"9555.799999952316","","","survey-multi-choice","10","53118","0.0-10.0","pnrhnl","Thu Sep 08 2022 21:25:50 GMT+0200 (Central European Summer Time)","2022","9","8","21","25","50","qwe12","Working, Studying","Sensory awareness","69","49","male","right","56","65","55","15","4","{""Sleep"":""15"",""Eat"":""4""}","[0,1]","",""
