"rt","stimulus","key_press","trial_type","trial_index","time_elapsed","internal_node_id","exp_id","Time","year","month","date","hour","minute","seconds","id","Activity","MentalActivity","HeartRate","age","Gender","Handedness","mood","fresh","hunger","H_since_Sleep","H_since_Eat","responses","question_order","slider_start","response"
"null","<p>Welcome to this 1 min. survey on daily rhythms, body and mood.</p><p>You will be asked to report your heart-rate</p><p>and given some questions about yourself.</p><p>Take the test when prompted and/or at different times of the day/night.</p><p>Please make a personal ID (three letters+ two numbers, e.g. ept23).</p><p>Write it down and use this ID whenever taking the test.</p>","null","html-keyboard-response","0","10024","0.0-0.0","fgh8pr","Sat Sep 24 2022 11:01:18 GMT+0200 (CEST)","2022","9","24","11","1","18","www12","Drinking","Inner voice","52","25","male","right","76","67","26","3","2","","","",""
"10585","","","survey-text","1","20640","0.0-1.0","fgh8pr","Sat Sep 24 2022 11:01:18 GMT+0200 (CEST)","2022","9","24","11","1","18","www12","Drinking","Inner voice","52","25","male","right","76","67","26","3","2","{""Q0"":""www12""}","","",""
"8735","","","survey-multi-choice","2","29384","0.0-2.0","fgh8pr","Sat Sep 24 2022 11:01:18 GMT+0200 (CEST)","2022","9","24","11","1","18","www12","Drinking","Inner voice","52","25","male","right","76","67","26","3","2","{""Activity"":""Drinking""}","[0]","",""
"7262","","","survey-multi-choice","3","36649","0.0-3.0","fgh8pr","Sat Sep 24 2022 11:01:18 GMT+0200 (CEST)","2022","9","24","11","1","18","www12","Drinking","Inner voice","52","25","male","right","76","67","26","3","2","{""MentalActivity"":""Inner voice""}","[0]","",""
"3923","","","survey-multi-choice","4","40584","0.0-4.0","fgh8pr","Sat Sep 24 2022 11:01:18 GMT+0200 (CEST)","2022","9","24","11","1","18","www12","Drinking","Inner voice","52","25","male","right","76","67","26","3","2","{""HeartRate"":""52""}","[0]","",""
"7382.000000000007","","","survey-text","5","47977","0.0-5.0","fgh8pr","Sat Sep 24 2022 11:01:18 GMT+0200 (CEST)","2022","9","24","11","1","18","www12","Drinking","Inner voice","52","25","male","right","76","67","26","3","2","{""Q0"":""25""}","","",""
"2678.0000000000073","","","survey-multi-choice","6","50661","0.0-6.0","fgh8pr","Sat Sep 24 2022 11:01:18 GMT+0200 (CEST)","2022","9","24","11","1","18","www12","Drinking","Inner voice","52","25","male","right","76","67","26","3","2","{""Gender"":""male"",""Hand"":""right""}","[0,1]","",""
"2877","<p>How Sad/Angry or Happy are you right now?</p>","","html-slider-response","7","53549","0.0-7.0","fgh8pr","Sat Sep 24 2022 11:01:18 GMT+0200 (CEST)","2022","9","24","11","1","18","www12","Drinking","Inner voice","52","25","male","right","76","67","26","3","2","","","50","76"
"3052","<p>How Tired/Sleepy/Distracted or Fresh/Awake/Alert are you right now?</p>","","html-slider-response","8","56608","0.0-8.0","fgh8pr","Sat Sep 24 2022 11:01:18 GMT+0200 (CEST)","2022","9","24","11","1","18","www12","Drinking","Inner voice","52","25","male","right","76","67","26","3","2","","","50","67"
"6042","<p>How Hungry or Satiated are you right now?</p>","","html-slider-response","9","62654","0.0-9.0","fgh8pr","Sat Sep 24 2022 11:01:18 GMT+0200 (CEST)","2022","9","24","11","1","18","www12","Drinking","Inner voice","52","25","male","right","76","67","26","3","2","","","50","26"
"16524","","","survey-multi-choice","10","79187","0.0-10.0","fgh8pr","Sat Sep 24 2022 11:01:18 GMT+0200 (CEST)","2022","9","24","11","1","18","www12","Drinking","Inner voice","52","25","male","right","76","67","26","3","2","{""Sleep"":""3"",""Eat"":""2""}","[0,1]","",""
