"rt","stimulus","key_press","trial_type","trial_index","time_elapsed","internal_node_id","exp_id","Time","year","month","date","hour","minute","seconds","id","Activity","MentalActivity","HeartRate","age","Gender","Handedness","mood","fresh","hunger","H_since_Sleep","H_since_Eat","responses","question_order","slider_start","response"
"null","<p>Welcome to this 1 min. survey on daily rhythms, body and mood.</p><p>You will be asked to report your heart-rate</p><p>and given some questions about yourself.</p><p>Take the test when prompted and/or at different times of the day/night.</p><p>Please make a personal ID (three letters+ two numbers, e.g. ept23).</p><p>Write it down and use this ID whenever taking the test.</p>","null","html-keyboard-response","0","10006","0.0-0.0","2nca6u","Sat Sep 10 2022 18:05:31 GMT+0200 (CEST)","2022","9","10","18","5","31","Qwe12","Housework","Inner voice","66","49","male","right","46","80","13","10","6","","","",""
"6842","","","survey-text","1","16857","0.0-1.0","2nca6u","Sat Sep 10 2022 18:05:31 GMT+0200 (CEST)","2022","9","10","18","5","31","Qwe12","Housework","Inner voice","66","49","male","right","46","80","13","10","6","{""Q0"":""Qwe12""}","","",""
"14005","","","survey-multi-choice","2","30866","0.0-2.0","2nca6u","Sat Sep 10 2022 18:05:31 GMT+0200 (CEST)","2022","9","10","18","5","31","Qwe12","Housework","Inner voice","66","49","male","right","46","80","13","10","6","{""Activity"":""Housework""}","[0]","",""
"7637","","","survey-multi-choice","3","38506","0.0-3.0","2nca6u","Sat Sep 10 2022 18:05:31 GMT+0200 (CEST)","2022","9","10","18","5","31","Qwe12","Housework","Inner voice","66","49","male","right","46","80","13","10","6","{""MentalActivity"":""Inner voice""}","[0]","",""
"7065","","","survey-multi-choice","4","45578","0.0-4.0","2nca6u","Sat Sep 10 2022 18:05:31 GMT+0200 (CEST)","2022","9","10","18","5","31","Qwe12","Housework","Inner voice","66","49","male","right","46","80","13","10","6","{""HeartRate"":""66""}","[0]","",""
"5120","","","survey-text","5","50707","0.0-5.0","2nca6u","Sat Sep 10 2022 18:05:31 GMT+0200 (CEST)","2022","9","10","18","5","31","Qwe12","Housework","Inner voice","66","49","male","right","46","80","13","10","6","{""Q0"":""49""}","","",""
"3571","","","survey-multi-choice","6","54280","0.0-6.0","2nca6u","Sat Sep 10 2022 18:05:31 GMT+0200 (CEST)","2022","9","10","18","5","31","Qwe12","Housework","Inner voice","66","49","male","right","46","80","13","10","6","{""Gender"":""male"",""Hand"":""right""}","[0,1]","",""
"7218","<p>How Sad/Angry or Happy are you right now?</p>","","html-slider-response","7","61502","0.0-7.0","2nca6u","Sat Sep 10 2022 18:05:31 GMT+0200 (CEST)","2022","9","10","18","5","31","Qwe12","Housework","Inner voice","66","49","male","right","46","80","13","10","6","","","50","46"
"6914","<p>How Tired/Sleepy/Distracted or Fresh/Awake/Alert are you right now?</p>","","html-slider-response","8","68418","0.0-8.0","2nca6u","Sat Sep 10 2022 18:05:31 GMT+0200 (CEST)","2022","9","10","18","5","31","Qwe12","Housework","Inner voice","66","49","male","right","46","80","13","10","6","","","50","80"
"5381","<p>How Hungry or Satiated are you right now?</p>","","html-slider-response","9","73802","0.0-9.0","2nca6u","Sat Sep 10 2022 18:05:31 GMT+0200 (CEST)","2022","9","10","18","5","31","Qwe12","Housework","Inner voice","66","49","male","right","46","80","13","10","6","","","50","13"
"28206","","","survey-multi-choice","10","102013","0.0-10.0","2nca6u","Sat Sep 10 2022 18:05:31 GMT+0200 (CEST)","2022","9","10","18","5","31","Qwe12","Housework","Inner voice","66","49","male","right","46","80","13","10","6","{""Sleep"":""10"",""Eat"":""6""}","[0,1]","",""
