"rt","stimulus","key_press","trial_type","trial_index","time_elapsed","internal_node_id","exp_id","Time","year","month","date","hour","minute","seconds","id","Activity","MentalActivity","HeartRate","age","Gender","Handedness","mood","fresh","hunger","H_since_Sleep","H_since_Eat","responses","question_order","slider_start","response"
"null","<p>Welcome to this 1 min. survey on daily rhythms, body and mood.</p><p>You will be asked to report your heart-rate</p><p>and given some questions about yourself.</p><p>Take the test when prompted and/or at different times of the day/night.</p><p>Please make a personal ID (three letters+ two numbers, e.g. ept23).</p><p>Write it down and use this ID whenever taking the test.</p>","null","html-keyboard-response","0","10006","0.0-0.0","fvqzy6","Fri Nov 18 2022 08:18:13 GMT+0100 (Centraleuropæisk normaltid)","2022","11","18","8","18","13","qwe12","Working, Studying","Sensory awareness","66","49","male","right","73","81","80","2","1","","","",""
"7479","","","survey-text","1","17501","0.0-1.0","fvqzy6","Fri Nov 18 2022 08:18:13 GMT+0100 (Centraleuropæisk normaltid)","2022","11","18","8","18","13","qwe12","Working, Studying","Sensory awareness","66","49","male","right","73","81","80","2","1","{""Q0"":""qwe12""}","","",""
"6339","","","survey-multi-choice","2","23844","0.0-2.0","fvqzy6","Fri Nov 18 2022 08:18:13 GMT+0100 (Centraleuropæisk normaltid)","2022","11","18","8","18","13","qwe12","Working, Studying","Sensory awareness","66","49","male","right","73","81","80","2","1","{""Activity"":""Working, Studying""}","[0]","",""
"5444","","","survey-multi-choice","3","29289","0.0-3.0","fvqzy6","Fri Nov 18 2022 08:18:13 GMT+0100 (Centraleuropæisk normaltid)","2022","11","18","8","18","13","qwe12","Working, Studying","Sensory awareness","66","49","male","right","73","81","80","2","1","{""MentalActivity"":""Sensory awareness""}","[0]","",""
"7946","","","survey-multi-choice","4","37243","0.0-4.0","fvqzy6","Fri Nov 18 2022 08:18:13 GMT+0100 (Centraleuropæisk normaltid)","2022","11","18","8","18","13","qwe12","Working, Studying","Sensory awareness","66","49","male","right","73","81","80","2","1","{""HeartRate"":""66""}","[0]","",""
"3882.9999999999927","","","survey-text","5","41135","0.0-5.0","fvqzy6","Fri Nov 18 2022 08:18:13 GMT+0100 (Centraleuropæisk normaltid)","2022","11","18","8","18","13","qwe12","Working, Studying","Sensory awareness","66","49","male","right","73","81","80","2","1","{""Q0"":""49""}","","",""
"3245","","","survey-multi-choice","6","44382","0.0-6.0","fvqzy6","Fri Nov 18 2022 08:18:13 GMT+0100 (Centraleuropæisk normaltid)","2022","11","18","8","18","13","qwe12","Working, Studying","Sensory awareness","66","49","male","right","73","81","80","2","1","{""Gender"":""male"",""Hand"":""right""}","[0,1]","",""
"8710","<p>How Sad/Angry or Happy are you right now?</p>","","html-slider-response","7","53097","0.0-7.0","fvqzy6","Fri Nov 18 2022 08:18:13 GMT+0100 (Centraleuropæisk normaltid)","2022","11","18","8","18","13","qwe12","Working, Studying","Sensory awareness","66","49","male","right","73","81","80","2","1","","","50","73"
"8487","<p>How Tired/Sleepy/Distracted or Fresh/Awake/Alert are you right now?</p>","","html-slider-response","8","61586","0.0-8.0","fvqzy6","Fri Nov 18 2022 08:18:13 GMT+0100 (Centraleuropæisk normaltid)","2022","11","18","8","18","13","qwe12","Working, Studying","Sensory awareness","66","49","male","right","73","81","80","2","1","","","50","81"
"4383","<p>How Hungry or Satiated are you right now?</p>","","html-slider-response","9","65972","0.0-9.0","fvqzy6","Fri Nov 18 2022 08:18:13 GMT+0100 (Centraleuropæisk normaltid)","2022","11","18","8","18","13","qwe12","Working, Studying","Sensory awareness","66","49","male","right","73","81","80","2","1","","","50","80"
"17485","","","survey-multi-choice","10","83462","0.0-10.0","fvqzy6","Fri Nov 18 2022 08:18:13 GMT+0100 (Centraleuropæisk normaltid)","2022","11","18","8","18","13","qwe12","Working, Studying","Sensory awareness","66","49","male","right","73","81","80","2","1","{""Sleep"":""2"",""Eat"":""1""}","[0,1]","",""
