"rt","stimulus","key_press","trial_type","trial_index","time_elapsed","internal_node_id","exp_id","Time","year","month","date","hour","minute","seconds","id","Activity","MentalActivity","HeartRate","age","Gender","Handedness","mood","fresh","hunger","H_since_Sleep","H_since_Eat","responses","question_order","slider_start","response"
"null","<p>Welcome to this 1 min. survey on daily rhythms, body and mood.</p><p>You will be asked to report your heart-rate</p><p>and given some questions about yourself.</p><p>Take the test when prompted and/or at different times of the day/night.</p><p>Please make a personal ID (three letters+ two numbers, e.g. ept23).</p><p>Write it down and use this ID whenever taking the test.</p>","null","html-keyboard-response","0","10013","0.0-0.0","77hz4u","Tue Oct 04 2022 13:59:30 GMT+0200 (CEST)","2022","10","4","13","59","30","hej12","Working, Studying","Unsymbolized thinking","61","25","female","right","75","70","100","6","1","","","",""
"4994","","","survey-text","1","15027","0.0-1.0","77hz4u","Tue Oct 04 2022 13:59:30 GMT+0200 (CEST)","2022","10","4","13","59","30","hej12","Working, Studying","Unsymbolized thinking","61","25","female","right","75","70","100","6","1","{""Q0"":""hej12""}","","",""
"45448.00000000001","","","survey-multi-choice","2","60479","0.0-2.0","77hz4u","Tue Oct 04 2022 13:59:30 GMT+0200 (CEST)","2022","10","4","13","59","30","hej12","Working, Studying","Unsymbolized thinking","61","25","female","right","75","70","100","6","1","{""Activity"":""Working, Studying""}","[0]","",""
"89488","","","survey-multi-choice","3","149969","0.0-3.0","77hz4u","Tue Oct 04 2022 13:59:30 GMT+0200 (CEST)","2022","10","4","13","59","30","hej12","Working, Studying","Unsymbolized thinking","61","25","female","right","75","70","100","6","1","{""MentalActivity"":""Unsymbolized thinking""}","[0]","",""
"55996","","","survey-multi-choice","4","205973","0.0-4.0","77hz4u","Tue Oct 04 2022 13:59:30 GMT+0200 (CEST)","2022","10","4","13","59","30","hej12","Working, Studying","Unsymbolized thinking","61","25","female","right","75","70","100","6","1","{""HeartRate"":""61""}","[0]","",""
"6845","","","survey-text","5","212829","0.0-5.0","77hz4u","Tue Oct 04 2022 13:59:30 GMT+0200 (CEST)","2022","10","4","13","59","30","hej12","Working, Studying","Unsymbolized thinking","61","25","female","right","75","70","100","6","1","{""Q0"":""25""}","","",""
"3132.000000000029","","","survey-multi-choice","6","215964","0.0-6.0","77hz4u","Tue Oct 04 2022 13:59:30 GMT+0200 (CEST)","2022","10","4","13","59","30","hej12","Working, Studying","Unsymbolized thinking","61","25","female","right","75","70","100","6","1","{""Gender"":""female"",""Hand"":""right""}","[0,1]","",""
"5733.000000000029","<p>How Sad/Angry or Happy are you right now?</p>","","html-slider-response","7","221703","0.0-7.0","77hz4u","Tue Oct 04 2022 13:59:30 GMT+0200 (CEST)","2022","10","4","13","59","30","hej12","Working, Studying","Unsymbolized thinking","61","25","female","right","75","70","100","6","1","","","50","75"
"4280","<p>How Tired/Sleepy/Distracted or Fresh/Awake/Alert are you right now?</p>","","html-slider-response","8","225986","0.0-8.0","77hz4u","Tue Oct 04 2022 13:59:30 GMT+0200 (CEST)","2022","10","4","13","59","30","hej12","Working, Studying","Unsymbolized thinking","61","25","female","right","75","70","100","6","1","","","50","70"
"5212","<p>How Hungry or Satiated are you right now?</p>","","html-slider-response","9","231201","0.0-9.0","77hz4u","Tue Oct 04 2022 13:59:30 GMT+0200 (CEST)","2022","10","4","13","59","30","hej12","Working, Studying","Unsymbolized thinking","61","25","female","right","75","70","100","6","1","","","50","100"
"19327","","","survey-multi-choice","10","250534","0.0-10.0","77hz4u","Tue Oct 04 2022 13:59:30 GMT+0200 (CEST)","2022","10","4","13","59","30","hej12","Working, Studying","Unsymbolized thinking","61","25","female","right","75","70","100","6","1","{""Sleep"":""6"",""Eat"":""1""}","[0,1]","",""
