"rt","stimulus","key_press","trial_type","trial_index","time_elapsed","internal_node_id","exp_id","Time","year","month","date","hour","minute","seconds","id","Activity","MentalActivity","HeartRate","age","Gender","Handedness","mood","fresh","hunger","H_since_Sleep","H_since_Eat","responses","question_order","slider_start","response"
"null","<p>Welcome to this 1 min. survey on daily rhythms, body and mood.</p><p>You will be asked to report your heart-rate</p><p>and given some questions about yourself.</p><p>Take the test when prompted and/or at different times of the day/night.</p><p>Please make a personal ID (three letters+ two numbers, e.g. ept23).</p><p>Write it down and use this ID whenever taking the test.</p>","null","html-keyboard-response","0","10051","0.0-0.0","lw601p","Sun Oct 16 2022 17:19:45 GMT+0200 (CEST)","2022","10","16","17","19","45","qwe12","Texting, Emailing, Social Networking","Sensory awareness","64","49","male","right","79","62","29","2","3","","","",""
"13775","","","survey-text","1","23836","0.0-1.0","lw601p","Sun Oct 16 2022 17:19:45 GMT+0200 (CEST)","2022","10","16","17","19","45","qwe12","Texting, Emailing, Social Networking","Sensory awareness","64","49","male","right","79","62","29","2","3","{""Q0"":""qwe12""}","","",""
"8949.999999999996","","","survey-multi-choice","2","32791","0.0-2.0","lw601p","Sun Oct 16 2022 17:19:45 GMT+0200 (CEST)","2022","10","16","17","19","45","qwe12","Texting, Emailing, Social Networking","Sensory awareness","64","49","male","right","79","62","29","2","3","{""Activity"":""Texting, Emailing, Social Networking""}","[0]","",""
"7043.000000000007","","","survey-multi-choice","3","39836","0.0-3.0","lw601p","Sun Oct 16 2022 17:19:45 GMT+0200 (CEST)","2022","10","16","17","19","45","qwe12","Texting, Emailing, Social Networking","Sensory awareness","64","49","male","right","79","62","29","2","3","{""MentalActivity"":""Sensory awareness""}","[0]","",""
"5396","","","survey-multi-choice","4","45239","0.0-4.0","lw601p","Sun Oct 16 2022 17:19:45 GMT+0200 (CEST)","2022","10","16","17","19","45","qwe12","Texting, Emailing, Social Networking","Sensory awareness","64","49","male","right","79","62","29","2","3","{""HeartRate"":""64""}","[0]","",""
"3941","","","survey-text","5","49190","0.0-5.0","lw601p","Sun Oct 16 2022 17:19:45 GMT+0200 (CEST)","2022","10","16","17","19","45","qwe12","Texting, Emailing, Social Networking","Sensory awareness","64","49","male","right","79","62","29","2","3","{""Q0"":""49""}","","",""
"3415","","","survey-multi-choice","6","52607","0.0-6.0","lw601p","Sun Oct 16 2022 17:19:45 GMT+0200 (CEST)","2022","10","16","17","19","45","qwe12","Texting, Emailing, Social Networking","Sensory awareness","64","49","male","right","79","62","29","2","3","{""Gender"":""male"",""Hand"":""right""}","[0,1]","",""
"9759","<p>How Sad/Angry or Happy are you right now?</p>","","html-slider-response","7","62370","0.0-7.0","lw601p","Sun Oct 16 2022 17:19:45 GMT+0200 (CEST)","2022","10","16","17","19","45","qwe12","Texting, Emailing, Social Networking","Sensory awareness","64","49","male","right","79","62","29","2","3","","","50","79"
"7201","<p>How Tired/Sleepy/Distracted or Fresh/Awake/Alert are you right now?</p>","","html-slider-response","8","69574","0.0-8.0","lw601p","Sun Oct 16 2022 17:19:45 GMT+0200 (CEST)","2022","10","16","17","19","45","qwe12","Texting, Emailing, Social Networking","Sensory awareness","64","49","male","right","79","62","29","2","3","","","50","62"
"8045.999999999985","<p>How Hungry or Satiated are you right now?</p>","","html-slider-response","9","77622","0.0-9.0","lw601p","Sun Oct 16 2022 17:19:45 GMT+0200 (CEST)","2022","10","16","17","19","45","qwe12","Texting, Emailing, Social Networking","Sensory awareness","64","49","male","right","79","62","29","2","3","","","50","29"
"22643","","","survey-multi-choice","10","100271","0.0-10.0","lw601p","Sun Oct 16 2022 17:19:45 GMT+0200 (CEST)","2022","10","16","17","19","45","qwe12","Texting, Emailing, Social Networking","Sensory awareness","64","49","male","right","79","62","29","2","3","{""Sleep"":""2"",""Eat"":""3""}","[0,1]","",""
