"rt","stimulus","key_press","trial_type","trial_index","time_elapsed","internal_node_id","exp_id","Time","year","month","date","hour","minute","seconds","id","Activity","MentalActivity","HeartRate","age","Gender","Handedness","mood","fresh","hunger","H_since_Sleep","H_since_Eat","responses","question_order","slider_start","response"
"null","<p>Welcome to this 1 min. survey on daily rhythms, body and mood.</p><p>You will be asked to report your heart-rate</p><p>and given some questions about yourself.</p><p>Take the test when prompted and/or at different times of the day/night.</p><p>Please make a personal ID (three letters+ two numbers, e.g. ept23).</p><p>Write it down and use this ID whenever taking the test.</p>","null","html-keyboard-response","0","10044","0.0-0.0","r6ydd3","Wed Sep 14 2022 16:06:06 GMT+0200 (Central European Summer Time)","2022","9","14","16","6","6","jqi11","Chatting","Feelings","75","28","female","right","100","94","63","5","1","","","",""
"9461.400000095367","","","survey-text","1","19543","0.0-1.0","r6ydd3","Wed Sep 14 2022 16:06:06 GMT+0200 (Central European Summer Time)","2022","9","14","16","6","6","jqi11","Chatting","Feelings","75","28","female","right","100","94","63","5","1","{""Q0"":""jqi11""}","","",""
"11270.099999904633","","","survey-multi-choice","2","30838","0.0-2.0","r6ydd3","Wed Sep 14 2022 16:06:06 GMT+0200 (Central European Summer Time)","2022","9","14","16","6","6","jqi11","Chatting","Feelings","75","28","female","right","100","94","63","5","1","{""Activity"":""Chatting""}","[0]","",""
"23911.800000071526","","","survey-multi-choice","3","54762","0.0-3.0","r6ydd3","Wed Sep 14 2022 16:06:06 GMT+0200 (Central European Summer Time)","2022","9","14","16","6","6","jqi11","Chatting","Feelings","75","28","female","right","100","94","63","5","1","{""MentalActivity"":""Feelings""}","[0]","",""
"4190.700000047684","","","survey-multi-choice","4","58988","0.0-4.0","r6ydd3","Wed Sep 14 2022 16:06:06 GMT+0200 (Central European Summer Time)","2022","9","14","16","6","6","jqi11","Chatting","Feelings","75","28","female","right","100","94","63","5","1","{""HeartRate"":""75""}","[0]","",""
"5760.5","","","survey-text","5","64761","0.0-5.0","r6ydd3","Wed Sep 14 2022 16:06:06 GMT+0200 (Central European Summer Time)","2022","9","14","16","6","6","jqi11","Chatting","Feelings","75","28","female","right","100","94","63","5","1","{""Q0"":""28""}","","",""
"5174.599999904633","","","survey-multi-choice","6","69946","0.0-6.0","r6ydd3","Wed Sep 14 2022 16:06:06 GMT+0200 (Central European Summer Time)","2022","9","14","16","6","6","jqi11","Chatting","Feelings","75","28","female","right","100","94","63","5","1","{""Gender"":""female"",""Hand"":""right""}","[0,1]","",""
"7166","<p>How Sad/Angry or Happy are you right now?</p>","","html-slider-response","7","77128","0.0-7.0","r6ydd3","Wed Sep 14 2022 16:06:06 GMT+0200 (Central European Summer Time)","2022","9","14","16","6","6","jqi11","Chatting","Feelings","75","28","female","right","100","94","63","5","1","","","50","100"
"4903","<p>How Tired/Sleepy/Distracted or Fresh/Awake/Alert are you right now?</p>","","html-slider-response","8","82045","0.0-8.0","r6ydd3","Wed Sep 14 2022 16:06:06 GMT+0200 (Central European Summer Time)","2022","9","14","16","6","6","jqi11","Chatting","Feelings","75","28","female","right","100","94","63","5","1","","","50","94"
"4292.100000023842","<p>How Hungry or Satiated are you right now?</p>","","html-slider-response","9","86347","0.0-9.0","r6ydd3","Wed Sep 14 2022 16:06:06 GMT+0200 (Central European Summer Time)","2022","9","14","16","6","6","jqi11","Chatting","Feelings","75","28","female","right","100","94","63","5","1","","","50","63"
"34271.700000047684","","","survey-multi-choice","10","120652","0.0-10.0","r6ydd3","Wed Sep 14 2022 16:06:06 GMT+0200 (Central European Summer Time)","2022","9","14","16","6","6","jqi11","Chatting","Feelings","75","28","female","right","100","94","63","5","1","{""Sleep"":""5"",""Eat"":""1""}","[0,1]","",""
