"rt","stimulus","key_press","trial_type","trial_index","time_elapsed","internal_node_id","exp_id","Time","year","month","date","hour","minute","seconds","id","Activity","MentalActivity","HeartRate","age","Gender","Handedness","mood","fresh","hunger","H_since_Sleep","H_since_Eat","responses","question_order","slider_start","response"
"null","<p>Welcome to this 1 min. survey on daily rhythms, body and mood.</p><p>You will be asked to report your heart-rate</p><p>and given some questions about yourself.</p><p>Take the test when prompted and/or at different times of the day/night.</p><p>Please make a personal ID (three letters+ two numbers, e.g. ept23).</p><p>Write it down and use this ID whenever taking the test.</p>","null","html-keyboard-response","0","10018","0.0-0.0","q3p9sm","Fri Sep 09 2022 06:41:03 GMT+0200 (CEST)","2022","9","9","6","41","3","lex70","Sleeping, Resting","Inner seeing","66","22","female","right","62","27","28","0","10","","","",""
"9783","","","survey-text","1","19819","0.0-1.0","q3p9sm","Fri Sep 09 2022 06:41:03 GMT+0200 (CEST)","2022","9","9","6","41","3","lex70","Sleeping, Resting","Inner seeing","66","22","female","right","62","27","28","0","10","{""Q0"":""lex70""}","","",""
"18047","","","survey-multi-choice","2","37873","0.0-2.0","q3p9sm","Fri Sep 09 2022 06:41:03 GMT+0200 (CEST)","2022","9","9","6","41","3","lex70","Sleeping, Resting","Inner seeing","66","22","female","right","62","27","28","0","10","{""Activity"":""Sleeping, Resting""}","[0]","",""
"8780","","","survey-multi-choice","3","46656","0.0-3.0","q3p9sm","Fri Sep 09 2022 06:41:03 GMT+0200 (CEST)","2022","9","9","6","41","3","lex70","Sleeping, Resting","Inner seeing","66","22","female","right","62","27","28","0","10","{""MentalActivity"":""Inner seeing""}","[0]","",""
"50535.99999999999","","","survey-multi-choice","4","97198","0.0-4.0","q3p9sm","Fri Sep 09 2022 06:41:03 GMT+0200 (CEST)","2022","9","9","6","41","3","lex70","Sleeping, Resting","Inner seeing","66","22","female","right","62","27","28","0","10","{""HeartRate"":""66""}","[0]","",""
"3789","","","survey-text","5","101006","0.0-5.0","q3p9sm","Fri Sep 09 2022 06:41:03 GMT+0200 (CEST)","2022","9","9","6","41","3","lex70","Sleeping, Resting","Inner seeing","66","22","female","right","62","27","28","0","10","{""Q0"":""22""}","","",""
"11862","","","survey-multi-choice","6","112874","0.0-6.0","q3p9sm","Fri Sep 09 2022 06:41:03 GMT+0200 (CEST)","2022","9","9","6","41","3","lex70","Sleeping, Resting","Inner seeing","66","22","female","right","62","27","28","0","10","{""Gender"":""female"",""Hand"":""right""}","[0,1]","",""
"11015","<p>How Sad/Angry or Happy are you right now?</p>","","html-slider-response","7","123900","0.0-7.0","q3p9sm","Fri Sep 09 2022 06:41:03 GMT+0200 (CEST)","2022","9","9","6","41","3","lex70","Sleeping, Resting","Inner seeing","66","22","female","right","62","27","28","0","10","","","50","62"
"9887","<p>How Tired/Sleepy/Distracted or Fresh/Awake/Alert are you right now?</p>","","html-slider-response","8","133793","0.0-8.0","q3p9sm","Fri Sep 09 2022 06:41:03 GMT+0200 (CEST)","2022","9","9","6","41","3","lex70","Sleeping, Resting","Inner seeing","66","22","female","right","62","27","28","0","10","","","50","27"
"4842.999999999971","<p>How Hungry or Satiated are you right now?</p>","","html-slider-response","9","138640","0.0-9.0","q3p9sm","Fri Sep 09 2022 06:41:03 GMT+0200 (CEST)","2022","9","9","6","41","3","lex70","Sleeping, Resting","Inner seeing","66","22","female","right","62","27","28","0","10","","","50","28"
"33931","","","survey-multi-choice","10","172579","0.0-10.0","q3p9sm","Fri Sep 09 2022 06:41:03 GMT+0200 (CEST)","2022","9","9","6","41","3","lex70","Sleeping, Resting","Inner seeing","66","22","female","right","62","27","28","0","10","{""Sleep"":""0"",""Eat"":""10""}","[0,1]","",""
