"rt","stimulus","key_press","trial_type","trial_index","time_elapsed","internal_node_id","exp_id","Time","year","month","date","hour","minute","seconds","id","Activity","MentalActivity","HeartRate","age","Gender","Handedness","mood","fresh","hunger","H_since_Sleep","H_since_Eat","responses","question_order","slider_start","response"
"null","<p>Welcome to this 1 min. survey on daily rhythms, body and mood.</p><p>You will be asked to report your heart-rate</p><p>and given some questions about yourself.</p><p>Take the test when prompted and/or at different times of the day/night.</p><p>Please make a personal ID (three letters+ two numbers, e.g. ept23).</p><p>Write it down and use this ID whenever taking the test.</p>","null","html-keyboard-response","0","10014","0.0-0.0","j1zv4r","Wed Oct 19 2022 07:58:25 GMT+0200 (CEST)","2022","10","19","7","58","25","yfg54","Commuting","Inner voice","96","23","female","right","40","69","63","1","0","","","",""
"5596","","","survey-text","1","15640","0.0-1.0","j1zv4r","Wed Oct 19 2022 07:58:25 GMT+0200 (CEST)","2022","10","19","7","58","25","yfg54","Commuting","Inner voice","96","23","female","right","40","69","63","1","0","{""Q0"":""yfg54""}","","",""
"3850","","","survey-multi-choice","2","19496","0.0-2.0","j1zv4r","Wed Oct 19 2022 07:58:25 GMT+0200 (CEST)","2022","10","19","7","58","25","yfg54","Commuting","Inner voice","96","23","female","right","40","69","63","1","0","{""Activity"":""Commuting""}","[0]","",""
"5197.999999999996","","","survey-multi-choice","3","24698","0.0-3.0","j1zv4r","Wed Oct 19 2022 07:58:25 GMT+0200 (CEST)","2022","10","19","7","58","25","yfg54","Commuting","Inner voice","96","23","female","right","40","69","63","1","0","{""MentalActivity"":""Inner voice""}","[0]","",""
"55464.000000000015","","","survey-multi-choice","4","80177","0.0-4.0","j1zv4r","Wed Oct 19 2022 07:58:25 GMT+0200 (CEST)","2022","10","19","7","58","25","yfg54","Commuting","Inner voice","96","23","female","right","40","69","63","1","0","{""HeartRate"":""96""}","[0]","",""
"6109.000000000015","","","survey-text","5","86307","0.0-5.0","j1zv4r","Wed Oct 19 2022 07:58:25 GMT+0200 (CEST)","2022","10","19","7","58","25","yfg54","Commuting","Inner voice","96","23","female","right","40","69","63","1","0","{""Q0"":""23""}","","",""
"3872","","","survey-multi-choice","6","90186","0.0-6.0","j1zv4r","Wed Oct 19 2022 07:58:25 GMT+0200 (CEST)","2022","10","19","7","58","25","yfg54","Commuting","Inner voice","96","23","female","right","40","69","63","1","0","{""Gender"":""female"",""Hand"":""right""}","[0,1]","",""
"3989.0000000000146","<p>How Sad/Angry or Happy are you right now?</p>","","html-slider-response","7","94190","0.0-7.0","j1zv4r","Wed Oct 19 2022 07:58:25 GMT+0200 (CEST)","2022","10","19","7","58","25","yfg54","Commuting","Inner voice","96","23","female","right","40","69","63","1","0","","","50","40"
"11590","<p>How Tired/Sleepy/Distracted or Fresh/Awake/Alert are you right now?</p>","","html-slider-response","8","105785","0.0-8.0","j1zv4r","Wed Oct 19 2022 07:58:25 GMT+0200 (CEST)","2022","10","19","7","58","25","yfg54","Commuting","Inner voice","96","23","female","right","40","69","63","1","0","","","50","69"
"10035","<p>How Hungry or Satiated are you right now?</p>","","html-slider-response","9","115823","0.0-9.0","j1zv4r","Wed Oct 19 2022 07:58:25 GMT+0200 (CEST)","2022","10","19","7","58","25","yfg54","Commuting","Inner voice","96","23","female","right","40","69","63","1","0","","","50","63"
"7227.999999999985","","","survey-multi-choice","10","123057","0.0-10.0","j1zv4r","Wed Oct 19 2022 07:58:25 GMT+0200 (CEST)","2022","10","19","7","58","25","yfg54","Commuting","Inner voice","96","23","female","right","40","69","63","1","0","{""Sleep"":""1"",""Eat"":""0""}","[0,1]","",""
