"rt","stimulus","key_press","trial_type","trial_index","time_elapsed","internal_node_id","exp_id","Time","year","month","date","hour","minute","seconds","id","Activity","MentalActivity","HeartRate","age","Gender","Handedness","mood","fresh","hunger","H_since_Sleep","H_since_Eat","responses","question_order","slider_start","response"
"null","<p>Welcome to this 1 min. survey on daily rhythms, body and mood.</p><p>You will be asked to report your heart-rate</p><p>and given some questions about yourself.</p><p>Take the test when prompted and/or at different times of the day/night.</p><p>Please make a personal ID (three letters+ two numbers, e.g. ept23).</p><p>Write it down and use this ID whenever taking the test.</p>","null","html-keyboard-response","0","10016","0.0-0.0","53kdzm","Sat Sep 10 2022 13:48:30 GMT+0200 (CEST)","2022","9","10","13","48","30","kau00","Being on the Internet","Inner voice","75","23","female","right","60","47","100","5","0","","","",""
"6994","","","survey-text","1","17042","0.0-1.0","53kdzm","Sat Sep 10 2022 13:48:30 GMT+0200 (CEST)","2022","9","10","13","48","30","kau00","Being on the Internet","Inner voice","75","23","female","right","60","47","100","5","0","{""Q0"":""kau00""}","","",""
"8629","","","survey-multi-choice","2","25677","0.0-2.0","53kdzm","Sat Sep 10 2022 13:48:30 GMT+0200 (CEST)","2022","9","10","13","48","30","kau00","Being on the Internet","Inner voice","75","23","female","right","60","47","100","5","0","{""Activity"":""Being on the Internet""}","[0]","",""
"10839","","","survey-multi-choice","3","36519","0.0-3.0","53kdzm","Sat Sep 10 2022 13:48:30 GMT+0200 (CEST)","2022","9","10","13","48","30","kau00","Being on the Internet","Inner voice","75","23","female","right","60","47","100","5","0","{""MentalActivity"":""Inner voice""}","[0]","",""
"33554","","","survey-multi-choice","4","70087","0.0-4.0","53kdzm","Sat Sep 10 2022 13:48:30 GMT+0200 (CEST)","2022","9","10","13","48","30","kau00","Being on the Internet","Inner voice","75","23","female","right","60","47","100","5","0","{""HeartRate"":""75""}","[0]","",""
"5347","","","survey-text","5","75456","0.0-5.0","53kdzm","Sat Sep 10 2022 13:48:30 GMT+0200 (CEST)","2022","9","10","13","48","30","kau00","Being on the Internet","Inner voice","75","23","female","right","60","47","100","5","0","{""Q0"":""23""}","","",""
"3117","","","survey-multi-choice","6","78577","0.0-6.0","53kdzm","Sat Sep 10 2022 13:48:30 GMT+0200 (CEST)","2022","9","10","13","48","30","kau00","Being on the Internet","Inner voice","75","23","female","right","60","47","100","5","0","{""Gender"":""female"",""Hand"":""right""}","[0,1]","",""
"4817","<p>How Sad/Angry or Happy are you right now?</p>","","html-slider-response","7","83400","0.0-7.0","53kdzm","Sat Sep 10 2022 13:48:30 GMT+0200 (CEST)","2022","9","10","13","48","30","kau00","Being on the Internet","Inner voice","75","23","female","right","60","47","100","5","0","","","50","60"
"8009.999999999985","<p>How Tired/Sleepy/Distracted or Fresh/Awake/Alert are you right now?</p>","","html-slider-response","8","91414","0.0-8.0","53kdzm","Sat Sep 10 2022 13:48:30 GMT+0200 (CEST)","2022","9","10","13","48","30","kau00","Being on the Internet","Inner voice","75","23","female","right","60","47","100","5","0","","","50","47"
"3648","<p>How Hungry or Satiated are you right now?</p>","","html-slider-response","9","95065","0.0-9.0","53kdzm","Sat Sep 10 2022 13:48:30 GMT+0200 (CEST)","2022","9","10","13","48","30","kau00","Being on the Internet","Inner voice","75","23","female","right","60","47","100","5","0","","","50","100"
"12992","","","survey-multi-choice","10","108063","0.0-10.0","53kdzm","Sat Sep 10 2022 13:48:30 GMT+0200 (CEST)","2022","9","10","13","48","30","kau00","Being on the Internet","Inner voice","75","23","female","right","60","47","100","5","0","{""Sleep"":""5"",""Eat"":""0""}","[0,1]","",""
