"rt","stimulus","key_press","trial_type","trial_index","time_elapsed","internal_node_id","exp_id","Time","year","month","date","hour","minute","seconds","id","HeartRate","age","Gender","Handedness","mood","fresh","hunger","H_since_Sleep","H_since_Eat","Activity","MentalActivity","responses","question_order","slider_start","response"
"null","<p>Welcome to this 1 min. survey on daily rhythms, body and mood.</p><p>You will be asked to report your heart-rate</p><p>and given some questions about yourself.</p><p>Take the test when prompted and/or at different times of the day/night.</p><p>Please make a personal ID (three letters+ two numbers, e.g. ept23).</p><p>Write it down and use this ID whenever taking the test.</p>","null","html-keyboard-response","0","10011","0.0-0.0","ealxg5","Thu Sep 08 2022 21:29:22 GMT+0200 (CEST)","2022","9","8","21","29","22","pid10","63","23","female","right","64","7","70","14","0","Sleeping, Resting","Inner voice","","","",""
"5657","","","survey-text","1","15694","0.0-1.0","ealxg5","Thu Sep 08 2022 21:29:22 GMT+0200 (CEST)","2022","9","8","21","29","22","pid10","63","23","female","right","64","7","70","14","0","Sleeping, Resting","Inner voice","{""Q0"":""pid10""}","","",""
"41860","","","survey-multi-choice","2","57558","0.0-2.0","ealxg5","Thu Sep 08 2022 21:29:22 GMT+0200 (CEST)","2022","9","8","21","29","22","pid10","63","23","female","right","64","7","70","14","0","Sleeping, Resting","Inner voice","{""HeartRate"":""63""}","[0]","",""
"3849","","","survey-text","3","61418","0.0-3.0","ealxg5","Thu Sep 08 2022 21:29:22 GMT+0200 (CEST)","2022","9","8","21","29","22","pid10","63","23","female","right","64","7","70","14","0","Sleeping, Resting","Inner voice","{""Q0"":""23""}","","",""
"3887","","","survey-multi-choice","4","65307","0.0-4.0","ealxg5","Thu Sep 08 2022 21:29:22 GMT+0200 (CEST)","2022","9","8","21","29","22","pid10","63","23","female","right","64","7","70","14","0","Sleeping, Resting","Inner voice","{""Gender"":""female"",""Hand"":""right""}","[0,1]","",""
"10206","<p>How Sad/Angry or Happy are you right now?</p>","","html-slider-response","5","75518","0.0-5.0","ealxg5","Thu Sep 08 2022 21:29:22 GMT+0200 (CEST)","2022","9","8","21","29","22","pid10","63","23","female","right","64","7","70","14","0","Sleeping, Resting","Inner voice","","","50","64"
"7085","<p>How Tired/Sleepy/Distracted or Fresh/Awake/Alert are you right now?</p>","","html-slider-response","6","82606","0.0-6.0","ealxg5","Thu Sep 08 2022 21:29:22 GMT+0200 (CEST)","2022","9","8","21","29","22","pid10","63","23","female","right","64","7","70","14","0","Sleeping, Resting","Inner voice","","","50","7"
"10487","<p>How Hungry or Satiated are you right now?</p>","","html-slider-response","7","93095","0.0-7.0","ealxg5","Thu Sep 08 2022 21:29:22 GMT+0200 (CEST)","2022","9","8","21","29","22","pid10","63","23","female","right","64","7","70","14","0","Sleeping, Resting","Inner voice","","","50","70"
"19741.999999999985","","","survey-multi-choice","8","112843","0.0-8.0","ealxg5","Thu Sep 08 2022 21:29:22 GMT+0200 (CEST)","2022","9","8","21","29","22","pid10","63","23","female","right","64","7","70","14","0","Sleeping, Resting","Inner voice","{""Sleep"":""14"",""Eat"":""0""}","[0,1]","",""
"24182","","","survey-multi-choice","9","137029","0.0-9.0","ealxg5","Thu Sep 08 2022 21:29:22 GMT+0200 (CEST)","2022","9","8","21","29","22","pid10","63","23","female","right","64","7","70","14","0","Sleeping, Resting","Inner voice","{""Activity"":""Sleeping, Resting""}","[0]","",""
"25287","","","survey-multi-choice","10","162332","0.0-10.0","ealxg5","Thu Sep 08 2022 21:29:22 GMT+0200 (CEST)","2022","9","8","21","29","22","pid10","63","23","female","right","64","7","70","14","0","Sleeping, Resting","Inner voice","{""MentalActivity"":""Inner voice""}","[0]","",""
