"rt","stimulus","key_press","trial_type","trial_index","time_elapsed","internal_node_id","exp_id","Time","year","month","date","hour","minute","seconds","id","Activity","MentalActivity","HeartRate","age","Gender","Handedness","mood","fresh","hunger","H_since_Sleep","H_since_Eat","responses","question_order","slider_start","response"
"null","<p>Welcome to this 1 min. survey on daily rhythms, body and mood.</p><p>You will be asked to report your heart-rate</p><p>and given some questions about yourself.</p><p>Take the test when prompted and/or at different times of the day/night.</p><p>Please make a personal ID (three letters+ two numbers, e.g. ept23).</p><p>Write it down and use this ID whenever taking the test.</p>","null","html-keyboard-response","0","10006","0.0-0.0","t53wet","Fri Nov 11 2022 10:21:05 GMT+0100 (CET)","2022","11","11","10","21","5","pid10","Waiting, Being in line","Feelings","78","23","female","right","17","77","58","2","2","","","",""
"5491","","","survey-text","1","15508","0.0-1.0","t53wet","Fri Nov 11 2022 10:21:05 GMT+0100 (CET)","2022","11","11","10","21","5","pid10","Waiting, Being in line","Feelings","78","23","female","right","17","77","58","2","2","{""Q0"":""pid10""}","","",""
"14788","","","survey-multi-choice","2","30300","0.0-2.0","t53wet","Fri Nov 11 2022 10:21:05 GMT+0100 (CET)","2022","11","11","10","21","5","pid10","Waiting, Being in line","Feelings","78","23","female","right","17","77","58","2","2","{""Activity"":""Waiting, Being in line""}","[0]","",""
"3413.0000000000073","","","survey-multi-choice","3","33716","0.0-3.0","t53wet","Fri Nov 11 2022 10:21:05 GMT+0100 (CET)","2022","11","11","10","21","5","pid10","Waiting, Being in line","Feelings","78","23","female","right","17","77","58","2","2","{""MentalActivity"":""Feelings""}","[0]","",""
"4227","","","survey-multi-choice","4","37949","0.0-4.0","t53wet","Fri Nov 11 2022 10:21:05 GMT+0100 (CET)","2022","11","11","10","21","5","pid10","Waiting, Being in line","Feelings","78","23","female","right","17","77","58","2","2","{""HeartRate"":""78""}","[0]","",""
"4029","","","survey-text","5","41988","0.0-5.0","t53wet","Fri Nov 11 2022 10:21:05 GMT+0100 (CET)","2022","11","11","10","21","5","pid10","Waiting, Being in line","Feelings","78","23","female","right","17","77","58","2","2","{""Q0"":""23""}","","",""
"4188","","","survey-multi-choice","6","46178","0.0-6.0","t53wet","Fri Nov 11 2022 10:21:05 GMT+0100 (CET)","2022","11","11","10","21","5","pid10","Waiting, Being in line","Feelings","78","23","female","right","17","77","58","2","2","{""Gender"":""female"",""Hand"":""right""}","[0,1]","",""
"5945","<p>How Sad/Angry or Happy are you right now?</p>","","html-slider-response","7","52126","0.0-7.0","t53wet","Fri Nov 11 2022 10:21:05 GMT+0100 (CET)","2022","11","11","10","21","5","pid10","Waiting, Being in line","Feelings","78","23","female","right","17","77","58","2","2","","","50","17"
"4696","<p>How Tired/Sleepy/Distracted or Fresh/Awake/Alert are you right now?</p>","","html-slider-response","8","56826","0.0-8.0","t53wet","Fri Nov 11 2022 10:21:05 GMT+0100 (CET)","2022","11","11","10","21","5","pid10","Waiting, Being in line","Feelings","78","23","female","right","17","77","58","2","2","","","50","77"
"3974.9999999999927","<p>How Hungry or Satiated are you right now?</p>","","html-slider-response","9","60803","0.0-9.0","t53wet","Fri Nov 11 2022 10:21:05 GMT+0100 (CET)","2022","11","11","10","21","5","pid10","Waiting, Being in line","Feelings","78","23","female","right","17","77","58","2","2","","","50","58"
"9114","","","survey-multi-choice","10","69923","0.0-10.0","t53wet","Fri Nov 11 2022 10:21:05 GMT+0100 (CET)","2022","11","11","10","21","5","pid10","Waiting, Being in line","Feelings","78","23","female","right","17","77","58","2","2","{""Sleep"":""2"",""Eat"":""2""}","[0,1]","",""
