"rt","stimulus","key_press","trial_type","trial_index","time_elapsed","internal_node_id","exp_id","Time","year","month","date","hour","minute","seconds","id","HeartRate","age","Gender","Handedness","mood","fresh","hunger","H_since_Sleep","H_since_Eat","Activity","MentalActivity","responses","question_order","slider_start","response"
"null","<p>Welcome to this 1 min. survey on daily rhythms, body and mood.</p><p>You will be asked to report your heart-rate</p><p>and given some questions about yourself.</p><p>Take the test when prompted and/or at different times of the day/night.</p><p>Please make a personal ID (three letters+ two numbers, e.g. ept23).</p><p>Write it down and use this ID whenever taking the test.</p>","null","html-keyboard-response","0","10007","0.0-0.0","fx0z6y","Thu Sep 08 2022 16:29:22 GMT+0200 (Central European Summer Time)","2022","9","8","16","29","22","rex13","48","24","male","right","63","75","72","8","4","Working, Studying","Unsymbolized thinking","","","",""
"67487","","","survey-text","1","77504","0.0-1.0","fx0z6y","Thu Sep 08 2022 16:29:22 GMT+0200 (Central European Summer Time)","2022","9","8","16","29","22","rex13","48","24","male","right","63","75","72","8","4","Working, Studying","Unsymbolized thinking","{""Q0"":""rex13""}","","",""
"46353","","","survey-multi-choice","2","123861","0.0-2.0","fx0z6y","Thu Sep 08 2022 16:29:22 GMT+0200 (Central European Summer Time)","2022","9","8","16","29","22","rex13","48","24","male","right","63","75","72","8","4","Working, Studying","Unsymbolized thinking","{""HeartRate"":""48""}","[0]","",""
"3696","","","survey-text","3","127562","0.0-3.0","fx0z6y","Thu Sep 08 2022 16:29:22 GMT+0200 (Central European Summer Time)","2022","9","8","16","29","22","rex13","48","24","male","right","63","75","72","8","4","Working, Studying","Unsymbolized thinking","{""Q0"":""24""}","","",""
"5104","","","survey-multi-choice","4","132667","0.0-4.0","fx0z6y","Thu Sep 08 2022 16:29:22 GMT+0200 (Central European Summer Time)","2022","9","8","16","29","22","rex13","48","24","male","right","63","75","72","8","4","Working, Studying","Unsymbolized thinking","{""Gender"":""male"",""Hand"":""right""}","[0,1]","",""
"18816","<p>How Sad/Angry or Happy are you right now?</p>","","html-slider-response","5","151485","0.0-5.0","fx0z6y","Thu Sep 08 2022 16:29:22 GMT+0200 (Central European Summer Time)","2022","9","8","16","29","22","rex13","48","24","male","right","63","75","72","8","4","Working, Studying","Unsymbolized thinking","","","50","63"
"7409","<p>How Tired/Sleepy/Distracted or Fresh/Awake/Alert are you right now?</p>","","html-slider-response","6","158895","0.0-6.0","fx0z6y","Thu Sep 08 2022 16:29:22 GMT+0200 (Central European Summer Time)","2022","9","8","16","29","22","rex13","48","24","male","right","63","75","72","8","4","Working, Studying","Unsymbolized thinking","","","50","75"
"3945","<p>How Hungry or Satiated are you right now?</p>","","html-slider-response","7","162841","0.0-7.0","fx0z6y","Thu Sep 08 2022 16:29:22 GMT+0200 (Central European Summer Time)","2022","9","8","16","29","22","rex13","48","24","male","right","63","75","72","8","4","Working, Studying","Unsymbolized thinking","","","50","72"
"85292","","","survey-multi-choice","8","248135","0.0-8.0","fx0z6y","Thu Sep 08 2022 16:29:22 GMT+0200 (Central European Summer Time)","2022","9","8","16","29","22","rex13","48","24","male","right","63","75","72","8","4","Working, Studying","Unsymbolized thinking","{""Sleep"":""8"",""Eat"":""4""}","[0,1]","",""
"15473","","","survey-multi-choice","9","263609","0.0-9.0","fx0z6y","Thu Sep 08 2022 16:29:22 GMT+0200 (Central European Summer Time)","2022","9","8","16","29","22","rex13","48","24","male","right","63","75","72","8","4","Working, Studying","Unsymbolized thinking","{""Activity"":""Working, Studying""}","[0]","",""
"9249","","","survey-multi-choice","10","272863","0.0-10.0","fx0z6y","Thu Sep 08 2022 16:29:22 GMT+0200 (Central European Summer Time)","2022","9","8","16","29","22","rex13","48","24","male","right","63","75","72","8","4","Working, Studying","Unsymbolized thinking","{""MentalActivity"":""Unsymbolized thinking""}","[0]","",""
