"rt","stimulus","key_press","trial_type","trial_index","time_elapsed","internal_node_id","exp_id","Time","year","month","date","hour","minute","seconds","id","Activity","MentalActivity","HeartRate","age","Gender","Handedness","mood","fresh","hunger","H_since_Sleep","H_since_Eat","responses","question_order","slider_start","response"
"null","<p>Welcome to this 1 min. survey on daily rhythms, body and mood.</p><p>You will be asked to report your heart-rate</p><p>and given some questions about yourself.</p><p>Take the test when prompted and/or at different times of the day/night.</p><p>Please make a personal ID (three letters+ two numbers, e.g. ept23).</p><p>Write it down and use this ID whenever taking the test.</p>","null","html-keyboard-response","0","10017","0.0-0.0","fwbesg","Tue Oct 04 2022 16:38:58 GMT+0200 (Central European Summer Time)","2022","10","4","16","38","58","POP33","Cooking","Sensory awareness","66","25","female","right","64","29","22","9","4","","","",""
"8456.100000023842","","","survey-text","1","18492","0.0-1.0","fwbesg","Tue Oct 04 2022 16:38:58 GMT+0200 (Central European Summer Time)","2022","10","4","16","38","58","POP33","Cooking","Sensory awareness","66","25","female","right","64","29","22","9","4","{""Q0"":""POP33""}","","",""
"23262.899999976158","","","survey-multi-choice","2","41770","0.0-2.0","fwbesg","Tue Oct 04 2022 16:38:58 GMT+0200 (Central European Summer Time)","2022","10","4","16","38","58","POP33","Cooking","Sensory awareness","66","25","female","right","64","29","22","9","4","{""Activity"":""Cooking""}","[0]","",""
"8261.699999988079","","","survey-multi-choice","3","50039","0.0-3.0","fwbesg","Tue Oct 04 2022 16:38:58 GMT+0200 (Central European Summer Time)","2022","10","4","16","38","58","POP33","Cooking","Sensory awareness","66","25","female","right","64","29","22","9","4","{""MentalActivity"":""Sensory awareness""}","[0]","",""
"3617.2999999821186","","","survey-multi-choice","4","53675","0.0-4.0","fwbesg","Tue Oct 04 2022 16:38:58 GMT+0200 (Central European Summer Time)","2022","10","4","16","38","58","POP33","Cooking","Sensory awareness","66","25","female","right","64","29","22","9","4","{""HeartRate"":""66""}","[0]","",""
"2810.7999999821186","","","survey-text","5","56497","0.0-5.0","fwbesg","Tue Oct 04 2022 16:38:58 GMT+0200 (Central European Summer Time)","2022","10","4","16","38","58","POP33","Cooking","Sensory awareness","66","25","female","right","64","29","22","9","4","{""Q0"":""25""}","","",""
"3858.300000011921","","","survey-multi-choice","6","60364","0.0-6.0","fwbesg","Tue Oct 04 2022 16:38:58 GMT+0200 (Central European Summer Time)","2022","10","4","16","38","58","POP33","Cooking","Sensory awareness","66","25","female","right","64","29","22","9","4","{""Gender"":""female"",""Hand"":""right""}","[0,1]","",""
"7404","<p>How Sad/Angry or Happy are you right now?</p>","","html-slider-response","7","67776","0.0-7.0","fwbesg","Tue Oct 04 2022 16:38:58 GMT+0200 (Central European Summer Time)","2022","10","4","16","38","58","POP33","Cooking","Sensory awareness","66","25","female","right","64","29","22","9","4","","","50","64"
"5124.299999982119","<p>How Tired/Sleepy/Distracted or Fresh/Awake/Alert are you right now?</p>","","html-slider-response","8","72906","0.0-8.0","fwbesg","Tue Oct 04 2022 16:38:58 GMT+0200 (Central European Summer Time)","2022","10","4","16","38","58","POP33","Cooking","Sensory awareness","66","25","female","right","64","29","22","9","4","","","50","29"
"4174.699999988079","<p>How Hungry or Satiated are you right now?</p>","","html-slider-response","9","77087","0.0-9.0","fwbesg","Tue Oct 04 2022 16:38:58 GMT+0200 (Central European Summer Time)","2022","10","4","16","38","58","POP33","Cooking","Sensory awareness","66","25","female","right","64","29","22","9","4","","","50","22"
"36163.19999998808","","","survey-multi-choice","10","113264","0.0-10.0","fwbesg","Tue Oct 04 2022 16:38:58 GMT+0200 (Central European Summer Time)","2022","10","4","16","38","58","POP33","Cooking","Sensory awareness","66","25","female","right","64","29","22","9","4","{""Sleep"":""9"",""Eat"":""4""}","[0,1]","",""
