"rt","stimulus","key_press","trial_type","trial_index","time_elapsed","internal_node_id","exp_id","Time","year","month","date","hour","minute","seconds","id","Activity","MentalActivity","HeartRate","age","Gender","Handedness","mood","fresh","hunger","H_since_Sleep","H_since_Eat","responses","question_order","slider_start","response"
"null","<p>Welcome to this 1 min. survey on daily rhythms, body and mood.</p><p>You will be asked to report your heart-rate</p><p>and given some questions about yourself.</p><p>Take the test when prompted and/or at different times of the day/night.</p><p>Please make a personal ID (three letters+ two numbers, e.g. ept23).</p><p>Write it down and use this ID whenever taking the test.</p>","null","html-keyboard-response","0","10005","0.0-0.0","wchp94","Sat Sep 10 2022 13:49:43 GMT+0200 (Central European Summer Time)","2022","9","10","13","49","43","woo55","Listening to music","Unsymbolized thinking","84","23","female","right","50","35","100","4","0","","","",""
"3249.5999999940395","","","survey-text","1","13265","0.0-1.0","wchp94","Sat Sep 10 2022 13:49:43 GMT+0200 (Central European Summer Time)","2022","9","10","13","49","43","woo55","Listening to music","Unsymbolized thinking","84","23","female","right","50","35","100","4","0","{""Q0"":""woo55""}","","",""
"13409.79999999702","","","survey-multi-choice","2","26677","0.0-2.0","wchp94","Sat Sep 10 2022 13:49:43 GMT+0200 (Central European Summer Time)","2022","9","10","13","49","43","woo55","Listening to music","Unsymbolized thinking","84","23","female","right","50","35","100","4","0","{""Activity"":""Listening to music""}","[0]","",""
"10829.10000000149","","","survey-multi-choice","3","37508","0.0-3.0","wchp94","Sat Sep 10 2022 13:49:43 GMT+0200 (Central European Summer Time)","2022","9","10","13","49","43","woo55","Listening to music","Unsymbolized thinking","84","23","female","right","50","35","100","4","0","{""MentalActivity"":""Unsymbolized thinking""}","[0]","",""
"16333","","","survey-multi-choice","4","53846","0.0-4.0","wchp94","Sat Sep 10 2022 13:49:43 GMT+0200 (Central European Summer Time)","2022","9","10","13","49","43","woo55","Listening to music","Unsymbolized thinking","84","23","female","right","50","35","100","4","0","{""HeartRate"":""84""}","[0]","",""
"3627.7000000029802","","","survey-text","5","57476","0.0-5.0","wchp94","Sat Sep 10 2022 13:49:43 GMT+0200 (Central European Summer Time)","2022","9","10","13","49","43","woo55","Listening to music","Unsymbolized thinking","84","23","female","right","50","35","100","4","0","{""Q0"":""23""}","","",""
"4297.5","","","survey-multi-choice","6","61776","0.0-6.0","wchp94","Sat Sep 10 2022 13:49:43 GMT+0200 (Central European Summer Time)","2022","9","10","13","49","43","woo55","Listening to music","Unsymbolized thinking","84","23","female","right","50","35","100","4","0","{""Gender"":""female"",""Hand"":""right""}","[0,1]","",""
"6513.5","<p>How Sad/Angry or Happy are you right now?</p>","","html-slider-response","7","68293","0.0-7.0","wchp94","Sat Sep 10 2022 13:49:43 GMT+0200 (Central European Summer Time)","2022","9","10","13","49","43","woo55","Listening to music","Unsymbolized thinking","84","23","female","right","50","35","100","4","0","","","50","50"
"4347.19999999553","<p>How Tired/Sleepy/Distracted or Fresh/Awake/Alert are you right now?</p>","","html-slider-response","8","72642","0.0-8.0","wchp94","Sat Sep 10 2022 13:49:43 GMT+0200 (Central European Summer Time)","2022","9","10","13","49","43","woo55","Listening to music","Unsymbolized thinking","84","23","female","right","50","35","100","4","0","","","50","35"
"3530.60000000149","<p>How Hungry or Satiated are you right now?</p>","","html-slider-response","9","76175","0.0-9.0","wchp94","Sat Sep 10 2022 13:49:43 GMT+0200 (Central European Summer Time)","2022","9","10","13","49","43","woo55","Listening to music","Unsymbolized thinking","84","23","female","right","50","35","100","4","0","","","50","100"
"13231.5","","","survey-multi-choice","10","89410","0.0-10.0","wchp94","Sat Sep 10 2022 13:49:43 GMT+0200 (Central European Summer Time)","2022","9","10","13","49","43","woo55","Listening to music","Unsymbolized thinking","84","23","female","right","50","35","100","4","0","{""Sleep"":""4"",""Eat"":""0""}","[0,1]","",""
