"rt","stimulus","key_press","trial_type","trial_index","time_elapsed","internal_node_id","exp_id","Time","year","month","date","hour","minute","seconds","id","Activity","MentalActivity","HeartRate","age","Gender","Handedness","mood","fresh","hunger","H_since_Sleep","H_since_Eat","responses","question_order","slider_start","response"
"null","<p>Welcome to this 1 min. survey on daily rhythms, body and mood.</p><p>You will be asked to report your heart-rate</p><p>and given some questions about yourself.</p><p>Take the test when prompted and/or at different times of the day/night.</p><p>Please make a personal ID (three letters+ two numbers, e.g. ept23).</p><p>Write it down and use this ID whenever taking the test.</p>","null","html-keyboard-response","0","10007","0.0-0.0","m45kcx","Tue Nov 15 2022 12:53:43 GMT+0100 (Central European Standard Time)","2022","11","15","12","53","43","pol12","Working, Studying","Unsymbolized thinking","65","25","female","right","70","82","85","5","1","","","",""
"13487.09999999404","","","survey-text","1","23502","0.0-1.0","m45kcx","Tue Nov 15 2022 12:53:43 GMT+0100 (Central European Standard Time)","2022","11","15","12","53","43","pol12","Working, Studying","Unsymbolized thinking","65","25","female","right","70","82","85","5","1","{""Q0"":""pol12""}","","",""
"5758.100000023842","","","survey-multi-choice","2","29261","0.0-2.0","m45kcx","Tue Nov 15 2022 12:53:43 GMT+0100 (Central European Standard Time)","2022","11","15","12","53","43","pol12","Working, Studying","Unsymbolized thinking","65","25","female","right","70","82","85","5","1","{""Activity"":""Working, Studying""}","[0]","",""
"4266","","","survey-multi-choice","3","33530","0.0-3.0","m45kcx","Tue Nov 15 2022 12:53:43 GMT+0100 (Central European Standard Time)","2022","11","15","12","53","43","pol12","Working, Studying","Unsymbolized thinking","65","25","female","right","70","82","85","5","1","{""MentalActivity"":""Unsymbolized thinking""}","[0]","",""
"8878.799999982119","","","survey-multi-choice","4","42416","0.0-4.0","m45kcx","Tue Nov 15 2022 12:53:43 GMT+0100 (Central European Standard Time)","2022","11","15","12","53","43","pol12","Working, Studying","Unsymbolized thinking","65","25","female","right","70","82","85","5","1","{""HeartRate"":""65""}","[0]","",""
"1973.800000011921","","","survey-text","5","44396","0.0-5.0","m45kcx","Tue Nov 15 2022 12:53:43 GMT+0100 (Central European Standard Time)","2022","11","15","12","53","43","pol12","Working, Studying","Unsymbolized thinking","65","25","female","right","70","82","85","5","1","{""Q0"":""25""}","","",""
"3513.2999999821186","","","survey-multi-choice","6","47911","0.0-6.0","m45kcx","Tue Nov 15 2022 12:53:43 GMT+0100 (Central European Standard Time)","2022","11","15","12","53","43","pol12","Working, Studying","Unsymbolized thinking","65","25","female","right","70","82","85","5","1","{""Gender"":""female"",""Hand"":""right""}","[0,1]","",""
"3413.5999999940395","<p>How Sad/Angry or Happy are you right now?</p>","","html-slider-response","7","51330","0.0-7.0","m45kcx","Tue Nov 15 2022 12:53:43 GMT+0100 (Central European Standard Time)","2022","11","15","12","53","43","pol12","Working, Studying","Unsymbolized thinking","65","25","female","right","70","82","85","5","1","","","50","70"
"1913.7000000178814","<p>How Tired/Sleepy/Distracted or Fresh/Awake/Alert are you right now?</p>","","html-slider-response","8","53246","0.0-8.0","m45kcx","Tue Nov 15 2022 12:53:43 GMT+0100 (Central European Standard Time)","2022","11","15","12","53","43","pol12","Working, Studying","Unsymbolized thinking","65","25","female","right","70","82","85","5","1","","","50","82"
"1696.9000000059605","<p>How Hungry or Satiated are you right now?</p>","","html-slider-response","9","54945","0.0-9.0","m45kcx","Tue Nov 15 2022 12:53:43 GMT+0100 (Central European Standard Time)","2022","11","15","12","53","43","pol12","Working, Studying","Unsymbolized thinking","65","25","female","right","70","82","85","5","1","","","50","85"
"129408.39999997616","","","survey-multi-choice","10","184350","0.0-10.0","m45kcx","Tue Nov 15 2022 12:53:43 GMT+0100 (Central European Standard Time)","2022","11","15","12","53","43","pol12","Working, Studying","Unsymbolized thinking","65","25","female","right","70","82","85","5","1","{""Sleep"":""5"",""Eat"":""1""}","[0,1]","",""
