"rt","stimulus","key_press","trial_type","trial_index","time_elapsed","internal_node_id","exp_id","Time","year","month","date","hour","minute","seconds","id","Activity","MentalActivity","HeartRate","age","Gender","Handedness","mood","fresh","hunger","H_since_Sleep","H_since_Eat","responses","question_order","slider_start","response"
"null","<p>Welcome to this 1 min. survey on daily rhythms, body and mood.</p><p>You will be asked to report your heart-rate</p><p>and given some questions about yourself.</p><p>Take the test when prompted and/or at different times of the day/night.</p><p>Please make a personal ID (three letters+ two numbers, e.g. ept23).</p><p>Write it down and use this ID whenever taking the test.</p>","null","html-keyboard-response","0","10009","0.0-0.0","vd52rs","Fri Sep 09 2022 20:50:55 GMT+0200 (CEST)","2022","9","9","20","50","55","luc21","Eating","Sensory awareness","78","23","male","right","98","37","74","8","0","","","",""
"5396.000000000002","","","survey-text","1","15427","0.0-1.0","vd52rs","Fri Sep 09 2022 20:50:55 GMT+0200 (CEST)","2022","9","9","20","50","55","luc21","Eating","Sensory awareness","78","23","male","right","98","37","74","8","0","{""Q0"":""luc21""}","","",""
"6395.999999999998","","","survey-multi-choice","2","21827","0.0-2.0","vd52rs","Fri Sep 09 2022 20:50:55 GMT+0200 (CEST)","2022","9","9","20","50","55","luc21","Eating","Sensory awareness","78","23","male","right","98","37","74","8","0","{""Activity"":""Eating""}","[0]","",""
"22473","","","survey-multi-choice","3","44303","0.0-3.0","vd52rs","Fri Sep 09 2022 20:50:55 GMT+0200 (CEST)","2022","9","9","20","50","55","luc21","Eating","Sensory awareness","78","23","male","right","98","37","74","8","0","{""MentalActivity"":""Sensory awareness""}","[0]","",""
"49364","","","survey-multi-choice","4","93674","0.0-4.0","vd52rs","Fri Sep 09 2022 20:50:55 GMT+0200 (CEST)","2022","9","9","20","50","55","luc21","Eating","Sensory awareness","78","23","male","right","98","37","74","8","0","{""HeartRate"":""78""}","[0]","",""
"3515","","","survey-text","5","97199","0.0-5.0","vd52rs","Fri Sep 09 2022 20:50:55 GMT+0200 (CEST)","2022","9","9","20","50","55","luc21","Eating","Sensory awareness","78","23","male","right","98","37","74","8","0","{""Q0"":""23""}","","",""
"8962.999999999985","","","survey-multi-choice","6","106165","0.0-6.0","vd52rs","Fri Sep 09 2022 20:50:55 GMT+0200 (CEST)","2022","9","9","20","50","55","luc21","Eating","Sensory awareness","78","23","male","right","98","37","74","8","0","{""Gender"":""male"",""Hand"":""right""}","[0,1]","",""
"6496","<p>How Sad/Angry or Happy are you right now?</p>","","html-slider-response","7","112666","0.0-7.0","vd52rs","Fri Sep 09 2022 20:50:55 GMT+0200 (CEST)","2022","9","9","20","50","55","luc21","Eating","Sensory awareness","78","23","male","right","98","37","74","8","0","","","50","98"
"3978","<p>How Tired/Sleepy/Distracted or Fresh/Awake/Alert are you right now?</p>","","html-slider-response","8","116647","0.0-8.0","vd52rs","Fri Sep 09 2022 20:50:55 GMT+0200 (CEST)","2022","9","9","20","50","55","luc21","Eating","Sensory awareness","78","23","male","right","98","37","74","8","0","","","50","37"
"3915","<p>How Hungry or Satiated are you right now?</p>","","html-slider-response","9","120564","0.0-9.0","vd52rs","Fri Sep 09 2022 20:50:55 GMT+0200 (CEST)","2022","9","9","20","50","55","luc21","Eating","Sensory awareness","78","23","male","right","98","37","74","8","0","","","50","74"
"24874.999999999985","","","survey-multi-choice","10","145444","0.0-10.0","vd52rs","Fri Sep 09 2022 20:50:55 GMT+0200 (CEST)","2022","9","9","20","50","55","luc21","Eating","Sensory awareness","78","23","male","right","98","37","74","8","0","{""Sleep"":""8"",""Eat"":""0""}","[0,1]","",""
