"rt","stimulus","key_press","trial_type","trial_index","time_elapsed","internal_node_id","exp_id","Time","year","month","date","hour","minute","seconds","id","Activity","MentalActivity","HeartRate","age","Gender","Handedness","mood","fresh","hunger","H_since_Sleep","H_since_Eat","responses","question_order","slider_start","response"
"null","<p>Welcome to this 1 min. survey on daily rhythms, body and mood.</p><p>You will be asked to report your heart-rate</p><p>and given some questions about yourself.</p><p>Take the test when prompted and/or at different times of the day/night.</p><p>Please make a personal ID (three letters+ two numbers, e.g. ept23).</p><p>Write it down and use this ID whenever taking the test.</p>","null","html-keyboard-response","0","10003","0.0-0.0","w10xuk","Sun Nov 06 2022 15:25:43 GMT+0100 (Centraleuropæisk normaltid)","2022","11","6","15","25","43","qwe12","Chatting","Inner voice","71","49","male","right","68","91","22","8","4","","","",""
"23908","","","survey-text","1","33925","0.0-1.0","w10xuk","Sun Nov 06 2022 15:25:43 GMT+0100 (Centraleuropæisk normaltid)","2022","11","6","15","25","43","qwe12","Chatting","Inner voice","71","49","male","right","68","91","22","8","4","{""Q0"":""qwe12""}","","",""
"18629","","","survey-multi-choice","2","52561","0.0-2.0","w10xuk","Sun Nov 06 2022 15:25:43 GMT+0100 (Centraleuropæisk normaltid)","2022","11","6","15","25","43","qwe12","Chatting","Inner voice","71","49","male","right","68","91","22","8","4","{""Activity"":""Chatting""}","[0]","",""
"5052","","","survey-multi-choice","3","57615","0.0-3.0","w10xuk","Sun Nov 06 2022 15:25:43 GMT+0100 (Centraleuropæisk normaltid)","2022","11","6","15","25","43","qwe12","Chatting","Inner voice","71","49","male","right","68","91","22","8","4","{""MentalActivity"":""Inner voice""}","[0]","",""
"13545.000000000015","","","survey-multi-choice","4","71164","0.0-4.0","w10xuk","Sun Nov 06 2022 15:25:43 GMT+0100 (Centraleuropæisk normaltid)","2022","11","6","15","25","43","qwe12","Chatting","Inner voice","71","49","male","right","68","91","22","8","4","{""HeartRate"":""71""}","[0]","",""
"3810.9999999999854","","","survey-text","5","74986","0.0-5.0","w10xuk","Sun Nov 06 2022 15:25:43 GMT+0100 (Centraleuropæisk normaltid)","2022","11","6","15","25","43","qwe12","Chatting","Inner voice","71","49","male","right","68","91","22","8","4","{""Q0"":""49""}","","",""
"4380","","","survey-multi-choice","6","79369","0.0-6.0","w10xuk","Sun Nov 06 2022 15:25:43 GMT+0100 (Centraleuropæisk normaltid)","2022","11","6","15","25","43","qwe12","Chatting","Inner voice","71","49","male","right","68","91","22","8","4","{""Gender"":""male"",""Hand"":""right""}","[0,1]","",""
"5060","<p>How Sad/Angry or Happy are you right now?</p>","","html-slider-response","7","84436","0.0-7.0","w10xuk","Sun Nov 06 2022 15:25:43 GMT+0100 (Centraleuropæisk normaltid)","2022","11","6","15","25","43","qwe12","Chatting","Inner voice","71","49","male","right","68","91","22","8","4","","","50","68"
"36235","<p>How Tired/Sleepy/Distracted or Fresh/Awake/Alert are you right now?</p>","","html-slider-response","8","120673","0.0-8.0","w10xuk","Sun Nov 06 2022 15:25:43 GMT+0100 (Centraleuropæisk normaltid)","2022","11","6","15","25","43","qwe12","Chatting","Inner voice","71","49","male","right","68","91","22","8","4","","","50","91"
"9654.000000000015","<p>How Hungry or Satiated are you right now?</p>","","html-slider-response","9","130330","0.0-9.0","w10xuk","Sun Nov 06 2022 15:25:43 GMT+0100 (Centraleuropæisk normaltid)","2022","11","6","15","25","43","qwe12","Chatting","Inner voice","71","49","male","right","68","91","22","8","4","","","50","22"
"22123","","","survey-multi-choice","10","152458","0.0-10.0","w10xuk","Sun Nov 06 2022 15:25:43 GMT+0100 (Centraleuropæisk normaltid)","2022","11","6","15","25","43","qwe12","Chatting","Inner voice","71","49","male","right","68","91","22","8","4","{""Sleep"":""8"",""Eat"":""4""}","[0,1]","",""
