"rt","stimulus","key_press","trial_type","trial_index","time_elapsed","internal_node_id","exp_id","Time","year","month","date","hour","minute","seconds","id","HeartRate","age","Gender","Handedness","mood","fresh","hunger","H_since_Sleep","H_since_Eat","Activity","MentalActivity","responses","question_order","slider_start","response"
"null","<p>Welcome to this 1 min. survey on daily rhythms, body and mood.</p><p>You will be asked to report your heart-rate</p><p>and given some questions about yourself.</p><p>Take the test when prompted and/or at different times of the day/night.</p><p>Please make a personal ID (three letters+ two numbers, e.g. ept23).</p><p>Write it down and use this ID whenever taking the test.</p>","null","html-keyboard-response","0","10015","0.0-0.0","pksdry","Thu Sep 08 2022 18:10:21 GMT+0200 (CEST)","2022","9","8","18","10","21","kau00","90","23","female","right","67","12","8","10","3","Leisure","Inner voice","","","",""
"8272","","","survey-text","1","18315","0.0-1.0","pksdry","Thu Sep 08 2022 18:10:21 GMT+0200 (CEST)","2022","9","8","18","10","21","kau00","90","23","female","right","67","12","8","10","3","Leisure","Inner voice","{""Q0"":""kau00""}","","",""
"83746","","","survey-multi-choice","2","183135","0.0-2.0","pksdry","Thu Sep 08 2022 18:10:21 GMT+0200 (CEST)","2022","9","8","18","10","21","kau00","90","23","female","right","67","12","8","10","3","Leisure","Inner voice","{""HeartRate"":""90""}","[0]","",""
"2358","","","survey-text","3","185505","0.0-3.0","pksdry","Thu Sep 08 2022 18:10:21 GMT+0200 (CEST)","2022","9","8","18","10","21","kau00","90","23","female","right","67","12","8","10","3","Leisure","Inner voice","{""Q0"":""23""}","","",""
"2865","","","survey-multi-choice","4","188372","0.0-4.0","pksdry","Thu Sep 08 2022 18:10:21 GMT+0200 (CEST)","2022","9","8","18","10","21","kau00","90","23","female","right","67","12","8","10","3","Leisure","Inner voice","{""Gender"":""female"",""Hand"":""right""}","[0,1]","",""
"4679.000000000015","<p>How Sad/Angry or Happy are you right now?</p>","","html-slider-response","5","193057","0.0-5.0","pksdry","Thu Sep 08 2022 18:10:21 GMT+0200 (CEST)","2022","9","8","18","10","21","kau00","90","23","female","right","67","12","8","10","3","Leisure","Inner voice","","","50","67"
"2003.9999999999854","<p>How Tired/Sleepy/Distracted or Fresh/Awake/Alert are you right now?</p>","","html-slider-response","6","195064","0.0-6.0","pksdry","Thu Sep 08 2022 18:10:21 GMT+0200 (CEST)","2022","9","8","18","10","21","kau00","90","23","female","right","67","12","8","10","3","Leisure","Inner voice","","","50","12"
"8570","<p>How Hungry or Satiated are you right now?</p>","","html-slider-response","7","203636","0.0-7.0","pksdry","Thu Sep 08 2022 18:10:21 GMT+0200 (CEST)","2022","9","8","18","10","21","kau00","90","23","female","right","67","12","8","10","3","Leisure","Inner voice","","","50","8"
"22706","","","survey-multi-choice","8","226348","0.0-8.0","pksdry","Thu Sep 08 2022 18:10:21 GMT+0200 (CEST)","2022","9","8","18","10","21","kau00","90","23","female","right","67","12","8","10","3","Leisure","Inner voice","{""Sleep"":""10"",""Eat"":""3""}","[0,1]","",""
"29521","","","survey-multi-choice","9","449452","0.0-9.0","pksdry","Thu Sep 08 2022 18:10:21 GMT+0200 (CEST)","2022","9","8","18","10","21","kau00","90","23","female","right","67","12","8","10","3","Leisure","Inner voice","{""Activity"":""Leisure""}","[0]","",""
"6224.999999999971","","","survey-multi-choice","10","455693","0.0-10.0","pksdry","Thu Sep 08 2022 18:10:21 GMT+0200 (CEST)","2022","9","8","18","10","21","kau00","90","23","female","right","67","12","8","10","3","Leisure","Inner voice","{""MentalActivity"":""Inner voice""}","[0]","",""
