"rt","stimulus","key_press","trial_type","trial_index","time_elapsed","internal_node_id","exp_id","Time","year","month","date","hour","minute","seconds","id","Activity","MentalActivity","HeartRate","age","Gender","Handedness","mood","fresh","hunger","H_since_Sleep","H_since_Eat","responses","question_order","slider_start","response"
"null","<p>Welcome to this 1 min. survey on daily rhythms, body and mood.</p><p>You will be asked to report your heart-rate</p><p>and given some questions about yourself.</p><p>Take the test when prompted and/or at different times of the day/night.</p><p>Please make a personal ID (three letters+ two numbers, e.g. ept23).</p><p>Write it down and use this ID whenever taking the test.</p>","null","html-keyboard-response","0","10016","0.0-0.0","xf9vzt","Mon Sep 19 2022 21:16:05 GMT+0200 (Centraleuropæisk sommertid)","2022","9","19","21","16","5","Cic22","Being on the Internet","Inner voice","64","22","female","right","83","24","100","14","1","","","",""
"8789.59999999404","","","survey-text","1","18836","0.0-1.0","xf9vzt","Mon Sep 19 2022 21:16:05 GMT+0200 (Centraleuropæisk sommertid)","2022","9","19","21","16","5","Cic22","Being on the Internet","Inner voice","64","22","female","right","83","24","100","14","1","{""Q0"":""Cic22""}","","",""
"33451.39999997616","","","survey-multi-choice","2","52304","0.0-2.0","xf9vzt","Mon Sep 19 2022 21:16:05 GMT+0200 (Centraleuropæisk sommertid)","2022","9","19","21","16","5","Cic22","Being on the Internet","Inner voice","64","22","female","right","83","24","100","14","1","{""Activity"":""Being on the Internet""}","[0]","",""
"3019.9000000059605","","","survey-multi-choice","3","55333","0.0-3.0","xf9vzt","Mon Sep 19 2022 21:16:05 GMT+0200 (Centraleuropæisk sommertid)","2022","9","19","21","16","5","Cic22","Being on the Internet","Inner voice","64","22","female","right","83","24","100","14","1","{""MentalActivity"":""Inner voice""}","[0]","",""
"5254.5999999940395","","","survey-multi-choice","4","60614","0.0-4.0","xf9vzt","Mon Sep 19 2022 21:16:05 GMT+0200 (Centraleuropæisk sommertid)","2022","9","19","21","16","5","Cic22","Being on the Internet","Inner voice","64","22","female","right","83","24","100","14","1","{""HeartRate"":""64""}","[0]","",""
"2966.9000000059605","","","survey-text","5","63594","0.0-5.0","xf9vzt","Mon Sep 19 2022 21:16:05 GMT+0200 (Centraleuropæisk sommertid)","2022","9","19","21","16","5","Cic22","Being on the Internet","Inner voice","64","22","female","right","83","24","100","14","1","{""Q0"":""22""}","","",""
"2420.199999988079","","","survey-multi-choice","6","66025","0.0-6.0","xf9vzt","Mon Sep 19 2022 21:16:05 GMT+0200 (Centraleuropæisk sommertid)","2022","9","19","21","16","5","Cic22","Being on the Internet","Inner voice","64","22","female","right","83","24","100","14","1","{""Gender"":""female"",""Hand"":""right""}","[0,1]","",""
"6123","<p>How Sad/Angry or Happy are you right now?</p>","","html-slider-response","7","72159","0.0-7.0","xf9vzt","Mon Sep 19 2022 21:16:05 GMT+0200 (Centraleuropæisk sommertid)","2022","9","19","21","16","5","Cic22","Being on the Internet","Inner voice","64","22","female","right","83","24","100","14","1","","","50","83"
"5180.5","<p>How Tired/Sleepy/Distracted or Fresh/Awake/Alert are you right now?</p>","","html-slider-response","8","77347","0.0-8.0","xf9vzt","Mon Sep 19 2022 21:16:05 GMT+0200 (Centraleuropæisk sommertid)","2022","9","19","21","16","5","Cic22","Being on the Internet","Inner voice","64","22","female","right","83","24","100","14","1","","","50","24"
"3711.300000011921","<p>How Hungry or Satiated are you right now?</p>","","html-slider-response","9","81065","0.0-9.0","xf9vzt","Mon Sep 19 2022 21:16:05 GMT+0200 (Centraleuropæisk sommertid)","2022","9","19","21","16","5","Cic22","Being on the Internet","Inner voice","64","22","female","right","83","24","100","14","1","","","50","100"
"26622.30000001192","","","survey-multi-choice","10","107714","0.0-10.0","xf9vzt","Mon Sep 19 2022 21:16:05 GMT+0200 (Centraleuropæisk sommertid)","2022","9","19","21","16","5","Cic22","Being on the Internet","Inner voice","64","22","female","right","83","24","100","14","1","{""Sleep"":""14"",""Eat"":""1""}","[0,1]","",""
