"rt","stimulus","key_press","trial_type","trial_index","time_elapsed","internal_node_id","exp_id","Time","year","month","date","hour","minute","seconds","id","Activity","MentalActivity","HeartRate","age","Gender","Handedness","mood","fresh","hunger","H_since_Sleep","H_since_Eat","responses","question_order","slider_start","response"
"null","<p>Welcome to this 1 min. survey on daily rhythms, body and mood.</p><p>You will be asked to report your heart-rate</p><p>and given some questions about yourself.</p><p>Take the test when prompted and/or at different times of the day/night.</p><p>Please make a personal ID (three letters+ two numbers, e.g. ept23).</p><p>Write it down and use this ID whenever taking the test.</p>","null","html-keyboard-response","0","10008","0.0-0.0","pt9hej","Fri Sep 23 2022 21:11:34 GMT+0200 (CEST)","2022","9","23","21","11","34","pid10","Drinking","Feelings","81","23","female","right","17","38","77","14","2","","","",""
"6642","","","survey-text","1","16678","0.0-1.0","pt9hej","Fri Sep 23 2022 21:11:34 GMT+0200 (CEST)","2022","9","23","21","11","34","pid10","Drinking","Feelings","81","23","female","right","17","38","77","14","2","{""Q0"":""pid10""}","","",""
"7037","","","survey-multi-choice","2","23719","0.0-2.0","pt9hej","Fri Sep 23 2022 21:11:34 GMT+0200 (CEST)","2022","9","23","21","11","34","pid10","Drinking","Feelings","81","23","female","right","17","38","77","14","2","{""Activity"":""Drinking""}","[0]","",""
"4189","","","survey-multi-choice","3","27911","0.0-3.0","pt9hej","Fri Sep 23 2022 21:11:34 GMT+0200 (CEST)","2022","9","23","21","11","34","pid10","Drinking","Feelings","81","23","female","right","17","38","77","14","2","{""MentalActivity"":""Feelings""}","[0]","",""
"4162.000000000004","","","survey-multi-choice","4","32080","0.0-4.0","pt9hej","Fri Sep 23 2022 21:11:34 GMT+0200 (CEST)","2022","9","23","21","11","34","pid10","Drinking","Feelings","81","23","female","right","17","38","77","14","2","{""HeartRate"":""81""}","[0]","",""
"2547","","","survey-text","5","34635","0.0-5.0","pt9hej","Fri Sep 23 2022 21:11:34 GMT+0200 (CEST)","2022","9","23","21","11","34","pid10","Drinking","Feelings","81","23","female","right","17","38","77","14","2","{""Q0"":""23""}","","",""
"3234","","","survey-multi-choice","6","37872","0.0-6.0","pt9hej","Fri Sep 23 2022 21:11:34 GMT+0200 (CEST)","2022","9","23","21","11","34","pid10","Drinking","Feelings","81","23","female","right","17","38","77","14","2","{""Gender"":""female"",""Hand"":""right""}","[0,1]","",""
"2756","<p>How Sad/Angry or Happy are you right now?</p>","","html-slider-response","7","40632","0.0-7.0","pt9hej","Fri Sep 23 2022 21:11:34 GMT+0200 (CEST)","2022","9","23","21","11","34","pid10","Drinking","Feelings","81","23","female","right","17","38","77","14","2","","","50","17"
"4797","<p>How Tired/Sleepy/Distracted or Fresh/Awake/Alert are you right now?</p>","","html-slider-response","8","45432","0.0-8.0","pt9hej","Fri Sep 23 2022 21:11:34 GMT+0200 (CEST)","2022","9","23","21","11","34","pid10","Drinking","Feelings","81","23","female","right","17","38","77","14","2","","","50","38"
"3753","<p>How Hungry or Satiated are you right now?</p>","","html-slider-response","9","49188","0.0-9.0","pt9hej","Fri Sep 23 2022 21:11:34 GMT+0200 (CEST)","2022","9","23","21","11","34","pid10","Drinking","Feelings","81","23","female","right","17","38","77","14","2","","","50","77"
"9389","","","survey-multi-choice","10","58583","0.0-10.0","pt9hej","Fri Sep 23 2022 21:11:34 GMT+0200 (CEST)","2022","9","23","21","11","34","pid10","Drinking","Feelings","81","23","female","right","17","38","77","14","2","{""Sleep"":""14"",""Eat"":""2""}","[0,1]","",""
