"rt","stimulus","key_press","trial_type","trial_index","time_elapsed","internal_node_id","exp_id","Time","year","month","date","hour","minute","seconds","id","Activity","MentalActivity","HeartRate","age","Gender","Handedness","mood","fresh","hunger","H_since_Sleep","H_since_Eat","responses","question_order","slider_start","response"
"null","<p>Welcome to this 1 min. survey on daily rhythms, body and mood.</p><p>You will be asked to report your heart-rate</p><p>and given some questions about yourself.</p><p>Take the test when prompted and/or at different times of the day/night.</p><p>Please make a personal ID (three letters+ two numbers, e.g. ept23).</p><p>Write it down and use this ID whenever taking the test.</p>","null","html-keyboard-response","0","36334","0.0-0.0","a1gemx","Thu Sep 15 2022 19:59:24 GMT+0200 (CEST)","2022","9","15","19","59","24","yfg54","Shopping","Sensory awareness","87","23","female","right","81","63","5","13","4","","","",""
"5685","","","survey-text","1","42048","0.0-1.0","a1gemx","Thu Sep 15 2022 19:59:24 GMT+0200 (CEST)","2022","9","15","19","59","24","yfg54","Shopping","Sensory awareness","87","23","female","right","81","63","5","13","4","{""Q0"":""yfg54""}","","",""
"3929","","","survey-multi-choice","2","45985","0.0-2.0","a1gemx","Thu Sep 15 2022 19:59:24 GMT+0200 (CEST)","2022","9","15","19","59","24","yfg54","Shopping","Sensory awareness","87","23","female","right","81","63","5","13","4","{""Activity"":""Shopping""}","[0]","",""
"9138","","","survey-multi-choice","3","55127","0.0-3.0","a1gemx","Thu Sep 15 2022 19:59:24 GMT+0200 (CEST)","2022","9","15","19","59","24","yfg54","Shopping","Sensory awareness","87","23","female","right","81","63","5","13","4","{""MentalActivity"":""Sensory awareness""}","[0]","",""
"7069","","","survey-multi-choice","4","62207","0.0-4.0","a1gemx","Thu Sep 15 2022 19:59:24 GMT+0200 (CEST)","2022","9","15","19","59","24","yfg54","Shopping","Sensory awareness","87","23","female","right","81","63","5","13","4","{""HeartRate"":""87""}","[0]","",""
"2955","","","survey-text","5","65175","0.0-5.0","a1gemx","Thu Sep 15 2022 19:59:24 GMT+0200 (CEST)","2022","9","15","19","59","24","yfg54","Shopping","Sensory awareness","87","23","female","right","81","63","5","13","4","{""Q0"":""23""}","","",""
"3186","","","survey-multi-choice","6","68365","0.0-6.0","a1gemx","Thu Sep 15 2022 19:59:24 GMT+0200 (CEST)","2022","9","15","19","59","24","yfg54","Shopping","Sensory awareness","87","23","female","right","81","63","5","13","4","{""Gender"":""female"",""Hand"":""right""}","[0,1]","",""
"6200","<p>How Sad/Angry or Happy are you right now?</p>","","html-slider-response","7","74575","0.0-7.0","a1gemx","Thu Sep 15 2022 19:59:24 GMT+0200 (CEST)","2022","9","15","19","59","24","yfg54","Shopping","Sensory awareness","87","23","female","right","81","63","5","13","4","","","50","81"
"11626","<p>How Tired/Sleepy/Distracted or Fresh/Awake/Alert are you right now?</p>","","html-slider-response","8","86203","0.0-8.0","a1gemx","Thu Sep 15 2022 19:59:24 GMT+0200 (CEST)","2022","9","15","19","59","24","yfg54","Shopping","Sensory awareness","87","23","female","right","81","63","5","13","4","","","50","63"
"7714","<p>How Hungry or Satiated are you right now?</p>","","html-slider-response","9","93921","0.0-9.0","a1gemx","Thu Sep 15 2022 19:59:24 GMT+0200 (CEST)","2022","9","15","19","59","24","yfg54","Shopping","Sensory awareness","87","23","female","right","81","63","5","13","4","","","50","5"
"24052","","","survey-multi-choice","10","117981","0.0-10.0","a1gemx","Thu Sep 15 2022 19:59:24 GMT+0200 (CEST)","2022","9","15","19","59","24","yfg54","Shopping","Sensory awareness","87","23","female","right","81","63","5","13","4","{""Sleep"":""13"",""Eat"":""4""}","[0,1]","",""
