"rt","stimulus","key_press","trial_type","trial_index","time_elapsed","internal_node_id","exp_id","Time","year","month","date","hour","minute","seconds","id","Activity","MentalActivity","HeartRate","age","Gender","Handedness","mood","fresh","hunger","H_since_Sleep","H_since_Eat","responses","question_order","slider_start","response"
"null","<p>Welcome to this 1 min. survey on daily rhythms, body and mood.</p><p>You will be asked to report your heart-rate</p><p>and given some questions about yourself.</p><p>Take the test when prompted and/or at different times of the day/night.</p><p>Please make a personal ID (three letters+ two numbers, e.g. ept23).</p><p>Write it down and use this ID whenever taking the test.</p>","null","html-keyboard-response","0","10015","0.0-0.0","6aa31u","Fri Oct 21 2022 14:36:38 GMT+0200 (Centraleuropæisk sommertid)","2022","10","21","14","36","38","kau00","Commuting","Sensory awareness","81","23","female","right","84","70","35","5","4","","","",""
"4173","","","survey-text","1","14230","0.0-1.0","6aa31u","Fri Oct 21 2022 14:36:38 GMT+0200 (Centraleuropæisk sommertid)","2022","10","21","14","36","38","kau00","Commuting","Sensory awareness","81","23","female","right","84","70","35","5","4","{""Q0"":""kau00""}","","",""
"9612","","","survey-multi-choice","2","23846","0.0-2.0","6aa31u","Fri Oct 21 2022 14:36:38 GMT+0200 (Centraleuropæisk sommertid)","2022","10","21","14","36","38","kau00","Commuting","Sensory awareness","81","23","female","right","84","70","35","5","4","{""Activity"":""Commuting""}","[0]","",""
"2306.9999999999964","","","survey-multi-choice","3","26157","0.0-3.0","6aa31u","Fri Oct 21 2022 14:36:38 GMT+0200 (Centraleuropæisk sommertid)","2022","10","21","14","36","38","kau00","Commuting","Sensory awareness","81","23","female","right","84","70","35","5","4","{""MentalActivity"":""Sensory awareness""}","[0]","",""
"37656","","","survey-multi-choice","4","63823","0.0-4.0","6aa31u","Fri Oct 21 2022 14:36:38 GMT+0200 (Centraleuropæisk sommertid)","2022","10","21","14","36","38","kau00","Commuting","Sensory awareness","81","23","female","right","84","70","35","5","4","{""HeartRate"":""81""}","[0]","",""
"2108","","","survey-text","5","65941","0.0-5.0","6aa31u","Fri Oct 21 2022 14:36:38 GMT+0200 (Centraleuropæisk sommertid)","2022","10","21","14","36","38","kau00","Commuting","Sensory awareness","81","23","female","right","84","70","35","5","4","{""Q0"":""23""}","","",""
"2780","","","survey-multi-choice","6","68725","0.0-6.0","6aa31u","Fri Oct 21 2022 14:36:38 GMT+0200 (Centraleuropæisk sommertid)","2022","10","21","14","36","38","kau00","Commuting","Sensory awareness","81","23","female","right","84","70","35","5","4","{""Gender"":""female"",""Hand"":""right""}","[0,1]","",""
"4923","<p>How Sad/Angry or Happy are you right now?</p>","","html-slider-response","7","73655","0.0-7.0","6aa31u","Fri Oct 21 2022 14:36:38 GMT+0200 (Centraleuropæisk sommertid)","2022","10","21","14","36","38","kau00","Commuting","Sensory awareness","81","23","female","right","84","70","35","5","4","","","50","84"
"2779.0000000000146","<p>How Tired/Sleepy/Distracted or Fresh/Awake/Alert are you right now?</p>","","html-slider-response","8","76436","0.0-8.0","6aa31u","Fri Oct 21 2022 14:36:38 GMT+0200 (Centraleuropæisk sommertid)","2022","10","21","14","36","38","kau00","Commuting","Sensory awareness","81","23","female","right","84","70","35","5","4","","","50","70"
"3080","<p>How Hungry or Satiated are you right now?</p>","","html-slider-response","9","79518","0.0-9.0","6aa31u","Fri Oct 21 2022 14:36:38 GMT+0200 (Centraleuropæisk sommertid)","2022","10","21","14","36","38","kau00","Commuting","Sensory awareness","81","23","female","right","84","70","35","5","4","","","50","35"
"15811.000000000015","","","survey-multi-choice","10","95336","0.0-10.0","6aa31u","Fri Oct 21 2022 14:36:38 GMT+0200 (Centraleuropæisk sommertid)","2022","10","21","14","36","38","kau00","Commuting","Sensory awareness","81","23","female","right","84","70","35","5","4","{""Sleep"":""5"",""Eat"":""4""}","[0,1]","",""
