"rt","stimulus","key_press","trial_type","trial_index","time_elapsed","internal_node_id","exp_id","Time","year","month","date","hour","minute","seconds","id","Activity","MentalActivity","HeartRate","age","Gender","Handedness","mood","fresh","hunger","H_since_Sleep","H_since_Eat","responses","question_order","slider_start","response"
"null","<p>Welcome to this 1 min. survey on daily rhythms, body and mood.</p><p>You will be asked to report your heart-rate</p><p>and given some questions about yourself.</p><p>Take the test when prompted and/or at different times of the day/night.</p><p>Please make a personal ID (three letters+ two numbers, e.g. ept23).</p><p>Write it down and use this ID whenever taking the test.</p>","null","html-keyboard-response","0","10019","0.0-0.0","e4747h","Wed Nov 02 2022 22:23:18 GMT+0100 (CET)","2022","11","2","22","23","18","dlg05","Showering, Getting Ready","Unsymbolized thinking","69","25","female","right","87","63","100","15","2","","","",""
"6747","","","survey-text","1","16799","0.0-1.0","e4747h","Wed Nov 02 2022 22:23:18 GMT+0100 (CET)","2022","11","2","22","23","18","dlg05","Showering, Getting Ready","Unsymbolized thinking","69","25","female","right","87","63","100","15","2","{""Q0"":""dlg05""}","","",""
"12451.000000000004","","","survey-multi-choice","2","29257","0.0-2.0","e4747h","Wed Nov 02 2022 22:23:18 GMT+0100 (CET)","2022","11","2","22","23","18","dlg05","Showering, Getting Ready","Unsymbolized thinking","69","25","female","right","87","63","100","15","2","{""Activity"":""Showering, Getting Ready""}","[0]","",""
"7828","","","survey-multi-choice","3","37088","0.0-3.0","e4747h","Wed Nov 02 2022 22:23:18 GMT+0100 (CET)","2022","11","2","22","23","18","dlg05","Showering, Getting Ready","Unsymbolized thinking","69","25","female","right","87","63","100","15","2","{""MentalActivity"":""Unsymbolized thinking""}","[0]","",""
"9872","","","survey-multi-choice","4","46971","0.0-4.0","e4747h","Wed Nov 02 2022 22:23:18 GMT+0100 (CET)","2022","11","2","22","23","18","dlg05","Showering, Getting Ready","Unsymbolized thinking","69","25","female","right","87","63","100","15","2","{""HeartRate"":""69""}","[0]","",""
"5378","","","survey-text","5","52363","0.0-5.0","e4747h","Wed Nov 02 2022 22:23:18 GMT+0100 (CET)","2022","11","2","22","23","18","dlg05","Showering, Getting Ready","Unsymbolized thinking","69","25","female","right","87","63","100","15","2","{""Q0"":""25""}","","",""
"2157","","","survey-multi-choice","6","54524","0.0-6.0","e4747h","Wed Nov 02 2022 22:23:18 GMT+0100 (CET)","2022","11","2","22","23","18","dlg05","Showering, Getting Ready","Unsymbolized thinking","69","25","female","right","87","63","100","15","2","{""Gender"":""female"",""Hand"":""right""}","[0,1]","",""
"7518","<p>How Sad/Angry or Happy are you right now?</p>","","html-slider-response","7","62055","0.0-7.0","e4747h","Wed Nov 02 2022 22:23:18 GMT+0100 (CET)","2022","11","2","22","23","18","dlg05","Showering, Getting Ready","Unsymbolized thinking","69","25","female","right","87","63","100","15","2","","","50","87"
"2731.9999999999927","<p>How Tired/Sleepy/Distracted or Fresh/Awake/Alert are you right now?</p>","","html-slider-response","8","64796","0.0-8.0","e4747h","Wed Nov 02 2022 22:23:18 GMT+0100 (CET)","2022","11","2","22","23","18","dlg05","Showering, Getting Ready","Unsymbolized thinking","69","25","female","right","87","63","100","15","2","","","50","63"
"7464","<p>How Hungry or Satiated are you right now?</p>","","html-slider-response","9","72266","0.0-9.0","e4747h","Wed Nov 02 2022 22:23:18 GMT+0100 (CET)","2022","11","2","22","23","18","dlg05","Showering, Getting Ready","Unsymbolized thinking","69","25","female","right","87","63","100","15","2","","","50","100"
"19155.999999999985","","","survey-multi-choice","10","91432","0.0-10.0","e4747h","Wed Nov 02 2022 22:23:18 GMT+0100 (CET)","2022","11","2","22","23","18","dlg05","Showering, Getting Ready","Unsymbolized thinking","69","25","female","right","87","63","100","15","2","{""Sleep"":""15"",""Eat"":""2""}","[0,1]","",""
