"rt","stimulus","key_press","trial_type","trial_index","time_elapsed","internal_node_id","exp_id","Time","year","month","date","hour","minute","seconds","id","Activity","MentalActivity","HeartRate","age","Gender","Handedness","mood","fresh","hunger","H_since_Sleep","H_since_Eat","responses","question_order","slider_start","response"
"null","<p>Welcome to this 1 min. survey on daily rhythms, body and mood.</p><p>You will be asked to report your heart-rate</p><p>and given some questions about yourself.</p><p>Take the test when prompted and/or at different times of the day/night.</p><p>Please make a personal ID (three letters+ two numbers, e.g. ept23).</p><p>Write it down and use this ID whenever taking the test.</p>","null","html-keyboard-response","0","10062","0.0-0.0","0ahl6d","Sun Nov 06 2022 22:20:59 GMT+0100 (Central European Standard Time)","2022","11","6","22","20","59","ESG44","Calling someone","Inner voice","67","25","female","right","63","27","89","13","3","","","",""
"28854.100000023842","","","survey-text","1","39017","0.0-1.0","0ahl6d","Sun Nov 06 2022 22:20:59 GMT+0100 (Central European Standard Time)","2022","11","6","22","20","59","ESG44","Calling someone","Inner voice","67","25","female","right","63","27","89","13","3","{""Q0"":""ESG44""}","","",""
"27117.399999976158","","","survey-multi-choice","2","66174","0.0-2.0","0ahl6d","Sun Nov 06 2022 22:20:59 GMT+0100 (Central European Standard Time)","2022","11","6","22","20","59","ESG44","Calling someone","Inner voice","67","25","female","right","63","27","89","13","3","{""Activity"":""Calling someone""}","[0]","",""
"4453.600000023842","","","survey-multi-choice","3","70642","0.0-3.0","0ahl6d","Sun Nov 06 2022 22:20:59 GMT+0100 (Central European Standard Time)","2022","11","6","22","20","59","ESG44","Calling someone","Inner voice","67","25","female","right","63","27","89","13","3","{""MentalActivity"":""Inner voice""}","[0]","",""
"4386.699999928474","","","survey-multi-choice","4","75049","0.0-4.0","0ahl6d","Sun Nov 06 2022 22:20:59 GMT+0100 (Central European Standard Time)","2022","11","6","22","20","59","ESG44","Calling someone","Inner voice","67","25","female","right","63","27","89","13","3","{""HeartRate"":""67""}","[0]","",""
"3338.2000000476837","","","survey-text","5","78401","0.0-5.0","0ahl6d","Sun Nov 06 2022 22:20:59 GMT+0100 (Central European Standard Time)","2022","11","6","22","20","59","ESG44","Calling someone","Inner voice","67","25","female","right","63","27","89","13","3","{""Q0"":""25""}","","",""
"2818","","","survey-multi-choice","6","81235","0.0-6.0","0ahl6d","Sun Nov 06 2022 22:20:59 GMT+0100 (Central European Standard Time)","2022","11","6","22","20","59","ESG44","Calling someone","Inner voice","67","25","female","right","63","27","89","13","3","{""Gender"":""female"",""Hand"":""right""}","[0,1]","",""
"12596.800000071526","<p>How Sad/Angry or Happy are you right now?</p>","","html-slider-response","7","93857","0.0-7.0","0ahl6d","Sun Nov 06 2022 22:20:59 GMT+0100 (Central European Standard Time)","2022","11","6","22","20","59","ESG44","Calling someone","Inner voice","67","25","female","right","63","27","89","13","3","","","50","63"
"3433.8000000715256","<p>How Tired/Sleepy/Distracted or Fresh/Awake/Alert are you right now?</p>","","html-slider-response","8","97298","0.0-8.0","0ahl6d","Sun Nov 06 2022 22:20:59 GMT+0100 (Central European Standard Time)","2022","11","6","22","20","59","ESG44","Calling someone","Inner voice","67","25","female","right","63","27","89","13","3","","","50","27"
"3340.5999999046326","<p>How Hungry or Satiated are you right now?</p>","","html-slider-response","9","100645","0.0-9.0","0ahl6d","Sun Nov 06 2022 22:20:59 GMT+0100 (Central European Standard Time)","2022","11","6","22","20","59","ESG44","Calling someone","Inner voice","67","25","female","right","63","27","89","13","3","","","50","89"
"23000.400000095367","","","survey-multi-choice","10","123659","0.0-10.0","0ahl6d","Sun Nov 06 2022 22:20:59 GMT+0100 (Central European Standard Time)","2022","11","6","22","20","59","ESG44","Calling someone","Inner voice","67","25","female","right","63","27","89","13","3","{""Sleep"":""13"",""Eat"":""3""}","[0,1]","",""
