"rt","stimulus","key_press","trial_type","trial_index","time_elapsed","internal_node_id","exp_id","Time","year","month","date","hour","minute","seconds","id","Activity","MentalActivity","HeartRate","age","Gender","Handedness","mood","fresh","hunger","H_since_Sleep","H_since_Eat","responses","question_order","slider_start","response"
"null","<p>Welcome to this 1 min. survey on daily rhythms, body and mood.</p><p>You will be asked to report your heart-rate</p><p>and given some questions about yourself.</p><p>Take the test when prompted and/or at different times of the day/night.</p><p>Please make a personal ID (three letters+ two numbers, e.g. ept23).</p><p>Write it down and use this ID whenever taking the test.</p>","null","html-keyboard-response","0","10020","0.0-0.0","35d0vn","Fri Nov 18 2022 07:40:16 GMT+0100 (CET)","2022","11","18","7","40","16","dlg05","Sleeping, Resting","Sensory awareness","60","25","female","right","69","24","43","0","10","","","",""
"5745","","","survey-text","1","15793","0.0-1.0","35d0vn","Fri Nov 18 2022 07:40:16 GMT+0100 (CET)","2022","11","18","7","40","16","dlg05","Sleeping, Resting","Sensory awareness","60","25","female","right","69","24","43","0","10","{""Q0"":""dlg05""}","","",""
"4429","","","survey-multi-choice","2","20228","0.0-2.0","35d0vn","Fri Nov 18 2022 07:40:16 GMT+0100 (CET)","2022","11","18","7","40","16","dlg05","Sleeping, Resting","Sensory awareness","60","25","female","right","69","24","43","0","10","{""Activity"":""Sleeping, Resting""}","[0]","",""
"13290","","","survey-multi-choice","3","33522","0.0-3.0","35d0vn","Fri Nov 18 2022 07:40:16 GMT+0100 (CET)","2022","11","18","7","40","16","dlg05","Sleeping, Resting","Sensory awareness","60","25","female","right","69","24","43","0","10","{""MentalActivity"":""Sensory awareness""}","[0]","",""
"6836","","","survey-multi-choice","4","40371","0.0-4.0","35d0vn","Fri Nov 18 2022 07:40:16 GMT+0100 (CET)","2022","11","18","7","40","16","dlg05","Sleeping, Resting","Sensory awareness","60","25","female","right","69","24","43","0","10","{""HeartRate"":""60""}","[0]","",""
"3990","","","survey-text","5","44373","0.0-5.0","35d0vn","Fri Nov 18 2022 07:40:16 GMT+0100 (CET)","2022","11","18","7","40","16","dlg05","Sleeping, Resting","Sensory awareness","60","25","female","right","69","24","43","0","10","{""Q0"":""25""}","","",""
"2798","","","survey-multi-choice","6","47173","0.0-6.0","35d0vn","Fri Nov 18 2022 07:40:16 GMT+0100 (CET)","2022","11","18","7","40","16","dlg05","Sleeping, Resting","Sensory awareness","60","25","female","right","69","24","43","0","10","{""Gender"":""female"",""Hand"":""right""}","[0,1]","",""
"3432.0000000000073","<p>How Sad/Angry or Happy are you right now?</p>","","html-slider-response","7","50613","0.0-7.0","35d0vn","Fri Nov 18 2022 07:40:16 GMT+0100 (CET)","2022","11","18","7","40","16","dlg05","Sleeping, Resting","Sensory awareness","60","25","female","right","69","24","43","0","10","","","50","69"
"6145","<p>How Tired/Sleepy/Distracted or Fresh/Awake/Alert are you right now?</p>","","html-slider-response","8","56762","0.0-8.0","35d0vn","Fri Nov 18 2022 07:40:16 GMT+0100 (CET)","2022","11","18","7","40","16","dlg05","Sleeping, Resting","Sensory awareness","60","25","female","right","69","24","43","0","10","","","50","24"
"2783.0000000000073","<p>How Hungry or Satiated are you right now?</p>","","html-slider-response","9","59549","0.0-9.0","35d0vn","Fri Nov 18 2022 07:40:16 GMT+0100 (CET)","2022","11","18","7","40","16","dlg05","Sleeping, Resting","Sensory awareness","60","25","female","right","69","24","43","0","10","","","50","43"
"38176","","","survey-multi-choice","10","97737","0.0-10.0","35d0vn","Fri Nov 18 2022 07:40:16 GMT+0100 (CET)","2022","11","18","7","40","16","dlg05","Sleeping, Resting","Sensory awareness","60","25","female","right","69","24","43","0","10","{""Sleep"":""0"",""Eat"":""10""}","[0,1]","",""
