"rt","stimulus","key_press","trial_type","trial_index","time_elapsed","internal_node_id","exp_id","Time","year","month","date","hour","minute","seconds","id","Activity","MentalActivity","HeartRate","age","Gender","Handedness","mood","fresh","hunger","H_since_Sleep","H_since_Eat","responses","question_order","slider_start","response"
"null","<p>Welcome to this 1 min. survey on daily rhythms, body and mood.</p><p>You will be asked to report your heart-rate</p><p>and given some questions about yourself.</p><p>Take the test when prompted and/or at different times of the day/night.</p><p>Please make a personal ID (three letters+ two numbers, e.g. ept23).</p><p>Write it down and use this ID whenever taking the test.</p>","null","html-keyboard-response","0","10019","0.0-0.0","9bcdo0","Fri Sep 09 2022 09:31:08 GMT+0200 (Centraleuropæisk sommertid)","2022","9","9","9","31","8","Mis27","Being on the Internet","Inner voice","75","21","female","left","68","27","38","1","13","","","",""
"6356.800000011921","","","survey-text","1","16403","0.0-1.0","9bcdo0","Fri Sep 09 2022 09:31:08 GMT+0200 (Centraleuropæisk sommertid)","2022","9","9","9","31","8","Mis27","Being on the Internet","Inner voice","75","21","female","left","68","27","38","1","13","{""Q0"":""Mis27""}","","",""
"24103.29999999702","","","survey-multi-choice","2","40517","0.0-2.0","9bcdo0","Fri Sep 09 2022 09:31:08 GMT+0200 (Centraleuropæisk sommertid)","2022","9","9","9","31","8","Mis27","Being on the Internet","Inner voice","75","21","female","left","68","27","38","1","13","{""Activity"":""Being on the Internet""}","[0]","",""
"16004.39999999106","","","survey-multi-choice","3","56532","0.0-3.0","9bcdo0","Fri Sep 09 2022 09:31:08 GMT+0200 (Centraleuropæisk sommertid)","2022","9","9","9","31","8","Mis27","Being on the Internet","Inner voice","75","21","female","left","68","27","38","1","13","{""MentalActivity"":""Inner voice""}","[0]","",""
"6263.0999999940395","","","survey-multi-choice","4","62812","0.0-4.0","9bcdo0","Fri Sep 09 2022 09:31:08 GMT+0200 (Centraleuropæisk sommertid)","2022","9","9","9","31","8","Mis27","Being on the Internet","Inner voice","75","21","female","left","68","27","38","1","13","{""HeartRate"":""75""}","[0]","",""
"4002.3999999910593","","","survey-text","5","66822","0.0-5.0","9bcdo0","Fri Sep 09 2022 09:31:08 GMT+0200 (Centraleuropæisk sommertid)","2022","9","9","9","31","8","Mis27","Being on the Internet","Inner voice","75","21","female","left","68","27","38","1","13","{""Q0"":""21""}","","",""
"5464.399999991059","","","survey-multi-choice","6","72296","0.0-6.0","9bcdo0","Fri Sep 09 2022 09:31:08 GMT+0200 (Centraleuropæisk sommertid)","2022","9","9","9","31","8","Mis27","Being on the Internet","Inner voice","75","21","female","left","68","27","38","1","13","{""Gender"":""female"",""Hand"":""left""}","[0,1]","",""
"5705.4000000059605","<p>How Sad/Angry or Happy are you right now?</p>","","html-slider-response","7","78014","0.0-7.0","9bcdo0","Fri Sep 09 2022 09:31:08 GMT+0200 (Centraleuropæisk sommertid)","2022","9","9","9","31","8","Mis27","Being on the Internet","Inner voice","75","21","female","left","68","27","38","1","13","","","50","68"
"9781.90000000596","<p>How Tired/Sleepy/Distracted or Fresh/Awake/Alert are you right now?</p>","","html-slider-response","8","87803","0.0-8.0","9bcdo0","Fri Sep 09 2022 09:31:08 GMT+0200 (Centraleuropæisk sommertid)","2022","9","9","9","31","8","Mis27","Being on the Internet","Inner voice","75","21","female","left","68","27","38","1","13","","","50","27"
"3849","<p>How Hungry or Satiated are you right now?</p>","","html-slider-response","9","91660","0.0-9.0","9bcdo0","Fri Sep 09 2022 09:31:08 GMT+0200 (Centraleuropæisk sommertid)","2022","9","9","9","31","8","Mis27","Being on the Internet","Inner voice","75","21","female","left","68","27","38","1","13","","","50","38"
"59927.90000000596","","","survey-multi-choice","10","151607","0.0-10.0","9bcdo0","Fri Sep 09 2022 09:31:08 GMT+0200 (Centraleuropæisk sommertid)","2022","9","9","9","31","8","Mis27","Being on the Internet","Inner voice","75","21","female","left","68","27","38","1","13","{""Sleep"":""1"",""Eat"":""13""}","[0,1]","",""
