"rt","stimulus","key_press","trial_type","trial_index","time_elapsed","internal_node_id","exp_id","Time","year","month","date","hour","minute","seconds","id","Activity","MentalActivity","HeartRate","age","Gender","Handedness","mood","fresh","hunger","H_since_Sleep","H_since_Eat","responses","question_order","slider_start","response"
"null","<p>Welcome to this 1 min. survey on daily rhythms, body and mood.</p><p>You will be asked to report your heart-rate</p><p>and given some questions about yourself.</p><p>Take the test when prompted and/or at different times of the day/night.</p><p>Please make a personal ID (three letters+ two numbers, e.g. ept23).</p><p>Write it down and use this ID whenever taking the test.</p>","null","html-keyboard-response","0","10012","0.0-0.0","g2g72e","Thu Oct 20 2022 00:28:00 GMT+0200 (Centraleuropæisk sommertid)","2022","10","20","0","28","0","kau00","Sleeping, Resting","Inner voice","72","23","female","right","40","31","86","7","3","","","",""
"5335","","","survey-text","1","15375","0.0-1.0","g2g72e","Thu Oct 20 2022 00:28:00 GMT+0200 (Centraleuropæisk sommertid)","2022","10","20","0","28","0","kau00","Sleeping, Resting","Inner voice","72","23","female","right","40","31","86","7","3","{""Q0"":""kau00""}","","",""
"5884","","","survey-multi-choice","2","21266","0.0-2.0","g2g72e","Thu Oct 20 2022 00:28:00 GMT+0200 (Centraleuropæisk sommertid)","2022","10","20","0","28","0","kau00","Sleeping, Resting","Inner voice","72","23","female","right","40","31","86","7","3","{""Activity"":""Sleeping, Resting""}","[0]","",""
"2355","","","survey-multi-choice","3","23624","0.0-3.0","g2g72e","Thu Oct 20 2022 00:28:00 GMT+0200 (Centraleuropæisk sommertid)","2022","10","20","0","28","0","kau00","Sleeping, Resting","Inner voice","72","23","female","right","40","31","86","7","3","{""MentalActivity"":""Inner voice""}","[0]","",""
"51541","","","survey-multi-choice","4","75173","0.0-4.0","g2g72e","Thu Oct 20 2022 00:28:00 GMT+0200 (Centraleuropæisk sommertid)","2022","10","20","0","28","0","kau00","Sleeping, Resting","Inner voice","72","23","female","right","40","31","86","7","3","{""HeartRate"":""72""}","[0]","",""
"3026","","","survey-text","5","78210","0.0-5.0","g2g72e","Thu Oct 20 2022 00:28:00 GMT+0200 (Centraleuropæisk sommertid)","2022","10","20","0","28","0","kau00","Sleeping, Resting","Inner voice","72","23","female","right","40","31","86","7","3","{""Q0"":""23""}","","",""
"2547","","","survey-multi-choice","6","80760","0.0-6.0","g2g72e","Thu Oct 20 2022 00:28:00 GMT+0200 (Centraleuropæisk sommertid)","2022","10","20","0","28","0","kau00","Sleeping, Resting","Inner voice","72","23","female","right","40","31","86","7","3","{""Gender"":""female"",""Hand"":""right""}","[0,1]","",""
"4255","<p>How Sad/Angry or Happy are you right now?</p>","","html-slider-response","7","85022","0.0-7.0","g2g72e","Thu Oct 20 2022 00:28:00 GMT+0200 (Centraleuropæisk sommertid)","2022","10","20","0","28","0","kau00","Sleeping, Resting","Inner voice","72","23","female","right","40","31","86","7","3","","","50","40"
"3444","<p>How Tired/Sleepy/Distracted or Fresh/Awake/Alert are you right now?</p>","","html-slider-response","8","88469","0.0-8.0","g2g72e","Thu Oct 20 2022 00:28:00 GMT+0200 (Centraleuropæisk sommertid)","2022","10","20","0","28","0","kau00","Sleeping, Resting","Inner voice","72","23","female","right","40","31","86","7","3","","","50","31"
"3980","<p>How Hungry or Satiated are you right now?</p>","","html-slider-response","9","92453","0.0-9.0","g2g72e","Thu Oct 20 2022 00:28:00 GMT+0200 (Centraleuropæisk sommertid)","2022","10","20","0","28","0","kau00","Sleeping, Resting","Inner voice","72","23","female","right","40","31","86","7","3","","","50","86"
"24025","","","survey-multi-choice","10","116484","0.0-10.0","g2g72e","Thu Oct 20 2022 00:28:00 GMT+0200 (Centraleuropæisk sommertid)","2022","10","20","0","28","0","kau00","Sleeping, Resting","Inner voice","72","23","female","right","40","31","86","7","3","{""Sleep"":""7"",""Eat"":""3""}","[0,1]","",""
