"rt","stimulus","key_press","trial_type","trial_index","time_elapsed","internal_node_id","exp_id","Time","year","month","date","hour","minute","seconds","id","Activity","MentalActivity","HeartRate","age","Gender","Handedness","mood","fresh","hunger","H_since_Sleep","H_since_Eat","responses","question_order","slider_start","response"
"null","<p>Welcome to this 1 min. survey on daily rhythms, body and mood.</p><p>You will be asked to report your heart-rate</p><p>and given some questions about yourself.</p><p>Take the test when prompted and/or at different times of the day/night.</p><p>Please make a personal ID (three letters+ two numbers, e.g. ept23).</p><p>Write it down and use this ID whenever taking the test.</p>","null","html-keyboard-response","0","10057","0.0-0.0","okrj10","Mon Sep 12 2022 15:30:26 GMT+0200 (CEST)","2022","9","12","15","30","26","www11","Doing sport","Inner voice","66","25","male","right","67","38","68","8","1","","","",""
"35641","","","survey-text","1","45728","0.0-1.0","okrj10","Mon Sep 12 2022 15:30:26 GMT+0200 (CEST)","2022","9","12","15","30","26","www11","Doing sport","Inner voice","66","25","male","right","67","38","68","8","1","{""Q0"":""www11""}","","",""
"18470","","","survey-multi-choice","2","64214","0.0-2.0","okrj10","Mon Sep 12 2022 15:30:26 GMT+0200 (CEST)","2022","9","12","15","30","26","www11","Doing sport","Inner voice","66","25","male","right","67","38","68","8","1","{""Activity"":""Doing sport""}","[0]","",""
"8153.000000000015","","","survey-multi-choice","3","72371","0.0-3.0","okrj10","Mon Sep 12 2022 15:30:26 GMT+0200 (CEST)","2022","9","12","15","30","26","www11","Doing sport","Inner voice","66","25","male","right","67","38","68","8","1","{""MentalActivity"":""Inner voice""}","[0]","",""
"4756","","","survey-multi-choice","4","77138","0.0-4.0","okrj10","Mon Sep 12 2022 15:30:26 GMT+0200 (CEST)","2022","9","12","15","30","26","www11","Doing sport","Inner voice","66","25","male","right","67","38","68","8","1","{""HeartRate"":""66""}","[0]","",""
"3120.9999999999854","","","survey-text","5","80275","0.0-5.0","okrj10","Mon Sep 12 2022 15:30:26 GMT+0200 (CEST)","2022","9","12","15","30","26","www11","Doing sport","Inner voice","66","25","male","right","67","38","68","8","1","{""Q0"":""25""}","","",""
"4239.999999999985","","","survey-multi-choice","6","84522","0.0-6.0","okrj10","Mon Sep 12 2022 15:30:26 GMT+0200 (CEST)","2022","9","12","15","30","26","www11","Doing sport","Inner voice","66","25","male","right","67","38","68","8","1","{""Gender"":""male"",""Hand"":""right""}","[0,1]","",""
"2877.0000000000146","<p>How Sad/Angry or Happy are you right now?</p>","","html-slider-response","7","87407","0.0-7.0","okrj10","Mon Sep 12 2022 15:30:26 GMT+0200 (CEST)","2022","9","12","15","30","26","www11","Doing sport","Inner voice","66","25","male","right","67","38","68","8","1","","","50","67"
"2588","<p>How Tired/Sleepy/Distracted or Fresh/Awake/Alert are you right now?</p>","","html-slider-response","8","90000","0.0-8.0","okrj10","Mon Sep 12 2022 15:30:26 GMT+0200 (CEST)","2022","9","12","15","30","26","www11","Doing sport","Inner voice","66","25","male","right","67","38","68","8","1","","","50","38"
"4034.9999999999854","<p>How Hungry or Satiated are you right now?</p>","","html-slider-response","9","94039","0.0-9.0","okrj10","Mon Sep 12 2022 15:30:26 GMT+0200 (CEST)","2022","9","12","15","30","26","www11","Doing sport","Inner voice","66","25","male","right","67","38","68","8","1","","","50","68"
"17150","","","survey-multi-choice","10","111196","0.0-10.0","okrj10","Mon Sep 12 2022 15:30:26 GMT+0200 (CEST)","2022","9","12","15","30","26","www11","Doing sport","Inner voice","66","25","male","right","67","38","68","8","1","{""Sleep"":""8"",""Eat"":""1""}","[0,1]","",""
