"rt","stimulus","key_press","trial_type","trial_index","time_elapsed","internal_node_id","exp_id","Time","year","month","date","hour","minute","seconds","id","Activity","MentalActivity","HeartRate","age","Gender","Handedness","mood","fresh","hunger","H_since_Sleep","H_since_Eat","responses","question_order","slider_start","response"
"null","<p>Welcome to this 1 min. survey on daily rhythms, body and mood.</p><p>You will be asked to report your heart-rate</p><p>and given some questions about yourself.</p><p>Take the test when prompted and/or at different times of the day/night.</p><p>Please make a personal ID (three letters+ two numbers, e.g. ept23).</p><p>Write it down and use this ID whenever taking the test.</p>","null","html-keyboard-response","0","10043","0.0-0.0","ykuw0t","Sat Sep 10 2022 19:30:24 GMT+0200 (Centraleuropæisk sommertid)","2022","9","10","19","30","24","rex13","Commuting","Inner voice","90","24","male","right","36","16","100","9","0","","","",""
"12532.39999999851","","","survey-text","1","22661","0.0-1.0","ykuw0t","Sat Sep 10 2022 19:30:24 GMT+0200 (Centraleuropæisk sommertid)","2022","9","10","19","30","24","rex13","Commuting","Inner voice","90","24","male","right","36","16","100","9","0","{""Q0"":""rex13""}","","",""
"2623.5","","","survey-multi-choice","2","25304","0.0-2.0","ykuw0t","Sat Sep 10 2022 19:30:24 GMT+0200 (Centraleuropæisk sommertid)","2022","9","10","19","30","24","rex13","Commuting","Inner voice","90","24","male","right","36","16","100","9","0","{""Activity"":""Commuting""}","[0]","",""
"5236.4000000059605","","","survey-multi-choice","3","30549","0.0-3.0","ykuw0t","Sat Sep 10 2022 19:30:24 GMT+0200 (Centraleuropæisk sommertid)","2022","9","10","19","30","24","rex13","Commuting","Inner voice","90","24","male","right","36","16","100","9","0","{""MentalActivity"":""Inner voice""}","[0]","",""
"61931.90000000596","","","survey-multi-choice","4","92501","0.0-4.0","ykuw0t","Sat Sep 10 2022 19:30:24 GMT+0200 (Centraleuropæisk sommertid)","2022","9","10","19","30","24","rex13","Commuting","Inner voice","90","24","male","right","36","16","100","9","0","{""HeartRate"":""90""}","[0]","",""
"3320.10000000149","","","survey-text","5","95833","0.0-5.0","ykuw0t","Sat Sep 10 2022 19:30:24 GMT+0200 (Centraleuropæisk sommertid)","2022","9","10","19","30","24","rex13","Commuting","Inner voice","90","24","male","right","36","16","100","9","0","{""Q0"":""24""}","","",""
"2971.4000000059605","","","survey-multi-choice","6","98814","0.0-6.0","ykuw0t","Sat Sep 10 2022 19:30:24 GMT+0200 (Centraleuropæisk sommertid)","2022","9","10","19","30","24","rex13","Commuting","Inner voice","90","24","male","right","36","16","100","9","0","{""Gender"":""male"",""Hand"":""right""}","[0,1]","",""
"3769.10000000149","<p>How Sad/Angry or Happy are you right now?</p>","","html-slider-response","7","102599","0.0-7.0","ykuw0t","Sat Sep 10 2022 19:30:24 GMT+0200 (Centraleuropæisk sommertid)","2022","9","10","19","30","24","rex13","Commuting","Inner voice","90","24","male","right","36","16","100","9","0","","","50","36"
"3388.5","<p>How Tired/Sleepy/Distracted or Fresh/Awake/Alert are you right now?</p>","","html-slider-response","8","105994","0.0-8.0","ykuw0t","Sat Sep 10 2022 19:30:24 GMT+0200 (Centraleuropæisk sommertid)","2022","9","10","19","30","24","rex13","Commuting","Inner voice","90","24","male","right","36","16","100","9","0","","","50","16"
"3545.9000000059605","<p>How Hungry or Satiated are you right now?</p>","","html-slider-response","9","109547","0.0-9.0","ykuw0t","Sat Sep 10 2022 19:30:24 GMT+0200 (Centraleuropæisk sommertid)","2022","9","10","19","30","24","rex13","Commuting","Inner voice","90","24","male","right","36","16","100","9","0","","","50","100"
"14519.59999999404","","","survey-multi-choice","10","124078","0.0-10.0","ykuw0t","Sat Sep 10 2022 19:30:24 GMT+0200 (Centraleuropæisk sommertid)","2022","9","10","19","30","24","rex13","Commuting","Inner voice","90","24","male","right","36","16","100","9","0","{""Sleep"":""9"",""Eat"":""0""}","[0,1]","",""
