"rt","stimulus","key_press","trial_type","trial_index","time_elapsed","internal_node_id","exp_id","Time","year","month","date","hour","minute","seconds","id","Activity","MentalActivity","HeartRate","age","Gender","Handedness","mood","fresh","hunger","H_since_Sleep","H_since_Eat","responses","question_order","slider_start","response"
"null","<p>Welcome to this 1 min. survey on daily rhythms, body and mood.</p><p>You will be asked to report your heart-rate</p><p>and given some questions about yourself.</p><p>Take the test when prompted and/or at different times of the day/night.</p><p>Please make a personal ID (three letters+ two numbers, e.g. ept23).</p><p>Write it down and use this ID whenever taking the test.</p>","null","html-keyboard-response","0","10015","0.0-0.0","elbt35","Fri Sep 23 2022 08:51:37 GMT+0200 (Centraleuropæisk sommertid)","2022","9","23","8","51","37","kau00","Sleeping, Resting","Inner voice","81","23","female","right","39","9","40","0","10","","","",""
"9456","","","survey-text","1","19511","0.0-1.0","elbt35","Fri Sep 23 2022 08:51:37 GMT+0200 (Centraleuropæisk sommertid)","2022","9","23","8","51","37","kau00","Sleeping, Resting","Inner voice","81","23","female","right","39","9","40","0","10","{""Q0"":""kau00""}","","",""
"5669.000000000004","","","survey-multi-choice","2","25186","0.0-2.0","elbt35","Fri Sep 23 2022 08:51:37 GMT+0200 (Centraleuropæisk sommertid)","2022","9","23","8","51","37","kau00","Sleeping, Resting","Inner voice","81","23","female","right","39","9","40","0","10","{""Activity"":""Sleeping, Resting""}","[0]","",""
"2566.0000000000036","","","survey-multi-choice","3","27756","0.0-3.0","elbt35","Fri Sep 23 2022 08:51:37 GMT+0200 (Centraleuropæisk sommertid)","2022","9","23","8","51","37","kau00","Sleeping, Resting","Inner voice","81","23","female","right","39","9","40","0","10","{""MentalActivity"":""Inner voice""}","[0]","",""
"91994","","","survey-multi-choice","4","119759","0.0-4.0","elbt35","Fri Sep 23 2022 08:51:37 GMT+0200 (Centraleuropæisk sommertid)","2022","9","23","8","51","37","kau00","Sleeping, Resting","Inner voice","81","23","female","right","39","9","40","0","10","{""HeartRate"":""81""}","[0]","",""
"2756","","","survey-text","5","122528","0.0-5.0","elbt35","Fri Sep 23 2022 08:51:37 GMT+0200 (Centraleuropæisk sommertid)","2022","9","23","8","51","37","kau00","Sleeping, Resting","Inner voice","81","23","female","right","39","9","40","0","10","{""Q0"":""23""}","","",""
"5599.000000000015","","","survey-multi-choice","6","128130","0.0-6.0","elbt35","Fri Sep 23 2022 08:51:37 GMT+0200 (Centraleuropæisk sommertid)","2022","9","23","8","51","37","kau00","Sleeping, Resting","Inner voice","81","23","female","right","39","9","40","0","10","{""Gender"":""female"",""Hand"":""right""}","[0,1]","",""
"6621.000000000015","<p>How Sad/Angry or Happy are you right now?</p>","","html-slider-response","7","134758","0.0-7.0","elbt35","Fri Sep 23 2022 08:51:37 GMT+0200 (Centraleuropæisk sommertid)","2022","9","23","8","51","37","kau00","Sleeping, Resting","Inner voice","81","23","female","right","39","9","40","0","10","","","50","39"
"5212","<p>How Tired/Sleepy/Distracted or Fresh/Awake/Alert are you right now?</p>","","html-slider-response","8","139973","0.0-8.0","elbt35","Fri Sep 23 2022 08:51:37 GMT+0200 (Centraleuropæisk sommertid)","2022","9","23","8","51","37","kau00","Sleeping, Resting","Inner voice","81","23","female","right","39","9","40","0","10","","","50","9"
"3862","<p>How Hungry or Satiated are you right now?</p>","","html-slider-response","9","143838","0.0-9.0","elbt35","Fri Sep 23 2022 08:51:37 GMT+0200 (Centraleuropæisk sommertid)","2022","9","23","8","51","37","kau00","Sleeping, Resting","Inner voice","81","23","female","right","39","9","40","0","10","","","50","40"
"15793","","","survey-multi-choice","10","159637","0.0-10.0","elbt35","Fri Sep 23 2022 08:51:37 GMT+0200 (Centraleuropæisk sommertid)","2022","9","23","8","51","37","kau00","Sleeping, Resting","Inner voice","81","23","female","right","39","9","40","0","10","{""Sleep"":""0"",""Eat"":""10""}","[0,1]","",""
