"rt","stimulus","key_press","trial_type","trial_index","time_elapsed","internal_node_id","exp_id","Time","year","month","date","hour","minute","seconds","id","Activity","MentalActivity","HeartRate","age","Gender","Handedness","mood","fresh","hunger","H_since_Sleep","H_since_Eat","responses","question_order","slider_start","response"
"null","<p>Welcome to this 1 min. survey on daily rhythms, body and mood.</p><p>You will be asked to report your heart-rate</p><p>and given some questions about yourself.</p><p>Take the test when prompted and/or at different times of the day/night.</p><p>Please make a personal ID (three letters+ two numbers, e.g. ept23).</p><p>Write it down and use this ID whenever taking the test.</p>","null","html-keyboard-response","0","10019","0.0-0.0","f9eanr","Fri Nov 11 2022 10:34:21 GMT+0100 (CET)","2022","11","11","10","34","21","dlg05","Working, Studying","Inner voice","72","25","female","right","64","58","42","3","3","","","",""
"6092","","","survey-text","1","16138","0.0-1.0","f9eanr","Fri Nov 11 2022 10:34:21 GMT+0100 (CET)","2022","11","11","10","34","21","dlg05","Working, Studying","Inner voice","72","25","female","right","64","58","42","3","3","{""Q0"":""dlg05""}","","",""
"30969.000000000007","","","survey-multi-choice","2","47115","0.0-2.0","f9eanr","Fri Nov 11 2022 10:34:21 GMT+0100 (CET)","2022","11","11","10","34","21","dlg05","Working, Studying","Inner voice","72","25","female","right","64","58","42","3","3","{""Activity"":""Working, Studying""}","[0]","",""
"9169.999999999993","","","survey-multi-choice","3","56290","0.0-3.0","f9eanr","Fri Nov 11 2022 10:34:21 GMT+0100 (CET)","2022","11","11","10","34","21","dlg05","Working, Studying","Inner voice","72","25","female","right","64","58","42","3","3","{""MentalActivity"":""Inner voice""}","[0]","",""
"52038","","","survey-multi-choice","4","108341","0.0-4.0","f9eanr","Fri Nov 11 2022 10:34:21 GMT+0100 (CET)","2022","11","11","10","34","21","dlg05","Working, Studying","Inner voice","72","25","female","right","64","58","42","3","3","{""HeartRate"":""72""}","[0]","",""
"2550.9999999999854","","","survey-text","5","110910","0.0-5.0","f9eanr","Fri Nov 11 2022 10:34:21 GMT+0100 (CET)","2022","11","11","10","34","21","dlg05","Working, Studying","Inner voice","72","25","female","right","64","58","42","3","3","{""Q0"":""25""}","","",""
"2949","","","survey-multi-choice","6","113862","0.0-6.0","f9eanr","Fri Nov 11 2022 10:34:21 GMT+0100 (CET)","2022","11","11","10","34","21","dlg05","Working, Studying","Inner voice","72","25","female","right","64","58","42","3","3","{""Gender"":""female"",""Hand"":""right""}","[0,1]","",""
"11733.999999999985","<p>How Sad/Angry or Happy are you right now?</p>","","html-slider-response","7","125604","0.0-7.0","f9eanr","Fri Nov 11 2022 10:34:21 GMT+0100 (CET)","2022","11","11","10","34","21","dlg05","Working, Studying","Inner voice","72","25","female","right","64","58","42","3","3","","","50","64"
"10656.000000000015","<p>How Tired/Sleepy/Distracted or Fresh/Awake/Alert are you right now?</p>","","html-slider-response","8","136264","0.0-8.0","f9eanr","Fri Nov 11 2022 10:34:21 GMT+0100 (CET)","2022","11","11","10","34","21","dlg05","Working, Studying","Inner voice","72","25","female","right","64","58","42","3","3","","","50","58"
"4546","<p>How Hungry or Satiated are you right now?</p>","","html-slider-response","9","140813","0.0-9.0","f9eanr","Fri Nov 11 2022 10:34:21 GMT+0100 (CET)","2022","11","11","10","34","21","dlg05","Working, Studying","Inner voice","72","25","female","right","64","58","42","3","3","","","50","42"
"14823","","","survey-multi-choice","10","155643","0.0-10.0","f9eanr","Fri Nov 11 2022 10:34:21 GMT+0100 (CET)","2022","11","11","10","34","21","dlg05","Working, Studying","Inner voice","72","25","female","right","64","58","42","3","3","{""Sleep"":""3"",""Eat"":""3""}","[0,1]","",""
