"rt","stimulus","key_press","trial_type","trial_index","time_elapsed","internal_node_id","exp_id","Time","year","month","date","hour","minute","seconds","id","Activity","MentalActivity","HeartRate","age","Gender","Handedness","mood","fresh","hunger","H_since_Sleep","H_since_Eat","responses","question_order","slider_start","response"
"null","<p>Welcome to this 1 min. survey on daily rhythms, body and mood.</p><p>You will be asked to report your heart-rate</p><p>and given some questions about yourself.</p><p>Take the test when prompted and/or at different times of the day/night.</p><p>Please make a personal ID (three letters+ two numbers, e.g. ept23).</p><p>Write it down and use this ID whenever taking the test.</p>","null","html-keyboard-response","0","10016","0.0-0.0","o1zjl6","Sat Oct 08 2022 20:06:39 GMT+0200 (CEST)","2022","10","8","20","6","39","dan72","Housework","Inner seeing","72","23","female","left","49","26","100","9","0","","","",""
"8149","","","survey-text","1","18211","0.0-1.0","o1zjl6","Sat Oct 08 2022 20:06:39 GMT+0200 (CEST)","2022","10","8","20","6","39","dan72","Housework","Inner seeing","72","23","female","left","49","26","100","9","0","{""Q0"":""dan72""}","","",""
"14915","","","survey-multi-choice","2","33134","0.0-2.0","o1zjl6","Sat Oct 08 2022 20:06:39 GMT+0200 (CEST)","2022","10","8","20","6","39","dan72","Housework","Inner seeing","72","23","female","left","49","26","100","9","0","{""Activity"":""Housework""}","[0]","",""
"7568","","","survey-multi-choice","3","40705","0.0-3.0","o1zjl6","Sat Oct 08 2022 20:06:39 GMT+0200 (CEST)","2022","10","8","20","6","39","dan72","Housework","Inner seeing","72","23","female","left","49","26","100","9","0","{""MentalActivity"":""Inner seeing""}","[0]","",""
"11355","","","survey-multi-choice","4","52071","0.0-4.0","o1zjl6","Sat Oct 08 2022 20:06:39 GMT+0200 (CEST)","2022","10","8","20","6","39","dan72","Housework","Inner seeing","72","23","female","left","49","26","100","9","0","{""HeartRate"":""72""}","[0]","",""
"4627","","","survey-text","5","56706","0.0-5.0","o1zjl6","Sat Oct 08 2022 20:06:39 GMT+0200 (CEST)","2022","10","8","20","6","39","dan72","Housework","Inner seeing","72","23","female","left","49","26","100","9","0","{""Q0"":""23""}","","",""
"3538","","","survey-multi-choice","6","60249","0.0-6.0","o1zjl6","Sat Oct 08 2022 20:06:39 GMT+0200 (CEST)","2022","10","8","20","6","39","dan72","Housework","Inner seeing","72","23","female","left","49","26","100","9","0","{""Gender"":""female"",""Hand"":""left""}","[0,1]","",""
"10322","<p>How Sad/Angry or Happy are you right now?</p>","","html-slider-response","7","70578","0.0-7.0","o1zjl6","Sat Oct 08 2022 20:06:39 GMT+0200 (CEST)","2022","10","8","20","6","39","dan72","Housework","Inner seeing","72","23","female","left","49","26","100","9","0","","","50","49"
"10672","<p>How Tired/Sleepy/Distracted or Fresh/Awake/Alert are you right now?</p>","","html-slider-response","8","81255","0.0-8.0","o1zjl6","Sat Oct 08 2022 20:06:39 GMT+0200 (CEST)","2022","10","8","20","6","39","dan72","Housework","Inner seeing","72","23","female","left","49","26","100","9","0","","","50","26"
"11397","<p>How Hungry or Satiated are you right now?</p>","","html-slider-response","9","92656","0.0-9.0","o1zjl6","Sat Oct 08 2022 20:06:39 GMT+0200 (CEST)","2022","10","8","20","6","39","dan72","Housework","Inner seeing","72","23","female","left","49","26","100","9","0","","","50","100"
"19293.999999999985","","","survey-multi-choice","10","111957","0.0-10.0","o1zjl6","Sat Oct 08 2022 20:06:39 GMT+0200 (CEST)","2022","10","8","20","6","39","dan72","Housework","Inner seeing","72","23","female","left","49","26","100","9","0","{""Sleep"":""9"",""Eat"":""0""}","[0,1]","",""
