"rt","stimulus","key_press","trial_type","trial_index","time_elapsed","internal_node_id","exp_id","Time","year","month","date","hour","minute","seconds","id","Activity","MentalActivity","HeartRate","age","Gender","Handedness","mood","fresh","hunger","H_since_Sleep","H_since_Eat","responses","question_order","slider_start","response"
"null","<p>Welcome to this 1 min. survey on daily rhythms, body and mood.</p><p>You will be asked to report your heart-rate</p><p>and given some questions about yourself.</p><p>Take the test when prompted and/or at different times of the day/night.</p><p>Please make a personal ID (three letters+ two numbers, e.g. ept23).</p><p>Write it down and use this ID whenever taking the test.</p>","null","html-keyboard-response","0","10017","0.0-0.0","55ey4n","Tue Sep 13 2022 13:02:42 GMT+0200 (CEST)","2022","9","13","13","2","42","yfg54","Doing sport","Unsymbolized thinking","147","23","female","right","100","77","72","5","1","","","",""
"11091","","","survey-text","1","21167","0.0-1.0","55ey4n","Tue Sep 13 2022 13:02:42 GMT+0200 (CEST)","2022","9","13","13","2","42","yfg54","Doing sport","Unsymbolized thinking","147","23","female","right","100","77","72","5","1","{""Q0"":""yfg54""}","","",""
"34535","","","survey-multi-choice","2","55710","0.0-2.0","55ey4n","Tue Sep 13 2022 13:02:42 GMT+0200 (CEST)","2022","9","13","13","2","42","yfg54","Doing sport","Unsymbolized thinking","147","23","female","right","100","77","72","5","1","{""Activity"":""Doing sport""}","[0]","",""
"5600","","","survey-multi-choice","3","61314","0.0-3.0","55ey4n","Tue Sep 13 2022 13:02:42 GMT+0200 (CEST)","2022","9","13","13","2","42","yfg54","Doing sport","Unsymbolized thinking","147","23","female","right","100","77","72","5","1","{""MentalActivity"":""Unsymbolized thinking""}","[0]","",""
"59505.000000000015","","","survey-multi-choice","4","120830","0.0-4.0","55ey4n","Tue Sep 13 2022 13:02:42 GMT+0200 (CEST)","2022","9","13","13","2","42","yfg54","Doing sport","Unsymbolized thinking","147","23","female","right","100","77","72","5","1","{""HeartRate"":""147""}","[0]","",""
"3589","","","survey-text","5","124436","0.0-5.0","55ey4n","Tue Sep 13 2022 13:02:42 GMT+0200 (CEST)","2022","9","13","13","2","42","yfg54","Doing sport","Unsymbolized thinking","147","23","female","right","100","77","72","5","1","{""Q0"":""23""}","","",""
"7068","","","survey-multi-choice","6","131508","0.0-6.0","55ey4n","Tue Sep 13 2022 13:02:42 GMT+0200 (CEST)","2022","9","13","13","2","42","yfg54","Doing sport","Unsymbolized thinking","147","23","female","right","100","77","72","5","1","{""Gender"":""female"",""Hand"":""right""}","[0,1]","",""
"4787","<p>How Sad/Angry or Happy are you right now?</p>","","html-slider-response","7","136307","0.0-7.0","55ey4n","Tue Sep 13 2022 13:02:42 GMT+0200 (CEST)","2022","9","13","13","2","42","yfg54","Doing sport","Unsymbolized thinking","147","23","female","right","100","77","72","5","1","","","50","100"
"8301","<p>How Tired/Sleepy/Distracted or Fresh/Awake/Alert are you right now?</p>","","html-slider-response","8","144612","0.0-8.0","55ey4n","Tue Sep 13 2022 13:02:42 GMT+0200 (CEST)","2022","9","13","13","2","42","yfg54","Doing sport","Unsymbolized thinking","147","23","female","right","100","77","72","5","1","","","50","77"
"3628","<p>How Hungry or Satiated are you right now?</p>","","html-slider-response","9","148244","0.0-9.0","55ey4n","Tue Sep 13 2022 13:02:42 GMT+0200 (CEST)","2022","9","13","13","2","42","yfg54","Doing sport","Unsymbolized thinking","147","23","female","right","100","77","72","5","1","","","50","72"
"27122","","","survey-multi-choice","10","175371","0.0-10.0","55ey4n","Tue Sep 13 2022 13:02:42 GMT+0200 (CEST)","2022","9","13","13","2","42","yfg54","Doing sport","Unsymbolized thinking","147","23","female","right","100","77","72","5","1","{""Sleep"":""5"",""Eat"":""1""}","[0,1]","",""
