"rt","stimulus","key_press","trial_type","trial_index","time_elapsed","internal_node_id","exp_id","Time","year","month","date","hour","minute","seconds","id","Activity","MentalActivity","HeartRate","age","Gender","Handedness","mood","fresh","hunger","H_since_Sleep","H_since_Eat","responses","question_order","slider_start","response"
"null","<p>Welcome to this 1 min. survey on daily rhythms, body and mood.</p><p>You will be asked to report your heart-rate</p><p>and given some questions about yourself.</p><p>Take the test when prompted and/or at different times of the day/night.</p><p>Please make a personal ID (three letters+ two numbers, e.g. ept23).</p><p>Write it down and use this ID whenever taking the test.</p>","null","html-keyboard-response","0","10009","0.0-0.0","my2eoe","Sat Sep 10 2022 13:49:01 GMT+0200 (CEST)","2022","9","10","13","49","1","luc21","Commuting","Unsymbolized thinking","81","23","male","right","100","43","100","5","0","","","",""
"7201","","","survey-text","1","17222","0.0-1.0","my2eoe","Sat Sep 10 2022 13:49:01 GMT+0200 (CEST)","2022","9","10","13","49","1","luc21","Commuting","Unsymbolized thinking","81","23","male","right","100","43","100","5","0","{""Q0"":""luc21""}","","",""
"16540","","","survey-multi-choice","2","33765","0.0-2.0","my2eoe","Sat Sep 10 2022 13:49:01 GMT+0200 (CEST)","2022","9","10","13","49","1","luc21","Commuting","Unsymbolized thinking","81","23","male","right","100","43","100","5","0","{""Activity"":""Commuting""}","[0]","",""
"6384","","","survey-multi-choice","3","40151","0.0-3.0","my2eoe","Sat Sep 10 2022 13:49:01 GMT+0200 (CEST)","2022","9","10","13","49","1","luc21","Commuting","Unsymbolized thinking","81","23","male","right","100","43","100","5","0","{""MentalActivity"":""Unsymbolized thinking""}","[0]","",""
"41162.000000000015","","","survey-multi-choice","4","81320","0.0-4.0","my2eoe","Sat Sep 10 2022 13:49:01 GMT+0200 (CEST)","2022","9","10","13","49","1","luc21","Commuting","Unsymbolized thinking","81","23","male","right","100","43","100","5","0","{""HeartRate"":""81""}","[0]","",""
"3125","","","survey-text","5","84454","0.0-5.0","my2eoe","Sat Sep 10 2022 13:49:01 GMT+0200 (CEST)","2022","9","10","13","49","1","luc21","Commuting","Unsymbolized thinking","81","23","male","right","100","43","100","5","0","{""Q0"":""23""}","","",""
"3107","","","survey-multi-choice","6","87562","0.0-6.0","my2eoe","Sat Sep 10 2022 13:49:01 GMT+0200 (CEST)","2022","9","10","13","49","1","luc21","Commuting","Unsymbolized thinking","81","23","male","right","100","43","100","5","0","{""Gender"":""male"",""Hand"":""right""}","[0,1]","",""
"2799.9999999999854","<p>How Sad/Angry or Happy are you right now?</p>","","html-slider-response","7","90367","0.0-7.0","my2eoe","Sat Sep 10 2022 13:49:01 GMT+0200 (CEST)","2022","9","10","13","49","1","luc21","Commuting","Unsymbolized thinking","81","23","male","right","100","43","100","5","0","","","50","100"
"3209.0000000000146","<p>How Tired/Sleepy/Distracted or Fresh/Awake/Alert are you right now?</p>","","html-slider-response","8","93579","0.0-8.0","my2eoe","Sat Sep 10 2022 13:49:01 GMT+0200 (CEST)","2022","9","10","13","49","1","luc21","Commuting","Unsymbolized thinking","81","23","male","right","100","43","100","5","0","","","50","43"
"2528.9999999999854","<p>How Hungry or Satiated are you right now?</p>","","html-slider-response","9","96110","0.0-9.0","my2eoe","Sat Sep 10 2022 13:49:01 GMT+0200 (CEST)","2022","9","10","13","49","1","luc21","Commuting","Unsymbolized thinking","81","23","male","right","100","43","100","5","0","","","50","100"
"13686","","","survey-multi-choice","10","109802","0.0-10.0","my2eoe","Sat Sep 10 2022 13:49:01 GMT+0200 (CEST)","2022","9","10","13","49","1","luc21","Commuting","Unsymbolized thinking","81","23","male","right","100","43","100","5","0","{""Sleep"":""5"",""Eat"":""0""}","[0,1]","",""
