"rt","stimulus","key_press","trial_type","trial_index","time_elapsed","internal_node_id","exp_id","Time","year","month","date","hour","minute","seconds","id","Activity","MentalActivity","HeartRate","age","Gender","Handedness","mood","fresh","hunger","H_since_Sleep","H_since_Eat","responses","question_order","slider_start","response"
"null","<p>Welcome to this 1 min. survey on daily rhythms, body and mood.</p><p>You will be asked to report your heart-rate</p><p>and given some questions about yourself.</p><p>Take the test when prompted and/or at different times of the day/night.</p><p>Please make a personal ID (three letters+ two numbers, e.g. ept23).</p><p>Write it down and use this ID whenever taking the test.</p>","null","html-keyboard-response","0","10027","0.0-0.0","tttbl4","Tue Sep 13 2022 20:35:52 GMT+0200 (CEST)","2022","9","13","20","35","52","www11","Eating","Unsymbolized thinking","59","25","male","right","76","74","100","14","0","","","",""
"8036","","","survey-text","1","18088","0.0-1.0","tttbl4","Tue Sep 13 2022 20:35:52 GMT+0200 (CEST)","2022","9","13","20","35","52","www11","Eating","Unsymbolized thinking","59","25","male","right","76","74","100","14","0","{""Q0"":""www11""}","","",""
"7229","","","survey-multi-choice","2","25324","0.0-2.0","tttbl4","Tue Sep 13 2022 20:35:52 GMT+0200 (CEST)","2022","9","13","20","35","52","www11","Eating","Unsymbolized thinking","59","25","male","right","76","74","100","14","0","{""Activity"":""Eating""}","[0]","",""
"4886","","","survey-multi-choice","3","30214","0.0-3.0","tttbl4","Tue Sep 13 2022 20:35:52 GMT+0200 (CEST)","2022","9","13","20","35","52","www11","Eating","Unsymbolized thinking","59","25","male","right","76","74","100","14","0","{""MentalActivity"":""Unsymbolized thinking""}","[0]","",""
"6886","","","survey-multi-choice","4","37114","0.0-4.0","tttbl4","Tue Sep 13 2022 20:35:52 GMT+0200 (CEST)","2022","9","13","20","35","52","www11","Eating","Unsymbolized thinking","59","25","male","right","76","74","100","14","0","{""HeartRate"":""59""}","[0]","",""
"4589.000000000007","","","survey-text","5","41715","0.0-5.0","tttbl4","Tue Sep 13 2022 20:35:52 GMT+0200 (CEST)","2022","9","13","20","35","52","www11","Eating","Unsymbolized thinking","59","25","male","right","76","74","100","14","0","{""Q0"":""25""}","","",""
"2433","","","survey-multi-choice","6","44154","0.0-6.0","tttbl4","Tue Sep 13 2022 20:35:52 GMT+0200 (CEST)","2022","9","13","20","35","52","www11","Eating","Unsymbolized thinking","59","25","male","right","76","74","100","14","0","{""Gender"":""male"",""Hand"":""right""}","[0,1]","",""
"8485.999999999993","<p>How Sad/Angry or Happy are you right now?</p>","","html-slider-response","7","52644","0.0-7.0","tttbl4","Tue Sep 13 2022 20:35:52 GMT+0200 (CEST)","2022","9","13","20","35","52","www11","Eating","Unsymbolized thinking","59","25","male","right","76","74","100","14","0","","","50","76"
"3969","<p>How Tired/Sleepy/Distracted or Fresh/Awake/Alert are you right now?</p>","","html-slider-response","8","56617","0.0-8.0","tttbl4","Tue Sep 13 2022 20:35:52 GMT+0200 (CEST)","2022","9","13","20","35","52","www11","Eating","Unsymbolized thinking","59","25","male","right","76","74","100","14","0","","","50","74"
"16393","<p>How Hungry or Satiated are you right now?</p>","","html-slider-response","9","73015","0.0-9.0","tttbl4","Tue Sep 13 2022 20:35:52 GMT+0200 (CEST)","2022","9","13","20","35","52","www11","Eating","Unsymbolized thinking","59","25","male","right","76","74","100","14","0","","","50","100"
"57954","","","survey-multi-choice","10","130980","0.0-10.0","tttbl4","Tue Sep 13 2022 20:35:52 GMT+0200 (CEST)","2022","9","13","20","35","52","www11","Eating","Unsymbolized thinking","59","25","male","right","76","74","100","14","0","{""Sleep"":""14"",""Eat"":""0""}","[0,1]","",""
