"rt","stimulus","key_press","trial_type","trial_index","time_elapsed","internal_node_id","exp_id","Time","year","month","date","hour","minute","seconds","id","Activity","MentalActivity","HeartRate","age","Gender","Handedness","mood","fresh","hunger","H_since_Sleep","H_since_Eat","responses","question_order","slider_start","response"
"null","<p>Welcome to this 1 min. survey on daily rhythms, body and mood.</p><p>You will be asked to report your heart-rate</p><p>and given some questions about yourself.</p><p>Take the test when prompted and/or at different times of the day/night.</p><p>Please make a personal ID (three letters+ two numbers, e.g. ept23).</p><p>Write it down and use this ID whenever taking the test.</p>","null","html-keyboard-response","0","12659","0.0-0.0","2p8qu5","Tue Oct 18 2022 10:12:18 GMT+0200 (Centraleuropæisk sommertid)","2022","10","18","10","12","18","kau00","Texting, Emailing, Social Networking","Inner voice","72","23","female","right","72","60","90","1","0","","","",""
"3710","","","survey-text","1","16395","0.0-1.0","2p8qu5","Tue Oct 18 2022 10:12:18 GMT+0200 (Centraleuropæisk sommertid)","2022","10","18","10","12","18","kau00","Texting, Emailing, Social Networking","Inner voice","72","23","female","right","72","60","90","1","0","{""Q0"":""kau00""}","","",""
"14840","","","survey-multi-choice","2","31239","0.0-2.0","2p8qu5","Tue Oct 18 2022 10:12:18 GMT+0200 (Centraleuropæisk sommertid)","2022","10","18","10","12","18","kau00","Texting, Emailing, Social Networking","Inner voice","72","23","female","right","72","60","90","1","0","{""Activity"":""Texting, Emailing, Social Networking""}","[0]","",""
"3952.0000000000036","","","survey-multi-choice","3","35193","0.0-3.0","2p8qu5","Tue Oct 18 2022 10:12:18 GMT+0200 (Centraleuropæisk sommertid)","2022","10","18","10","12","18","kau00","Texting, Emailing, Social Networking","Inner voice","72","23","female","right","72","60","90","1","0","{""MentalActivity"":""Inner voice""}","[0]","",""
"179460","","","survey-multi-choice","4","214663","0.0-4.0","2p8qu5","Tue Oct 18 2022 10:12:18 GMT+0200 (Centraleuropæisk sommertid)","2022","10","18","10","12","18","kau00","Texting, Emailing, Social Networking","Inner voice","72","23","female","right","72","60","90","1","0","{""HeartRate"":""72""}","[0]","",""
"2745","","","survey-text","5","217420","0.0-5.0","2p8qu5","Tue Oct 18 2022 10:12:18 GMT+0200 (Centraleuropæisk sommertid)","2022","10","18","10","12","18","kau00","Texting, Emailing, Social Networking","Inner voice","72","23","female","right","72","60","90","1","0","{""Q0"":""23""}","","",""
"3866","","","survey-multi-choice","6","221289","0.0-6.0","2p8qu5","Tue Oct 18 2022 10:12:18 GMT+0200 (Centraleuropæisk sommertid)","2022","10","18","10","12","18","kau00","Texting, Emailing, Social Networking","Inner voice","72","23","female","right","72","60","90","1","0","{""Gender"":""female"",""Hand"":""right""}","[0,1]","",""
"2801","<p>How Sad/Angry or Happy are you right now?</p>","","html-slider-response","7","224096","0.0-7.0","2p8qu5","Tue Oct 18 2022 10:12:18 GMT+0200 (Centraleuropæisk sommertid)","2022","10","18","10","12","18","kau00","Texting, Emailing, Social Networking","Inner voice","72","23","female","right","72","60","90","1","0","","","50","72"
"3628","<p>How Tired/Sleepy/Distracted or Fresh/Awake/Alert are you right now?</p>","","html-slider-response","8","227727","0.0-8.0","2p8qu5","Tue Oct 18 2022 10:12:18 GMT+0200 (Centraleuropæisk sommertid)","2022","10","18","10","12","18","kau00","Texting, Emailing, Social Networking","Inner voice","72","23","female","right","72","60","90","1","0","","","50","60"
"3265.000000000029","<p>How Hungry or Satiated are you right now?</p>","","html-slider-response","9","230994","0.0-9.0","2p8qu5","Tue Oct 18 2022 10:12:18 GMT+0200 (Centraleuropæisk sommertid)","2022","10","18","10","12","18","kau00","Texting, Emailing, Social Networking","Inner voice","72","23","female","right","72","60","90","1","0","","","50","90"
"9545","","","survey-multi-choice","10","240545","0.0-10.0","2p8qu5","Tue Oct 18 2022 10:12:18 GMT+0200 (Centraleuropæisk sommertid)","2022","10","18","10","12","18","kau00","Texting, Emailing, Social Networking","Inner voice","72","23","female","right","72","60","90","1","0","{""Sleep"":""1"",""Eat"":""0""}","[0,1]","",""
