"rt","stimulus","key_press","trial_type","trial_index","time_elapsed","internal_node_id","exp_id","Time","year","month","date","hour","minute","seconds","id","Activity","MentalActivity","HeartRate","age","Gender","Handedness","mood","fresh","hunger","H_since_Sleep","H_since_Eat","responses","question_order","slider_start","response"
"null","<p>Welcome to this 1 min. survey on daily rhythms, body and mood.</p><p>You will be asked to report your heart-rate</p><p>and given some questions about yourself.</p><p>Take the test when prompted and/or at different times of the day/night.</p><p>Please make a personal ID (three letters+ two numbers, e.g. ept23).</p><p>Write it down and use this ID whenever taking the test.</p>","null","html-keyboard-response","0","10006","0.0-0.0","28on0u","Tue Oct 25 2022 17:21:17 GMT+0200 (Centraleuropæisk sommertid)","2022","10","25","17","21","17","kau00","Being on the Internet","Inner voice","78","23","female","right","61","47","35","8","0","","","",""
"5850.000000000002","","","survey-text","1","15873","0.0-1.0","28on0u","Tue Oct 25 2022 17:21:17 GMT+0200 (Centraleuropæisk sommertid)","2022","10","25","17","21","17","kau00","Being on the Internet","Inner voice","78","23","female","right","61","47","35","8","0","{""Q0"":""kau00""}","","",""
"9027","","","survey-multi-choice","2","24904","0.0-2.0","28on0u","Tue Oct 25 2022 17:21:17 GMT+0200 (Centraleuropæisk sommertid)","2022","10","25","17","21","17","kau00","Being on the Internet","Inner voice","78","23","female","right","61","47","35","8","0","{""Activity"":""Being on the Internet""}","[0]","",""
"2718","","","survey-multi-choice","3","27625","0.0-3.0","28on0u","Tue Oct 25 2022 17:21:17 GMT+0200 (Centraleuropæisk sommertid)","2022","10","25","17","21","17","kau00","Being on the Internet","Inner voice","78","23","female","right","61","47","35","8","0","{""MentalActivity"":""Inner voice""}","[0]","",""
"52208","","","survey-multi-choice","4","79841","0.0-4.0","28on0u","Tue Oct 25 2022 17:21:17 GMT+0200 (Centraleuropæisk sommertid)","2022","10","25","17","21","17","kau00","Being on the Internet","Inner voice","78","23","female","right","61","47","35","8","0","{""HeartRate"":""78""}","[0]","",""
"2496.0000000000146","","","survey-text","5","82348","0.0-5.0","28on0u","Tue Oct 25 2022 17:21:17 GMT+0200 (Centraleuropæisk sommertid)","2022","10","25","17","21","17","kau00","Being on the Internet","Inner voice","78","23","female","right","61","47","35","8","0","{""Q0"":""23""}","","",""
"3044.9999999999854","","","survey-multi-choice","6","85396","0.0-6.0","28on0u","Tue Oct 25 2022 17:21:17 GMT+0200 (Centraleuropæisk sommertid)","2022","10","25","17","21","17","kau00","Being on the Internet","Inner voice","78","23","female","right","61","47","35","8","0","{""Gender"":""female"",""Hand"":""right""}","[0,1]","",""
"4474","<p>How Sad/Angry or Happy are you right now?</p>","","html-slider-response","7","89876","0.0-7.0","28on0u","Tue Oct 25 2022 17:21:17 GMT+0200 (Centraleuropæisk sommertid)","2022","10","25","17","21","17","kau00","Being on the Internet","Inner voice","78","23","female","right","61","47","35","8","0","","","50","61"
"2895","<p>How Tired/Sleepy/Distracted or Fresh/Awake/Alert are you right now?</p>","","html-slider-response","8","92774","0.0-8.0","28on0u","Tue Oct 25 2022 17:21:17 GMT+0200 (Centraleuropæisk sommertid)","2022","10","25","17","21","17","kau00","Being on the Internet","Inner voice","78","23","female","right","61","47","35","8","0","","","50","47"
"4615","<p>How Hungry or Satiated are you right now?</p>","","html-slider-response","9","97391","0.0-9.0","28on0u","Tue Oct 25 2022 17:21:17 GMT+0200 (Centraleuropæisk sommertid)","2022","10","25","17","21","17","kau00","Being on the Internet","Inner voice","78","23","female","right","61","47","35","8","0","","","50","35"
"12576.000000000015","","","survey-multi-choice","10","109973","0.0-10.0","28on0u","Tue Oct 25 2022 17:21:17 GMT+0200 (Centraleuropæisk sommertid)","2022","10","25","17","21","17","kau00","Being on the Internet","Inner voice","78","23","female","right","61","47","35","8","0","{""Sleep"":""8"",""Eat"":""0""}","[0,1]","",""
