"rt","stimulus","key_press","trial_type","trial_index","time_elapsed","internal_node_id","exp_id","Time","year","month","date","hour","minute","seconds","id","Activity","MentalActivity","HeartRate","age","Gender","Handedness","mood","fresh","hunger","H_since_Sleep","H_since_Eat","responses","question_order","slider_start","response"
"null","<p>Welcome to this 1 min. survey on daily rhythms, body and mood.</p><p>You will be asked to report your heart-rate</p><p>and given some questions about yourself.</p><p>Take the test when prompted and/or at different times of the day/night.</p><p>Please make a personal ID (three letters+ two numbers, e.g. ept23).</p><p>Write it down and use this ID whenever taking the test.</p>","null","html-keyboard-response","0","10009","0.0-0.0","8ar9w1","Sat Oct 08 2022 23:11:02 GMT+0200 (CEST)","2022","10","8","23","11","2","pid10","Leisure","Sensory awareness","60","23","female","right","57","67","77","15","1","","","",""
"7660","","","survey-text","1","17684","0.0-1.0","8ar9w1","Sat Oct 08 2022 23:11:02 GMT+0200 (CEST)","2022","10","8","23","11","2","pid10","Leisure","Sensory awareness","60","23","female","right","57","67","77","15","1","{""Q0"":""pid10""}","","",""
"3866","","","survey-multi-choice","2","21554","0.0-2.0","8ar9w1","Sat Oct 08 2022 23:11:02 GMT+0200 (CEST)","2022","10","8","23","11","2","pid10","Leisure","Sensory awareness","60","23","female","right","57","67","77","15","1","{""Activity"":""Leisure""}","[0]","",""
"10917","","","survey-multi-choice","3","32473","0.0-3.0","8ar9w1","Sat Oct 08 2022 23:11:02 GMT+0200 (CEST)","2022","10","8","23","11","2","pid10","Leisure","Sensory awareness","60","23","female","right","57","67","77","15","1","{""MentalActivity"":""Sensory awareness""}","[0]","",""
"4462","","","survey-multi-choice","4","36943","0.0-4.0","8ar9w1","Sat Oct 08 2022 23:11:02 GMT+0200 (CEST)","2022","10","8","23","11","2","pid10","Leisure","Sensory awareness","60","23","female","right","57","67","77","15","1","{""HeartRate"":""60""}","[0]","",""
"3432","","","survey-text","5","40383","0.0-5.0","8ar9w1","Sat Oct 08 2022 23:11:02 GMT+0200 (CEST)","2022","10","8","23","11","2","pid10","Leisure","Sensory awareness","60","23","female","right","57","67","77","15","1","{""Q0"":""23""}","","",""
"2796","","","survey-multi-choice","6","43182","0.0-6.0","8ar9w1","Sat Oct 08 2022 23:11:02 GMT+0200 (CEST)","2022","10","8","23","11","2","pid10","Leisure","Sensory awareness","60","23","female","right","57","67","77","15","1","{""Gender"":""female"",""Hand"":""right""}","[0,1]","",""
"4977","<p>How Sad/Angry or Happy are you right now?</p>","","html-slider-response","7","48163","0.0-7.0","8ar9w1","Sat Oct 08 2022 23:11:02 GMT+0200 (CEST)","2022","10","8","23","11","2","pid10","Leisure","Sensory awareness","60","23","female","right","57","67","77","15","1","","","50","57"
"4500","<p>How Tired/Sleepy/Distracted or Fresh/Awake/Alert are you right now?</p>","","html-slider-response","8","52666","0.0-8.0","8ar9w1","Sat Oct 08 2022 23:11:02 GMT+0200 (CEST)","2022","10","8","23","11","2","pid10","Leisure","Sensory awareness","60","23","female","right","57","67","77","15","1","","","50","67"
"8418","<p>How Hungry or Satiated are you right now?</p>","","html-slider-response","9","61087","0.0-9.0","8ar9w1","Sat Oct 08 2022 23:11:02 GMT+0200 (CEST)","2022","10","8","23","11","2","pid10","Leisure","Sensory awareness","60","23","female","right","57","67","77","15","1","","","50","77"
"46051","","","survey-multi-choice","10","107144","0.0-10.0","8ar9w1","Sat Oct 08 2022 23:11:02 GMT+0200 (CEST)","2022","10","8","23","11","2","pid10","Leisure","Sensory awareness","60","23","female","right","57","67","77","15","1","{""Sleep"":""15"",""Eat"":""1""}","[0,1]","",""
