"rt","stimulus","key_press","trial_type","trial_index","time_elapsed","internal_node_id","exp_id","Time","year","month","date","hour","minute","seconds","id","Activity","MentalActivity","HeartRate","age","Gender","Handedness","mood","fresh","hunger","H_since_Sleep","H_since_Eat","responses","question_order","slider_start","response"
"null","<p>Welcome to this 1 min. survey on daily rhythms, body and mood.</p><p>You will be asked to report your heart-rate</p><p>and given some questions about yourself.</p><p>Take the test when prompted and/or at different times of the day/night.</p><p>Please make a personal ID (three letters+ two numbers, e.g. ept23).</p><p>Write it down and use this ID whenever taking the test.</p>","null","html-keyboard-response","0","10295","0.0-0.0","tgysa0","Mon Sep 19 2022 21:39:27 GMT+0200 (Central European Summer Time)","2022","9","19","21","39","27","jqi11","Sleeping, Resting","Feelings","72","28","female","right","100","87","100","5","3","","","",""
"61196.700000047684","","","survey-text","1","71526","0.0-1.0","tgysa0","Mon Sep 19 2022 21:39:27 GMT+0200 (Central European Summer Time)","2022","9","19","21","39","27","jqi11","Sleeping, Resting","Feelings","72","28","female","right","100","87","100","5","3","{""Q0"":""jqi11""}","","",""
"18612.400000095367","","","survey-multi-choice","2","90155","0.0-2.0","tgysa0","Mon Sep 19 2022 21:39:27 GMT+0200 (Central European Summer Time)","2022","9","19","21","39","27","jqi11","Sleeping, Resting","Feelings","72","28","female","right","100","87","100","5","3","{""Activity"":""Sleeping, Resting""}","[0]","",""
"25799.899999976158","","","survey-multi-choice","3","115967","0.0-3.0","tgysa0","Mon Sep 19 2022 21:39:27 GMT+0200 (Central European Summer Time)","2022","9","19","21","39","27","jqi11","Sleeping, Resting","Feelings","72","28","female","right","100","87","100","5","3","{""MentalActivity"":""Feelings""}","[0]","",""
"3045.0999999046326","","","survey-multi-choice","4","119052","0.0-4.0","tgysa0","Mon Sep 19 2022 21:39:27 GMT+0200 (Central European Summer Time)","2022","9","19","21","39","27","jqi11","Sleeping, Resting","Feelings","72","28","female","right","100","87","100","5","3","{""HeartRate"":""72""}","[0]","",""
"3639.3000000715256","","","survey-text","5","122705","0.0-5.0","tgysa0","Mon Sep 19 2022 21:39:27 GMT+0200 (Central European Summer Time)","2022","9","19","21","39","27","jqi11","Sleeping, Resting","Feelings","72","28","female","right","100","87","100","5","3","{""Q0"":""28""}","","",""
"3249.8000000715256","","","survey-multi-choice","6","125969","0.0-6.0","tgysa0","Mon Sep 19 2022 21:39:27 GMT+0200 (Central European Summer Time)","2022","9","19","21","39","27","jqi11","Sleeping, Resting","Feelings","72","28","female","right","100","87","100","5","3","{""Gender"":""female"",""Hand"":""right""}","[0,1]","",""
"16835.899999976158","<p>How Sad/Angry or Happy are you right now?</p>","","html-slider-response","7","142817","0.0-7.0","tgysa0","Mon Sep 19 2022 21:39:27 GMT+0200 (Central European Summer Time)","2022","9","19","21","39","27","jqi11","Sleeping, Resting","Feelings","72","28","female","right","100","87","100","5","3","","","50","100"
"5205.399999976158","<p>How Tired/Sleepy/Distracted or Fresh/Awake/Alert are you right now?</p>","","html-slider-response","8","148032","0.0-8.0","tgysa0","Mon Sep 19 2022 21:39:27 GMT+0200 (Central European Summer Time)","2022","9","19","21","39","27","jqi11","Sleeping, Resting","Feelings","72","28","female","right","100","87","100","5","3","","","50","87"
"5023.799999952316","<p>How Hungry or Satiated are you right now?</p>","","html-slider-response","9","153069","0.0-9.0","tgysa0","Mon Sep 19 2022 21:39:27 GMT+0200 (Central European Summer Time)","2022","9","19","21","39","27","jqi11","Sleeping, Resting","Feelings","72","28","female","right","100","87","100","5","3","","","50","100"
"15524.899999976158","","","survey-multi-choice","10","168620","0.0-10.0","tgysa0","Mon Sep 19 2022 21:39:27 GMT+0200 (Central European Summer Time)","2022","9","19","21","39","27","jqi11","Sleeping, Resting","Feelings","72","28","female","right","100","87","100","5","3","{""Sleep"":""5"",""Eat"":""3""}","[0,1]","",""
