"rt","stimulus","key_press","trial_type","trial_index","time_elapsed","internal_node_id","exp_id","Time","year","month","date","hour","minute","seconds","id","Activity","MentalActivity","HeartRate","age","Gender","Handedness","mood","fresh","hunger","H_since_Sleep","H_since_Eat","responses","question_order","slider_start","response"
"null","<p>Welcome to this 1 min. survey on daily rhythms, body and mood.</p><p>You will be asked to report your heart-rate</p><p>and given some questions about yourself.</p><p>Take the test when prompted and/or at different times of the day/night.</p><p>Please make a personal ID (three letters+ two numbers, e.g. ept23).</p><p>Write it down and use this ID whenever taking the test.</p>","null","html-keyboard-response","0","10004","0.0-0.0","9mk389","Sun Oct 30 2022 21:08:59 GMT+0100 (CET)","2022","10","30","21","8","59","pid10","Watching TV","Feelings","63","23","female","right","15","20","65","10","1","","","",""
"8422.000000000004","","","survey-text","1","18435","0.0-1.0","9mk389","Sun Oct 30 2022 21:08:59 GMT+0100 (CET)","2022","10","30","21","8","59","pid10","Watching TV","Feelings","63","23","female","right","15","20","65","10","1","{""Q0"":""pid10""}","","",""
"9202.999999999996","","","survey-multi-choice","2","27642","0.0-2.0","9mk389","Sun Oct 30 2022 21:08:59 GMT+0100 (CET)","2022","10","30","21","8","59","pid10","Watching TV","Feelings","63","23","female","right","15","20","65","10","1","{""Activity"":""Watching TV""}","[0]","",""
"19557","","","survey-multi-choice","3","47201","0.0-3.0","9mk389","Sun Oct 30 2022 21:08:59 GMT+0100 (CET)","2022","10","30","21","8","59","pid10","Watching TV","Feelings","63","23","female","right","15","20","65","10","1","{""MentalActivity"":""Feelings""}","[0]","",""
"17417","","","survey-multi-choice","4","64625","0.0-4.0","9mk389","Sun Oct 30 2022 21:08:59 GMT+0100 (CET)","2022","10","30","21","8","59","pid10","Watching TV","Feelings","63","23","female","right","15","20","65","10","1","{""HeartRate"":""63""}","[0]","",""
"4486","","","survey-text","5","69119","0.0-5.0","9mk389","Sun Oct 30 2022 21:08:59 GMT+0100 (CET)","2022","10","30","21","8","59","pid10","Watching TV","Feelings","63","23","female","right","15","20","65","10","1","{""Q0"":""23""}","","",""
"3241","","","survey-multi-choice","6","72362","0.0-6.0","9mk389","Sun Oct 30 2022 21:08:59 GMT+0100 (CET)","2022","10","30","21","8","59","pid10","Watching TV","Feelings","63","23","female","right","15","20","65","10","1","{""Gender"":""female"",""Hand"":""right""}","[0,1]","",""
"8254","<p>How Sad/Angry or Happy are you right now?</p>","","html-slider-response","7","80620","0.0-7.0","9mk389","Sun Oct 30 2022 21:08:59 GMT+0100 (CET)","2022","10","30","21","8","59","pid10","Watching TV","Feelings","63","23","female","right","15","20","65","10","1","","","50","15"
"9389","<p>How Tired/Sleepy/Distracted or Fresh/Awake/Alert are you right now?</p>","","html-slider-response","8","90011","0.0-8.0","9mk389","Sun Oct 30 2022 21:08:59 GMT+0100 (CET)","2022","10","30","21","8","59","pid10","Watching TV","Feelings","63","23","female","right","15","20","65","10","1","","","50","20"
"4116","<p>How Hungry or Satiated are you right now?</p>","","html-slider-response","9","94130","0.0-9.0","9mk389","Sun Oct 30 2022 21:08:59 GMT+0100 (CET)","2022","10","30","21","8","59","pid10","Watching TV","Feelings","63","23","female","right","15","20","65","10","1","","","50","65"
"15117","","","survey-multi-choice","10","109252","0.0-10.0","9mk389","Sun Oct 30 2022 21:08:59 GMT+0100 (CET)","2022","10","30","21","8","59","pid10","Watching TV","Feelings","63","23","female","right","15","20","65","10","1","{""Sleep"":""10"",""Eat"":""1""}","[0,1]","",""
