"rt","stimulus","key_press","trial_type","trial_index","time_elapsed","internal_node_id","exp_id","Time","year","month","date","hour","minute","seconds","id","Activity","MentalActivity","HeartRate","age","Gender","Handedness","mood","fresh","hunger","H_since_Sleep","H_since_Eat","responses","question_order","slider_start","response"
"null","<p>Welcome to this 1 min. survey on daily rhythms, body and mood.</p><p>You will be asked to report your heart-rate</p><p>and given some questions about yourself.</p><p>Take the test when prompted and/or at different times of the day/night.</p><p>Please make a personal ID (three letters+ two numbers, e.g. ept23).</p><p>Write it down and use this ID whenever taking the test.</p>","null","html-keyboard-response","0","10022","0.0-0.0","hecqqy","Tue Sep 27 2022 14:00:09 GMT+0200 (Central European Summer Time)","2022","9","27","14","0","9","POP33","Working, Studying","Inner voice","75","25","female","right","82","63","81","8","2","","","",""
"12459.800000011921","","","survey-text","1","22517","0.0-1.0","hecqqy","Tue Sep 27 2022 14:00:09 GMT+0200 (Central European Summer Time)","2022","9","27","14","0","9","POP33","Working, Studying","Inner voice","75","25","female","right","82","63","81","8","2","{""Q0"":""POP33""}","","",""
"18889.90000000596","","","survey-multi-choice","2","41421","0.0-2.0","hecqqy","Tue Sep 27 2022 14:00:09 GMT+0200 (Central European Summer Time)","2022","9","27","14","0","9","POP33","Working, Studying","Inner voice","75","25","female","right","82","63","81","8","2","{""Activity"":""Working, Studying""}","[0]","",""
"4844.700000017881","","","survey-multi-choice","3","46274","0.0-3.0","hecqqy","Tue Sep 27 2022 14:00:09 GMT+0200 (Central European Summer Time)","2022","9","27","14","0","9","POP33","Working, Studying","Inner voice","75","25","female","right","82","63","81","8","2","{""MentalActivity"":""Inner voice""}","[0]","",""
"23803.20000001788","","","survey-multi-choice","4","70094","0.0-4.0","hecqqy","Tue Sep 27 2022 14:00:09 GMT+0200 (Central European Summer Time)","2022","9","27","14","0","9","POP33","Working, Studying","Inner voice","75","25","female","right","82","63","81","8","2","{""HeartRate"":""75""}","[0]","",""
"2821.699999988079","","","survey-text","5","72926","0.0-5.0","hecqqy","Tue Sep 27 2022 14:00:09 GMT+0200 (Central European Summer Time)","2022","9","27","14","0","9","POP33","Working, Studying","Inner voice","75","25","female","right","82","63","81","8","2","{""Q0"":""25""}","","",""
"13948.199999988079","","","survey-multi-choice","6","86884","0.0-6.0","hecqqy","Tue Sep 27 2022 14:00:09 GMT+0200 (Central European Summer Time)","2022","9","27","14","0","9","POP33","Working, Studying","Inner voice","75","25","female","right","82","63","81","8","2","{""Gender"":""female"",""Hand"":""right""}","[0,1]","",""
"5000.899999976158","<p>How Sad/Angry or Happy are you right now?</p>","","html-slider-response","7","91893","0.0-7.0","hecqqy","Tue Sep 27 2022 14:00:09 GMT+0200 (Central European Summer Time)","2022","9","27","14","0","9","POP33","Working, Studying","Inner voice","75","25","female","right","82","63","81","8","2","","","50","82"
"3353.699999988079","<p>How Tired/Sleepy/Distracted or Fresh/Awake/Alert are you right now?</p>","","html-slider-response","8","95253","0.0-8.0","hecqqy","Tue Sep 27 2022 14:00:09 GMT+0200 (Central European Summer Time)","2022","9","27","14","0","9","POP33","Working, Studying","Inner voice","75","25","female","right","82","63","81","8","2","","","50","63"
"14949","<p>How Hungry or Satiated are you right now?</p>","","html-slider-response","9","110208","0.0-9.0","hecqqy","Tue Sep 27 2022 14:00:09 GMT+0200 (Central European Summer Time)","2022","9","27","14","0","9","POP33","Working, Studying","Inner voice","75","25","female","right","82","63","81","8","2","","","50","81"
"17775.20000001788","","","survey-multi-choice","10","127994","0.0-10.0","hecqqy","Tue Sep 27 2022 14:00:09 GMT+0200 (Central European Summer Time)","2022","9","27","14","0","9","POP33","Working, Studying","Inner voice","75","25","female","right","82","63","81","8","2","{""Sleep"":""8"",""Eat"":""2""}","[0,1]","",""
