"rt","stimulus","key_press","trial_type","trial_index","time_elapsed","internal_node_id","exp_id","Time","year","month","date","hour","minute","seconds","id","Activity","MentalActivity","HeartRate","age","Gender","Handedness","mood","fresh","hunger","H_since_Sleep","H_since_Eat","responses","question_order","slider_start","response"
"null","<p>Welcome to this 1 min. survey on daily rhythms, body and mood.</p><p>You will be asked to report your heart-rate</p><p>and given some questions about yourself.</p><p>Take the test when prompted and/or at different times of the day/night.</p><p>Please make a personal ID (three letters+ two numbers, e.g. ept23).</p><p>Write it down and use this ID whenever taking the test.</p>","null","html-keyboard-response","0","10628","0.0-0.0","d8o0bs","Fri Sep 23 2022 06:56:49 GMT+0200 (Central European Summer Time)","2022","9","23","6","56","49","POP33","Sleeping, Resting","Inner voice","60","25","female","right","55","26","63","0","12","","","",""
"36638.79999999702","","","survey-text","1","47307","0.0-1.0","d8o0bs","Fri Sep 23 2022 06:56:49 GMT+0200 (Central European Summer Time)","2022","9","23","6","56","49","POP33","Sleeping, Resting","Inner voice","60","25","female","right","55","26","63","0","12","{""Q0"":""POP33""}","","",""
"6429.100000008941","","","survey-multi-choice","2","53752","0.0-2.0","d8o0bs","Fri Sep 23 2022 06:56:49 GMT+0200 (Central European Summer Time)","2022","9","23","6","56","49","POP33","Sleeping, Resting","Inner voice","60","25","female","right","55","26","63","0","12","{""Activity"":""Sleeping, Resting""}","[0]","",""
"7145.300000011921","","","survey-multi-choice","3","60905","0.0-3.0","d8o0bs","Fri Sep 23 2022 06:56:49 GMT+0200 (Central European Summer Time)","2022","9","23","6","56","49","POP33","Sleeping, Resting","Inner voice","60","25","female","right","55","26","63","0","12","{""MentalActivity"":""Inner voice""}","[0]","",""
"6629","","","survey-multi-choice","4","67557","0.0-4.0","d8o0bs","Fri Sep 23 2022 06:56:49 GMT+0200 (Central European Summer Time)","2022","9","23","6","56","49","POP33","Sleeping, Resting","Inner voice","60","25","female","right","55","26","63","0","12","{""HeartRate"":""60""}","[0]","",""
"4075.7999999970198","","","survey-text","5","71653","0.0-5.0","d8o0bs","Fri Sep 23 2022 06:56:49 GMT+0200 (Central European Summer Time)","2022","9","23","6","56","49","POP33","Sleeping, Resting","Inner voice","60","25","female","right","55","26","63","0","12","{""Q0"":""25""}","","",""
"6258.5","","","survey-multi-choice","6","77920","0.0-6.0","d8o0bs","Fri Sep 23 2022 06:56:49 GMT+0200 (Central European Summer Time)","2022","9","23","6","56","49","POP33","Sleeping, Resting","Inner voice","60","25","female","right","55","26","63","0","12","{""Gender"":""female"",""Hand"":""right""}","[0,1]","",""
"9148.59999999404","<p>How Sad/Angry or Happy are you right now?</p>","","html-slider-response","7","87077","0.0-7.0","d8o0bs","Fri Sep 23 2022 06:56:49 GMT+0200 (Central European Summer Time)","2022","9","23","6","56","49","POP33","Sleeping, Resting","Inner voice","60","25","female","right","55","26","63","0","12","","","50","55"
"4911.5999999940395","<p>How Tired/Sleepy/Distracted or Fresh/Awake/Alert are you right now?</p>","","html-slider-response","8","91994","0.0-8.0","d8o0bs","Fri Sep 23 2022 06:56:49 GMT+0200 (Central European Summer Time)","2022","9","23","6","56","49","POP33","Sleeping, Resting","Inner voice","60","25","female","right","55","26","63","0","12","","","50","26"
"5969","<p>How Hungry or Satiated are you right now?</p>","","html-slider-response","9","97969","0.0-9.0","d8o0bs","Fri Sep 23 2022 06:56:49 GMT+0200 (Central European Summer Time)","2022","9","23","6","56","49","POP33","Sleeping, Resting","Inner voice","60","25","female","right","55","26","63","0","12","","","50","63"
"37208.89999999106","","","survey-multi-choice","10","135188","0.0-10.0","d8o0bs","Fri Sep 23 2022 06:56:49 GMT+0200 (Central European Summer Time)","2022","9","23","6","56","49","POP33","Sleeping, Resting","Inner voice","60","25","female","right","55","26","63","0","12","{""Sleep"":""0"",""Eat"":""12""}","[0,1]","",""
