"rt","stimulus","key_press","trial_type","trial_index","time_elapsed","internal_node_id","exp_id","Time","year","month","date","hour","minute","seconds","id","HeartRate","age","Gender","Handedness","mood","fresh","hunger","H_since_Sleep","H_since_Eat","Activity","MentalActivity","responses","question_order","slider_start","response"
"null","<p>Welcome to this 1 min. survey on daily rhythms, body and mood.</p><p>You will be asked to report your heart-rate</p><p>and given some questions about yourself.</p><p>Take the test when prompted and/or at different times of the day/night.</p><p>Please make a personal ID (three letters+ two numbers, e.g. ept23).</p><p>Write it down and use this ID whenever taking the test.</p>","null","html-keyboard-response","0","10004","0.0-0.0","ade08y","Thu Sep 08 2022 16:33:44 GMT+0200 (CEST)","2022","9","8","16","33","44","mia23","87","23","female","right","57","16","25","8","2","Working, Studying","Inner voice","","","",""
"60315","","","survey-text","1","70347","0.0-1.0","ade08y","Thu Sep 08 2022 16:33:44 GMT+0200 (CEST)","2022","9","8","16","33","44","mia23","87","23","female","right","57","16","25","8","2","Working, Studying","Inner voice","{""Q0"":""mia23""}","","",""
"26364","","","survey-multi-choice","2","96715","0.0-2.0","ade08y","Thu Sep 08 2022 16:33:44 GMT+0200 (CEST)","2022","9","8","16","33","44","mia23","87","23","female","right","57","16","25","8","2","Working, Studying","Inner voice","{""HeartRate"":""87""}","[0]","",""
"3071","","","survey-text","3","99794","0.0-3.0","ade08y","Thu Sep 08 2022 16:33:44 GMT+0200 (CEST)","2022","9","8","16","33","44","mia23","87","23","female","right","57","16","25","8","2","Working, Studying","Inner voice","{""Q0"":""23""}","","",""
"3683","","","survey-multi-choice","4","103479","0.0-4.0","ade08y","Thu Sep 08 2022 16:33:44 GMT+0200 (CEST)","2022","9","8","16","33","44","mia23","87","23","female","right","57","16","25","8","2","Working, Studying","Inner voice","{""Gender"":""female"",""Hand"":""right""}","[0,1]","",""
"51479","<p>How Sad/Angry or Happy are you right now?</p>","","html-slider-response","5","154958","0.0-5.0","ade08y","Thu Sep 08 2022 16:33:44 GMT+0200 (CEST)","2022","9","8","16","33","44","mia23","87","23","female","right","57","16","25","8","2","Working, Studying","Inner voice","","","50","57"
"5382.999999999971","<p>How Tired/Sleepy/Distracted or Fresh/Awake/Alert are you right now?</p>","","html-slider-response","6","160342","0.0-6.0","ade08y","Thu Sep 08 2022 16:33:44 GMT+0200 (CEST)","2022","9","8","16","33","44","mia23","87","23","female","right","57","16","25","8","2","Working, Studying","Inner voice","","","50","16"
"2998","<p>How Hungry or Satiated are you right now?</p>","","html-slider-response","7","163341","0.0-7.0","ade08y","Thu Sep 08 2022 16:33:44 GMT+0200 (CEST)","2022","9","8","16","33","44","mia23","87","23","female","right","57","16","25","8","2","Working, Studying","Inner voice","","","50","25"
"21201","","","survey-multi-choice","8","184545","0.0-8.0","ade08y","Thu Sep 08 2022 16:33:44 GMT+0200 (CEST)","2022","9","8","16","33","44","mia23","87","23","female","right","57","16","25","8","2","Working, Studying","Inner voice","{""Sleep"":""8"",""Eat"":""2""}","[0,1]","",""
"8062","","","survey-multi-choice","9","192610","0.0-9.0","ade08y","Thu Sep 08 2022 16:33:44 GMT+0200 (CEST)","2022","9","8","16","33","44","mia23","87","23","female","right","57","16","25","8","2","Working, Studying","Inner voice","{""Activity"":""Working, Studying""}","[0]","",""
"10396","","","survey-multi-choice","10","203012","0.0-10.0","ade08y","Thu Sep 08 2022 16:33:44 GMT+0200 (CEST)","2022","9","8","16","33","44","mia23","87","23","female","right","57","16","25","8","2","Working, Studying","Inner voice","{""MentalActivity"":""Inner voice""}","[0]","",""
