"rt","stimulus","key_press","trial_type","trial_index","time_elapsed","internal_node_id","exp_id","Time","year","month","date","hour","minute","seconds","id","Activity","MentalActivity","HeartRate","age","Gender","Handedness","mood","fresh","hunger","H_since_Sleep","H_since_Eat","responses","question_order","slider_start","response"
"null","<p>Welcome to this 1 min. survey on daily rhythms, body and mood.</p><p>You will be asked to report your heart-rate</p><p>and given some questions about yourself.</p><p>Take the test when prompted and/or at different times of the day/night.</p><p>Please make a personal ID (three letters+ two numbers, e.g. ept23).</p><p>Write it down and use this ID whenever taking the test.</p>","null","html-keyboard-response","0","10006","0.0-0.0","ado6yc","Sat Sep 10 2022 13:48:20 GMT+0200 (CEST)","2022","9","10","13","48","20","qwe12","Working, Studying","Inner voice","76","49","male","right","65","67","34","6","0","","","",""
"8461","","","survey-text","1","18487","0.0-1.0","ado6yc","Sat Sep 10 2022 13:48:20 GMT+0200 (CEST)","2022","9","10","13","48","20","qwe12","Working, Studying","Inner voice","76","49","male","right","65","67","34","6","0","{""Q0"":""qwe12""}","","",""
"6724","","","survey-multi-choice","2","25215","0.0-2.0","ado6yc","Sat Sep 10 2022 13:48:20 GMT+0200 (CEST)","2022","9","10","13","48","20","qwe12","Working, Studying","Inner voice","76","49","male","right","65","67","34","6","0","{""Activity"":""Working, Studying""}","[0]","",""
"3683","","","survey-multi-choice","3","28900","0.0-3.0","ado6yc","Sat Sep 10 2022 13:48:20 GMT+0200 (CEST)","2022","9","10","13","48","20","qwe12","Working, Studying","Inner voice","76","49","male","right","65","67","34","6","0","{""MentalActivity"":""Inner voice""}","[0]","",""
"6860","","","survey-multi-choice","4","35766","0.0-4.0","ado6yc","Sat Sep 10 2022 13:48:20 GMT+0200 (CEST)","2022","9","10","13","48","20","qwe12","Working, Studying","Inner voice","76","49","male","right","65","67","34","6","0","{""HeartRate"":""76""}","[0]","",""
"3959.0000000000073","","","survey-text","5","39733","0.0-5.0","ado6yc","Sat Sep 10 2022 13:48:20 GMT+0200 (CEST)","2022","9","10","13","48","20","qwe12","Working, Studying","Inner voice","76","49","male","right","65","67","34","6","0","{""Q0"":""49""}","","",""
"3730.9999999999927","","","survey-multi-choice","6","43468","0.0-6.0","ado6yc","Sat Sep 10 2022 13:48:20 GMT+0200 (CEST)","2022","9","10","13","48","20","qwe12","Working, Studying","Inner voice","76","49","male","right","65","67","34","6","0","{""Gender"":""male"",""Hand"":""right""}","[0,1]","",""
"4145","<p>How Sad/Angry or Happy are you right now?</p>","","html-slider-response","7","47617","0.0-7.0","ado6yc","Sat Sep 10 2022 13:48:20 GMT+0200 (CEST)","2022","9","10","13","48","20","qwe12","Working, Studying","Inner voice","76","49","male","right","65","67","34","6","0","","","50","65"
"5211","<p>How Tired/Sleepy/Distracted or Fresh/Awake/Alert are you right now?</p>","","html-slider-response","8","52831","0.0-8.0","ado6yc","Sat Sep 10 2022 13:48:20 GMT+0200 (CEST)","2022","9","10","13","48","20","qwe12","Working, Studying","Inner voice","76","49","male","right","65","67","34","6","0","","","50","67"
"5044.000000000007","<p>How Hungry or Satiated are you right now?</p>","","html-slider-response","9","57877","0.0-9.0","ado6yc","Sat Sep 10 2022 13:48:20 GMT+0200 (CEST)","2022","9","10","13","48","20","qwe12","Working, Studying","Inner voice","76","49","male","right","65","67","34","6","0","","","50","34"
"22688","","","survey-multi-choice","10","80569","0.0-10.0","ado6yc","Sat Sep 10 2022 13:48:20 GMT+0200 (CEST)","2022","9","10","13","48","20","qwe12","Working, Studying","Inner voice","76","49","male","right","65","67","34","6","0","{""Sleep"":""6"",""Eat"":""0""}","[0,1]","",""
