"rt","stimulus","key_press","trial_type","trial_index","time_elapsed","internal_node_id","exp_id","Time","year","month","date","hour","minute","seconds","id","Activity","MentalActivity","HeartRate","age","Gender","Handedness","mood","fresh","hunger","H_since_Sleep","H_since_Eat","responses","question_order","slider_start","response"
"null","<p>Welcome to this 1 min. survey on daily rhythms, body and mood.</p><p>You will be asked to report your heart-rate</p><p>and given some questions about yourself.</p><p>Take the test when prompted and/or at different times of the day/night.</p><p>Please make a personal ID (three letters+ two numbers, e.g. ept23).</p><p>Write it down and use this ID whenever taking the test.</p>","null","html-keyboard-response","0","10011","0.0-0.0","qv1p3q","Sun Sep 25 2022 19:56:41 GMT+0200 (CEST)","2022","9","25","19","56","41","www12","Other","Inner voice","56","25","male","right","52","61","69","12","2","","","",""
"8079.000000000004","","","survey-text","1","18117","0.0-1.0","qv1p3q","Sun Sep 25 2022 19:56:41 GMT+0200 (CEST)","2022","9","25","19","56","41","www12","Other","Inner voice","56","25","male","right","52","61","69","12","2","{""Q0"":""www12""}","","",""
"14220","","","survey-multi-choice","2","32347","0.0-2.0","qv1p3q","Sun Sep 25 2022 19:56:41 GMT+0200 (CEST)","2022","9","25","19","56","41","www12","Other","Inner voice","56","25","male","right","52","61","69","12","2","{""Activity"":""Other""}","[0]","",""
"3963","","","survey-multi-choice","3","36315","0.0-3.0","qv1p3q","Sun Sep 25 2022 19:56:41 GMT+0200 (CEST)","2022","9","25","19","56","41","www12","Other","Inner voice","56","25","male","right","52","61","69","12","2","{""MentalActivity"":""Inner voice""}","[0]","",""
"8738","","","survey-multi-choice","4","45067","0.0-4.0","qv1p3q","Sun Sep 25 2022 19:56:41 GMT+0200 (CEST)","2022","9","25","19","56","41","www12","Other","Inner voice","56","25","male","right","52","61","69","12","2","{""HeartRate"":""56""}","[0]","",""
"3701.9999999999927","","","survey-text","5","48781","0.0-5.0","qv1p3q","Sun Sep 25 2022 19:56:41 GMT+0200 (CEST)","2022","9","25","19","56","41","www12","Other","Inner voice","56","25","male","right","52","61","69","12","2","{""Q0"":""25""}","","",""
"3400","","","survey-multi-choice","6","52185","0.0-6.0","qv1p3q","Sun Sep 25 2022 19:56:41 GMT+0200 (CEST)","2022","9","25","19","56","41","www12","Other","Inner voice","56","25","male","right","52","61","69","12","2","{""Gender"":""male"",""Hand"":""right""}","[0,1]","",""
"3017","<p>How Sad/Angry or Happy are you right now?</p>","","html-slider-response","7","55211","0.0-7.0","qv1p3q","Sun Sep 25 2022 19:56:41 GMT+0200 (CEST)","2022","9","25","19","56","41","www12","Other","Inner voice","56","25","male","right","52","61","69","12","2","","","50","52"
"4211","<p>How Tired/Sleepy/Distracted or Fresh/Awake/Alert are you right now?</p>","","html-slider-response","8","59425","0.0-8.0","qv1p3q","Sun Sep 25 2022 19:56:41 GMT+0200 (CEST)","2022","9","25","19","56","41","www12","Other","Inner voice","56","25","male","right","52","61","69","12","2","","","50","61"
"4461","<p>How Hungry or Satiated are you right now?</p>","","html-slider-response","9","63890","0.0-9.0","qv1p3q","Sun Sep 25 2022 19:56:41 GMT+0200 (CEST)","2022","9","25","19","56","41","www12","Other","Inner voice","56","25","male","right","52","61","69","12","2","","","50","69"
"25645","","","survey-multi-choice","10","89544","0.0-10.0","qv1p3q","Sun Sep 25 2022 19:56:41 GMT+0200 (CEST)","2022","9","25","19","56","41","www12","Other","Inner voice","56","25","male","right","52","61","69","12","2","{""Sleep"":""12"",""Eat"":""2""}","[0,1]","",""
