"rt","stimulus","key_press","trial_type","trial_index","time_elapsed","internal_node_id","exp_id","Time","year","month","date","hour","minute","seconds","id","Activity","MentalActivity","HeartRate","age","Gender","Handedness","mood","fresh","hunger","H_since_Sleep","H_since_Eat","responses","question_order","slider_start","response"
"null","<p>Welcome to this 1 min. survey on daily rhythms, body and mood.</p><p>You will be asked to report your heart-rate</p><p>and given some questions about yourself.</p><p>Take the test when prompted and/or at different times of the day/night.</p><p>Please make a personal ID (three letters+ two numbers, e.g. ept23).</p><p>Write it down and use this ID whenever taking the test.</p>","null","html-keyboard-response","0","10022","0.0-0.0","v0dcrb","Thu Sep 08 2022 21:41:05 GMT+0200 (Central European Summer Time)","2022","9","8","21","41","5","POP33","Chatting","Unsymbolized thinking","69","25","female","right","93","13","42","15","3","","","",""
"36996.19999998808","","","survey-text","1","47053","0.0-1.0","v0dcrb","Thu Sep 08 2022 21:41:05 GMT+0200 (Central European Summer Time)","2022","9","8","21","41","5","POP33","Chatting","Unsymbolized thinking","69","25","female","right","93","13","42","15","3","{""Q0"":""POP33""}","","",""
"58616.19999998808","","","survey-multi-choice","2","105688","0.0-2.0","v0dcrb","Thu Sep 08 2022 21:41:05 GMT+0200 (Central European Summer Time)","2022","9","8","21","41","5","POP33","Chatting","Unsymbolized thinking","69","25","female","right","93","13","42","15","3","{""Activity"":""Chatting""}","[0]","",""
"13002.699999988079","","","survey-multi-choice","3","118698","0.0-3.0","v0dcrb","Thu Sep 08 2022 21:41:05 GMT+0200 (Central European Summer Time)","2022","9","8","21","41","5","POP33","Chatting","Unsymbolized thinking","69","25","female","right","93","13","42","15","3","{""MentalActivity"":""Unsymbolized thinking""}","[0]","",""
"14847.200000017881","","","survey-multi-choice","4","133563","0.0-4.0","v0dcrb","Thu Sep 08 2022 21:41:05 GMT+0200 (Central European Summer Time)","2022","9","8","21","41","5","POP33","Chatting","Unsymbolized thinking","69","25","female","right","93","13","42","15","3","{""HeartRate"":""69""}","[0]","",""
"3903.7000000178814","","","survey-text","5","137479","0.0-5.0","v0dcrb","Thu Sep 08 2022 21:41:05 GMT+0200 (Central European Summer Time)","2022","9","8","21","41","5","POP33","Chatting","Unsymbolized thinking","69","25","female","right","93","13","42","15","3","{""Q0"":""25""}","","",""
"5959.100000023842","","","survey-multi-choice","6","143451","0.0-6.0","v0dcrb","Thu Sep 08 2022 21:41:05 GMT+0200 (Central European Summer Time)","2022","9","8","21","41","5","POP33","Chatting","Unsymbolized thinking","69","25","female","right","93","13","42","15","3","{""Gender"":""female"",""Hand"":""right""}","[0,1]","",""
"10610.100000023842","<p>How Sad/Angry or Happy are you right now?</p>","","html-slider-response","7","154069","0.0-7.0","v0dcrb","Thu Sep 08 2022 21:41:05 GMT+0200 (Central European Summer Time)","2022","9","8","21","41","5","POP33","Chatting","Unsymbolized thinking","69","25","female","right","93","13","42","15","3","","","50","93"
"7885.799999982119","<p>How Tired/Sleepy/Distracted or Fresh/Awake/Alert are you right now?</p>","","html-slider-response","8","161961","0.0-8.0","v0dcrb","Thu Sep 08 2022 21:41:05 GMT+0200 (Central European Summer Time)","2022","9","8","21","41","5","POP33","Chatting","Unsymbolized thinking","69","25","female","right","93","13","42","15","3","","","50","13"
"7769.5","<p>How Hungry or Satiated are you right now?</p>","","html-slider-response","9","169736","0.0-9.0","v0dcrb","Thu Sep 08 2022 21:41:05 GMT+0200 (Central European Summer Time)","2022","9","8","21","41","5","POP33","Chatting","Unsymbolized thinking","69","25","female","right","93","13","42","15","3","","","50","42"
"54625.20000001788","","","survey-multi-choice","10","224371","0.0-10.0","v0dcrb","Thu Sep 08 2022 21:41:05 GMT+0200 (Central European Summer Time)","2022","9","8","21","41","5","POP33","Chatting","Unsymbolized thinking","69","25","female","right","93","13","42","15","3","{""Sleep"":""15"",""Eat"":""3""}","[0,1]","",""
