"rt","stimulus","key_press","trial_type","trial_index","time_elapsed","internal_node_id","exp_id","Time","year","month","date","hour","minute","seconds","id","Activity","MentalActivity","HeartRate","age","Gender","Handedness","mood","fresh","hunger","H_since_Sleep","H_since_Eat","responses","question_order","slider_start","response"
"null","<p>Welcome to this 1 min. survey on daily rhythms, body and mood.</p><p>You will be asked to report your heart-rate</p><p>and given some questions about yourself.</p><p>Take the test when prompted and/or at different times of the day/night.</p><p>Please make a personal ID (three letters+ two numbers, e.g. ept23).</p><p>Write it down and use this ID whenever taking the test.</p>","null","html-keyboard-response","0","10009","0.0-0.0","seey0c","Fri Sep 23 2022 09:11:41 GMT+0200 (CEST)","2022","9","23","9","11","41","dan72","Eating","Feelings","66","23","female","left","74","13","100","1","0","","","",""
"17510","","","survey-text","1","27580","0.0-1.0","seey0c","Fri Sep 23 2022 09:11:41 GMT+0200 (CEST)","2022","9","23","9","11","41","dan72","Eating","Feelings","66","23","female","left","74","13","100","1","0","{""Q0"":""dan72""}","","",""
"6194","","","survey-multi-choice","2","33781","0.0-2.0","seey0c","Fri Sep 23 2022 09:11:41 GMT+0200 (CEST)","2022","9","23","9","11","41","dan72","Eating","Feelings","66","23","female","left","74","13","100","1","0","{""Activity"":""Eating""}","[0]","",""
"6207","","","survey-multi-choice","3","39993","0.0-3.0","seey0c","Fri Sep 23 2022 09:11:41 GMT+0200 (CEST)","2022","9","23","9","11","41","dan72","Eating","Feelings","66","23","female","left","74","13","100","1","0","{""MentalActivity"":""Feelings""}","[0]","",""
"38776","","","survey-multi-choice","4","78779","0.0-4.0","seey0c","Fri Sep 23 2022 09:11:41 GMT+0200 (CEST)","2022","9","23","9","11","41","dan72","Eating","Feelings","66","23","female","left","74","13","100","1","0","{""HeartRate"":""66""}","[0]","",""
"2937","","","survey-text","5","81728","0.0-5.0","seey0c","Fri Sep 23 2022 09:11:41 GMT+0200 (CEST)","2022","9","23","9","11","41","dan72","Eating","Feelings","66","23","female","left","74","13","100","1","0","{""Q0"":""23""}","","",""
"3075.9999999999854","","","survey-multi-choice","6","84808","0.0-6.0","seey0c","Fri Sep 23 2022 09:11:41 GMT+0200 (CEST)","2022","9","23","9","11","41","dan72","Eating","Feelings","66","23","female","left","74","13","100","1","0","{""Gender"":""female"",""Hand"":""left""}","[0,1]","",""
"10261","<p>How Sad/Angry or Happy are you right now?</p>","","html-slider-response","7","95078","0.0-7.0","seey0c","Fri Sep 23 2022 09:11:41 GMT+0200 (CEST)","2022","9","23","9","11","41","dan72","Eating","Feelings","66","23","female","left","74","13","100","1","0","","","50","74"
"5485","<p>How Tired/Sleepy/Distracted or Fresh/Awake/Alert are you right now?</p>","","html-slider-response","8","100568","0.0-8.0","seey0c","Fri Sep 23 2022 09:11:41 GMT+0200 (CEST)","2022","9","23","9","11","41","dan72","Eating","Feelings","66","23","female","left","74","13","100","1","0","","","50","13"
"2939.0000000000146","<p>How Hungry or Satiated are you right now?</p>","","html-slider-response","9","103513","0.0-9.0","seey0c","Fri Sep 23 2022 09:11:41 GMT+0200 (CEST)","2022","9","23","9","11","41","dan72","Eating","Feelings","66","23","female","left","74","13","100","1","0","","","50","100"
"8729.999999999985","","","survey-multi-choice","10","112252","0.0-10.0","seey0c","Fri Sep 23 2022 09:11:41 GMT+0200 (CEST)","2022","9","23","9","11","41","dan72","Eating","Feelings","66","23","female","left","74","13","100","1","0","{""Sleep"":""1"",""Eat"":""0""}","[0,1]","",""
