"rt","stimulus","key_press","trial_type","trial_index","time_elapsed","internal_node_id","exp_id","Time","year","month","date","hour","minute","seconds","id","Activity","MentalActivity","HeartRate","age","Gender","Handedness","mood","fresh","hunger","H_since_Sleep","H_since_Eat","responses","question_order","slider_start","response"
"null","<p>Welcome to this 1 min. survey on daily rhythms, body and mood.</p><p>You will be asked to report your heart-rate</p><p>and given some questions about yourself.</p><p>Take the test when prompted and/or at different times of the day/night.</p><p>Please make a personal ID (three letters+ two numbers, e.g. ept23).</p><p>Write it down and use this ID whenever taking the test.</p>","null","html-keyboard-response","0","10016","0.0-0.0","px95de","Mon Sep 19 2022 21:13:10 GMT+0200 (CEST)","2022","9","19","21","13","10","lex70","Being on the Internet","Inner seeing","66","21","female","right","70","35","62","16","2","","","",""
"7511","","","survey-text","1","17560","0.0-1.0","px95de","Mon Sep 19 2022 21:13:10 GMT+0200 (CEST)","2022","9","19","21","13","10","lex70","Being on the Internet","Inner seeing","66","21","female","right","70","35","62","16","2","{""Q0"":""lex70""}","","",""
"10155","","","survey-multi-choice","2","27721","0.0-2.0","px95de","Mon Sep 19 2022 21:13:10 GMT+0200 (CEST)","2022","9","19","21","13","10","lex70","Being on the Internet","Inner seeing","66","21","female","right","70","35","62","16","2","{""Activity"":""Being on the Internet""}","[0]","",""
"7456.000000000007","","","survey-multi-choice","3","35181","0.0-3.0","px95de","Mon Sep 19 2022 21:13:10 GMT+0200 (CEST)","2022","9","19","21","13","10","lex70","Being on the Internet","Inner seeing","66","21","female","right","70","35","62","16","2","{""MentalActivity"":""Inner seeing""}","[0]","",""
"69474","","","survey-multi-choice","4","104663","0.0-4.0","px95de","Mon Sep 19 2022 21:13:10 GMT+0200 (CEST)","2022","9","19","21","13","10","lex70","Being on the Internet","Inner seeing","66","21","female","right","70","35","62","16","2","{""HeartRate"":""66""}","[0]","",""
"3173","","","survey-text","5","107861","0.0-5.0","px95de","Mon Sep 19 2022 21:13:10 GMT+0200 (CEST)","2022","9","19","21","13","10","lex70","Being on the Internet","Inner seeing","66","21","female","right","70","35","62","16","2","{""Q0"":""21""}","","",""
"3994.9999999999854","","","survey-multi-choice","6","111861","0.0-6.0","px95de","Mon Sep 19 2022 21:13:10 GMT+0200 (CEST)","2022","9","19","21","13","10","lex70","Being on the Internet","Inner seeing","66","21","female","right","70","35","62","16","2","{""Gender"":""female"",""Hand"":""right""}","[0,1]","",""
"4798.999999999985","<p>How Sad/Angry or Happy are you right now?</p>","","html-slider-response","7","116668","0.0-7.0","px95de","Mon Sep 19 2022 21:13:10 GMT+0200 (CEST)","2022","9","19","21","13","10","lex70","Being on the Internet","Inner seeing","66","21","female","right","70","35","62","16","2","","","50","70"
"6006","<p>How Tired/Sleepy/Distracted or Fresh/Awake/Alert are you right now?</p>","","html-slider-response","8","122679","0.0-8.0","px95de","Mon Sep 19 2022 21:13:10 GMT+0200 (CEST)","2022","9","19","21","13","10","lex70","Being on the Internet","Inner seeing","66","21","female","right","70","35","62","16","2","","","50","35"
"5810.999999999985","<p>How Hungry or Satiated are you right now?</p>","","html-slider-response","9","128496","0.0-9.0","px95de","Mon Sep 19 2022 21:13:10 GMT+0200 (CEST)","2022","9","19","21","13","10","lex70","Being on the Internet","Inner seeing","66","21","female","right","70","35","62","16","2","","","50","62"
"33215.000000000015","","","survey-multi-choice","10","161722","0.0-10.0","px95de","Mon Sep 19 2022 21:13:10 GMT+0200 (CEST)","2022","9","19","21","13","10","lex70","Being on the Internet","Inner seeing","66","21","female","right","70","35","62","16","2","{""Sleep"":""16"",""Eat"":""2""}","[0,1]","",""
