"rt","stimulus","key_press","trial_type","trial_index","time_elapsed","internal_node_id","exp_id","Time","year","month","date","hour","minute","seconds","id","Activity","MentalActivity","HeartRate","age","Gender","Handedness","mood","fresh","hunger","H_since_Sleep","H_since_Eat","responses","question_order","slider_start","response"
"null","<p>Welcome to this 1 min. survey on daily rhythms, body and mood.</p><p>You will be asked to report your heart-rate</p><p>and given some questions about yourself.</p><p>Take the test when prompted and/or at different times of the day/night.</p><p>Please make a personal ID (three letters+ two numbers, e.g. ept23).</p><p>Write it down and use this ID whenever taking the test.</p>","null","html-keyboard-response","0","10191","0.0-0.0","sgqn8w","Wed Sep 14 2022 11:26:55 GMT+0200 (Centraleuropæisk sommertid)","2022","9","14","11","26","55","Mis27","Housework","Inner voice","84","21","female","left","65","77","50","4","1","","","",""
"34991.200000047684","","","survey-text","1","45206","0.0-1.0","sgqn8w","Wed Sep 14 2022 11:26:55 GMT+0200 (Centraleuropæisk sommertid)","2022","9","14","11","26","55","Mis27","Housework","Inner voice","84","21","female","left","65","77","50","4","1","{""Q0"":""Mis27""}","","",""
"23943.400000035763","","","survey-multi-choice","2","69156","0.0-2.0","sgqn8w","Wed Sep 14 2022 11:26:55 GMT+0200 (Centraleuropæisk sommertid)","2022","9","14","11","26","55","Mis27","Housework","Inner voice","84","21","female","left","65","77","50","4","1","{""Activity"":""Housework""}","[0]","",""
"4268.300000011921","","","survey-multi-choice","3","73434","0.0-3.0","sgqn8w","Wed Sep 14 2022 11:26:55 GMT+0200 (Centraleuropæisk sommertid)","2022","9","14","11","26","55","Mis27","Housework","Inner voice","84","21","female","left","65","77","50","4","1","{""MentalActivity"":""Inner voice""}","[0]","",""
"3683.399999976158","","","survey-multi-choice","4","77141","0.0-4.0","sgqn8w","Wed Sep 14 2022 11:26:55 GMT+0200 (Centraleuropæisk sommertid)","2022","9","14","11","26","55","Mis27","Housework","Inner voice","84","21","female","left","65","77","50","4","1","{""HeartRate"":""84""}","[0]","",""
"3356.800000011921","","","survey-text","5","80518","0.0-5.0","sgqn8w","Wed Sep 14 2022 11:26:55 GMT+0200 (Centraleuropæisk sommertid)","2022","9","14","11","26","55","Mis27","Housework","Inner voice","84","21","female","left","65","77","50","4","1","{""Q0"":""21""}","","",""
"2524.2000000476837","","","survey-multi-choice","6","83049","0.0-6.0","sgqn8w","Wed Sep 14 2022 11:26:55 GMT+0200 (Centraleuropæisk sommertid)","2022","9","14","11","26","55","Mis27","Housework","Inner voice","84","21","female","left","65","77","50","4","1","{""Gender"":""female"",""Hand"":""left""}","[0,1]","",""
"2855.5","<p>How Sad/Angry or Happy are you right now?</p>","","html-slider-response","7","85940","0.0-7.0","sgqn8w","Wed Sep 14 2022 11:26:55 GMT+0200 (Centraleuropæisk sommertid)","2022","9","14","11","26","55","Mis27","Housework","Inner voice","84","21","female","left","65","77","50","4","1","","","50","65"
"4785.5","<p>How Tired/Sleepy/Distracted or Fresh/Awake/Alert are you right now?</p>","","html-slider-response","8","90733","0.0-8.0","sgqn8w","Wed Sep 14 2022 11:26:55 GMT+0200 (Centraleuropæisk sommertid)","2022","9","14","11","26","55","Mis27","Housework","Inner voice","84","21","female","left","65","77","50","4","1","","","50","77"
"2812.400000035763","<p>How Hungry or Satiated are you right now?</p>","","html-slider-response","9","93553","0.0-9.0","sgqn8w","Wed Sep 14 2022 11:26:55 GMT+0200 (Centraleuropæisk sommertid)","2022","9","14","11","26","55","Mis27","Housework","Inner voice","84","21","female","left","65","77","50","4","1","","","50","50"
"49408.80000001192","","","survey-multi-choice","10","142976","0.0-10.0","sgqn8w","Wed Sep 14 2022 11:26:55 GMT+0200 (Centraleuropæisk sommertid)","2022","9","14","11","26","55","Mis27","Housework","Inner voice","84","21","female","left","65","77","50","4","1","{""Sleep"":""4"",""Eat"":""1""}","[0,1]","",""
