"rt","stimulus","key_press","trial_type","trial_index","time_elapsed","internal_node_id","exp_id","Time","year","month","date","hour","minute","seconds","id","Activity","MentalActivity","HeartRate","age","Gender","Handedness","mood","fresh","hunger","H_since_Sleep","H_since_Eat","responses","question_order","slider_start","response"
"null","<p>Welcome to this 1 min. survey on daily rhythms, body and mood.</p><p>You will be asked to report your heart-rate</p><p>and given some questions about yourself.</p><p>Take the test when prompted and/or at different times of the day/night.</p><p>Please make a personal ID (three letters+ two numbers, e.g. ept23).</p><p>Write it down and use this ID whenever taking the test.</p>","null","html-keyboard-response","0","10003","0.0-0.0","10ypdx","Thu Nov 10 2022 13:20:21 GMT+0100 (Central European Standard Time)","2022","11","10","13","20","21","pol12","Working, Studying","Sensory awareness","80","25","female","right","72","72","33","6","2","","","",""
"2830.4000000059605","","","survey-text","1","12841","0.0-1.0","10ypdx","Thu Nov 10 2022 13:20:21 GMT+0100 (Central European Standard Time)","2022","11","10","13","20","21","pol12","Working, Studying","Sensory awareness","80","25","female","right","72","72","33","6","2","{""Q0"":""pol12""}","","",""
"4278.600000008941","","","survey-multi-choice","2","17122","0.0-2.0","10ypdx","Thu Nov 10 2022 13:20:21 GMT+0100 (Central European Standard Time)","2022","11","10","13","20","21","pol12","Working, Studying","Sensory awareness","80","25","female","right","72","72","33","6","2","{""Activity"":""Working, Studying""}","[0]","",""
"3378.0999999940395","","","survey-multi-choice","3","20505","0.0-3.0","10ypdx","Thu Nov 10 2022 13:20:21 GMT+0100 (Central European Standard Time)","2022","11","10","13","20","21","pol12","Working, Studying","Sensory awareness","80","25","female","right","72","72","33","6","2","{""MentalActivity"":""Sensory awareness""}","[0]","",""
"4414.0999999940395","","","survey-multi-choice","4","24925","0.0-4.0","10ypdx","Thu Nov 10 2022 13:20:21 GMT+0100 (Central European Standard Time)","2022","11","10","13","20","21","pol12","Working, Studying","Sensory awareness","80","25","female","right","72","72","33","6","2","{""HeartRate"":""80""}","[0]","",""
"2068.7999999970198","","","survey-text","5","26999","0.0-5.0","10ypdx","Thu Nov 10 2022 13:20:21 GMT+0100 (Central European Standard Time)","2022","11","10","13","20","21","pol12","Working, Studying","Sensory awareness","80","25","female","right","72","72","33","6","2","{""Q0"":""25""}","","",""
"2854","","","survey-multi-choice","6","29855","0.0-6.0","10ypdx","Thu Nov 10 2022 13:20:21 GMT+0100 (Central European Standard Time)","2022","11","10","13","20","21","pol12","Working, Studying","Sensory awareness","80","25","female","right","72","72","33","6","2","{""Gender"":""female"",""Hand"":""right""}","[0,1]","",""
"3178","<p>How Sad/Angry or Happy are you right now?</p>","","html-slider-response","7","33038","0.0-7.0","10ypdx","Thu Nov 10 2022 13:20:21 GMT+0100 (Central European Standard Time)","2022","11","10","13","20","21","pol12","Working, Studying","Sensory awareness","80","25","female","right","72","72","33","6","2","","","50","72"
"3099.5","<p>How Tired/Sleepy/Distracted or Fresh/Awake/Alert are you right now?</p>","","html-slider-response","8","36140","0.0-8.0","10ypdx","Thu Nov 10 2022 13:20:21 GMT+0100 (Central European Standard Time)","2022","11","10","13","20","21","pol12","Working, Studying","Sensory awareness","80","25","female","right","72","72","33","6","2","","","50","72"
"2312.2999999970198","<p>How Hungry or Satiated are you right now?</p>","","html-slider-response","9","38454","0.0-9.0","10ypdx","Thu Nov 10 2022 13:20:21 GMT+0100 (Central European Standard Time)","2022","11","10","13","20","21","pol12","Working, Studying","Sensory awareness","80","25","female","right","72","72","33","6","2","","","50","33"
"14620.70000000298","","","survey-multi-choice","10","53075","0.0-10.0","10ypdx","Thu Nov 10 2022 13:20:21 GMT+0100 (Central European Standard Time)","2022","11","10","13","20","21","pol12","Working, Studying","Sensory awareness","80","25","female","right","72","72","33","6","2","{""Sleep"":""6"",""Eat"":""2""}","[0,1]","",""
