"rt","stimulus","key_press","trial_type","trial_index","time_elapsed","internal_node_id","exp_id","Time","year","month","date","hour","minute","seconds","id","Activity","MentalActivity","HeartRate","age","Gender","Handedness","mood","fresh","hunger","H_since_Sleep","H_since_Eat","responses","question_order","slider_start","response"
"null","<p>Welcome to this 1 min. survey on daily rhythms, body and mood.</p><p>You will be asked to report your heart-rate</p><p>and given some questions about yourself.</p><p>Take the test when prompted and/or at different times of the day/night.</p><p>Please make a personal ID (three letters+ two numbers, e.g. ept23).</p><p>Write it down and use this ID whenever taking the test.</p>","null","html-keyboard-response","0","10020","0.0-0.0","l52kpn","Mon Sep 19 2022 23:09:58 GMT+0200 (Centraleuropæisk sommertid)","2022","9","19","23","9","58","rex13","Playing","Inner voice","54","24","male","right","37","13","50","16","4","","","",""
"7651.60000000149","","","survey-text","1","17715","0.0-1.0","l52kpn","Mon Sep 19 2022 23:09:58 GMT+0200 (Centraleuropæisk sommertid)","2022","9","19","23","9","58","rex13","Playing","Inner voice","54","24","male","right","37","13","50","16","4","{""Q0"":""rex13""}","","",""
"19915.29999999702","","","survey-multi-choice","2","37645","0.0-2.0","l52kpn","Mon Sep 19 2022 23:09:58 GMT+0200 (Centraleuropæisk sommertid)","2022","9","19","23","9","58","rex13","Playing","Inner voice","54","24","male","right","37","13","50","16","4","{""Activity"":""Playing""}","[0]","",""
"9689.29999999702","","","survey-multi-choice","3","47342","0.0-3.0","l52kpn","Mon Sep 19 2022 23:09:58 GMT+0200 (Centraleuropæisk sommertid)","2022","9","19","23","9","58","rex13","Playing","Inner voice","54","24","male","right","37","13","50","16","4","{""MentalActivity"":""Inner voice""}","[0]","",""
"39894","","","survey-multi-choice","4","87256","0.0-4.0","l52kpn","Mon Sep 19 2022 23:09:58 GMT+0200 (Centraleuropæisk sommertid)","2022","9","19","23","9","58","rex13","Playing","Inner voice","54","24","male","right","37","13","50","16","4","{""HeartRate"":""54""}","[0]","",""
"4012.9000000059605","","","survey-text","5","91282","0.0-5.0","l52kpn","Mon Sep 19 2022 23:09:58 GMT+0200 (Centraleuropæisk sommertid)","2022","9","19","23","9","58","rex13","Playing","Inner voice","54","24","male","right","37","13","50","16","4","{""Q0"":""24""}","","",""
"8350","","","survey-multi-choice","6","99642","0.0-6.0","l52kpn","Mon Sep 19 2022 23:09:58 GMT+0200 (Centraleuropæisk sommertid)","2022","9","19","23","9","58","rex13","Playing","Inner voice","54","24","male","right","37","13","50","16","4","{""Gender"":""male"",""Hand"":""right""}","[0,1]","",""
"3241.5","<p>How Sad/Angry or Happy are you right now?</p>","","html-slider-response","7","102894","0.0-7.0","l52kpn","Mon Sep 19 2022 23:09:58 GMT+0200 (Centraleuropæisk sommertid)","2022","9","19","23","9","58","rex13","Playing","Inner voice","54","24","male","right","37","13","50","16","4","","","50","37"
"2691.39999999851","<p>How Tired/Sleepy/Distracted or Fresh/Awake/Alert are you right now?</p>","","html-slider-response","8","105592","0.0-8.0","l52kpn","Mon Sep 19 2022 23:09:58 GMT+0200 (Centraleuropæisk sommertid)","2022","9","19","23","9","58","rex13","Playing","Inner voice","54","24","male","right","37","13","50","16","4","","","50","13"
"2011.2999999970198","<p>How Hungry or Satiated are you right now?</p>","","html-slider-response","9","107609","0.0-9.0","l52kpn","Mon Sep 19 2022 23:09:58 GMT+0200 (Centraleuropæisk sommertid)","2022","9","19","23","9","58","rex13","Playing","Inner voice","54","24","male","right","37","13","50","16","4","","","50","50"
"30207","","","survey-multi-choice","10","137829","0.0-10.0","l52kpn","Mon Sep 19 2022 23:09:58 GMT+0200 (Centraleuropæisk sommertid)","2022","9","19","23","9","58","rex13","Playing","Inner voice","54","24","male","right","37","13","50","16","4","{""Sleep"":""16"",""Eat"":""4""}","[0,1]","",""
